retirement_date,vintage,project,account,beneficial_owner,standard,project_type,retirement_quantity,measurement,type
28 Dec 2016,2010,Scolel té Natural Resources Management and Carbon Sequestration Project (Scolel té Natural Resources Management and Carbon Sequestration Project),,,Plan Vivo,Afforestation / Reforestation,750,PVC (tCO2e),UNIT
26 Feb 2026,2023,Trees for Global Benefits,,time:matters,Plan Vivo,Afforestation / Reforestation,"2,460",PVC (tCO2e),UNIT
25 Feb 2026,2024 - 2025,EthioTrees: Ecosystem restoration and agroforestry by landless and smallholder farmers in Tigray (North Ethiopia),,"Savage X, Inc., Fabletics, LLC",Plan Vivo,Forest Restoration,500,PVC (tCO2e),UNIT
25 Feb 2026,2024 - 2025,EthioTrees: Ecosystem restoration and agroforestry by landless and smallholder farmers in Tigray (North Ethiopia),,Girls' Day School Trust,Plan Vivo,Forest Restoration,398,PVC (tCO2e),UNIT
23 Feb 2026,2023,Trees for Global Benefits,,Operate,Plan Vivo,Afforestation / Reforestation,149,PVC (tCO2e),UNIT
23 Feb 2026,2023,Trees for Global Benefits,,Unitas,Plan Vivo,Afforestation / Reforestation,370,PVC (tCO2e),UNIT
11 Nov 2025,2016,Trees for Global Benefits,,DCA,Plan Vivo,Afforestation / Reforestation,31,PVC (tCO2e),UNIT
11 Nov 2025,2022,Trees for Global Benefits,,Unitas,Plan Vivo,Afforestation / Reforestation,157,PVC (tCO2e),UNIT
11 Nov 2025,2022,Trees for Global Benefits,,DCA,Plan Vivo,Afforestation / Reforestation,"1,288",PVC (tCO2e),UNIT
11 Nov 2025,2016,Trees for Global Benefits,,Classic Africa Safaris,Plan Vivo,Afforestation / Reforestation,51,PVC (tCO2e),UNIT
06 Nov 2025,2024,Vanga Blue Forest,,Teignmouth Maritime Services Limited,Plan Vivo,Forest Conservation & Avoided Deforestation,250,PVC (tCO2e),UNIT
06 Nov 2025,2024,Mikoko Pamoja,,Emily Fripp and Associates Ltd. (trading as Efeca),Plan Vivo,Forest Conservation & Avoided Deforestation,12,PVC (tCO2e),UNIT
16 May 2025,2023 - 2024,EthioTrees: Ecosystem restoration and agroforestry by landless and smallholder farmers in Tigray (North Ethiopia),,Onze-Lieve-Vrouwecollege Oostende,Plan Vivo,Forest Restoration,13,PVC (tCO2e),UNIT
09 Jan 2025,2023 - 2024,EthioTrees: Ecosystem restoration and agroforestry by landless and smallholder farmers in Tigray (North Ethiopia),,Deloitte NSE Services Limited,Plan Vivo,Forest Restoration,109,PVC (tCO2e),UNIT
06 Jan 2025,2023 - 2024,EthioTrees: Ecosystem restoration and agroforestry by landless and smallholder farmers in Tigray (North Ethiopia),,Deloitte NSE Services Limited,Plan Vivo,Forest Restoration,"18,000",PVC (tCO2e),UNIT
21 Feb 2014,2011,ArBolivia,,,Plan Vivo,Afforestation / Reforestation,838,PVC (tCO2e),UNIT
15 Jun 2016,2012,The Yaeda-Eyasi Landscape REDD project(old),,,Plan Vivo,REDD,159,PVC (tCO2e),UNIT
24 Mar 2014,2012,The CommuniTree Carbon Program (formerly Limay Community Carbon Project),,,Plan Vivo,Forest,688,PVC (tCO2e),UNIT
24 Apr 2014,2012,The Yaeda-Eyasi Landscape REDD project(old),,,Plan Vivo,REDD,519,PVC (tCO2e),UNIT
24 Apr 2014,2012,The Yaeda-Eyasi Landscape REDD project(old),,,Plan Vivo,REDD,"1,200",PVC (tCO2e),UNIT
24 Apr 2014,2012,The Yaeda-Eyasi Landscape REDD project(old),,,Plan Vivo,REDD,447,PVC (tCO2e),UNIT
24 Apr 2014,2012,The Yaeda-Eyasi Landscape REDD project(old),,,Plan Vivo,REDD,"1,510",PVC (tCO2e),UNIT
24 Apr 2014,2012,The Yaeda-Eyasi Landscape REDD project(old),,,Plan Vivo,REDD,705,PVC (tCO2e),UNIT
24 Apr 2014,2012,The Yaeda-Eyasi Landscape REDD project(old),,,Plan Vivo,REDD,35,PVC (tCO2e),UNIT
24 Apr 2014,2012,The Yaeda-Eyasi Landscape REDD project(old),,,Plan Vivo,REDD,126,PVC (tCO2e),UNIT
02 Oct 2017,2013,Trees for Global Benefits,,,Plan Vivo,Afforestation / Reforestation,"2,584",PVC (tCO2e),UNIT
08 Aug 2014,2013,Trees for Global Benefits,,,Plan Vivo,Afforestation / Reforestation,"25,531",PVC (tCO2e),UNIT
21 Jul 2014,2010,Trees of Hope,,,Plan Vivo,Afforestation / Reforestation,700,PVC (tCO2e),UNIT
21 Jul 2014,2010,Trees of Hope,,,Plan Vivo,Afforestation / Reforestation,300,PVC (tCO2e),UNIT
29 Sep 2014,2013,Trees for Global Benefits,,,Plan Vivo,Afforestation / Reforestation,"5,000",PVC (tCO2e),UNIT
10 Jul 2019,2017 - 2018,The Yaeda-Eyasi Landscape REDD project(old),,Ellinor Eke,Plan Vivo,REDD,13,PVC (tCO2e),UNIT
15 Feb 2017,2010,Trees of Hope,,,Plan Vivo,Afforestation / Reforestation,394,PVC (tCO2e),UNIT
10 Jul 2019,2017 - 2018,The Yaeda-Eyasi Landscape REDD project(old),,Naturvetarna,Plan Vivo,REDD,267,PVC (tCO2e),UNIT
09 Jul 2019,2016,Khasi Hills Community REDD+ Project: Restoring and Conserving Meghalaya's Hill ForestsThrough Community Action,,Peab Anläggning,Plan Vivo,REDD,1,PVC (tCO2e),UNIT
09 Jul 2019,2016,Khasi Hills Community REDD+ Project: Restoring and Conserving Meghalaya's Hill ForestsThrough Community Action,,UCPA,Plan Vivo,REDD,215,PVC (tCO2e),UNIT
09 Jul 2019,2016,Khasi Hills Community REDD+ Project: Restoring and Conserving Meghalaya's Hill ForestsThrough Community Action,,Another Textile Company,Plan Vivo,REDD,237,PVC (tCO2e),UNIT
09 Jul 2019,2016,Khasi Hills Community REDD+ Project: Restoring and Conserving Meghalaya's Hill ForestsThrough Community Action,,Esri Sverige,Plan Vivo,REDD,211,PVC (tCO2e),UNIT
09 Jul 2019,2016,Khasi Hills Community REDD+ Project: Restoring and Conserving Meghalaya's Hill ForestsThrough Community Action,,Blick Möteskonsult,Plan Vivo,REDD,23,PVC (tCO2e),UNIT
09 Jul 2019,2016,Khasi Hills Community REDD+ Project: Restoring and Conserving Meghalaya's Hill ForestsThrough Community Action,,Reachlog,Plan Vivo,REDD,12,PVC (tCO2e),UNIT
09 Jul 2019,2016,Khasi Hills Community REDD+ Project: Restoring and Conserving Meghalaya's Hill ForestsThrough Community Action,,Julia Senninger,Plan Vivo,REDD,7,PVC (tCO2e),UNIT
09 Jul 2019,2014,Bujang Raba Community PES Project,,Acando,Plan Vivo,REDD,35,PVC (tCO2e),UNIT
12 Dec 2019,2018,Mikoko Pamoja,,GRID-Arendal,Plan Vivo,Forest Conservation & Avoided Deforestation,259,PVC (tCO2e),UNIT
21 Nov 2018,2012 - 2013,Drawa Rainforest Carbon Project,,Probi,Plan Vivo,Improved forest management,294,PVC (tCO2e),UNIT
02 Jul 2018,2016,Khasi Hills Community REDD+ Project: Restoring and Conserving Meghalaya's Hill ForestsThrough Community Action,,,Plan Vivo,REDD,14,PVC (tCO2e),UNIT
02 Jul 2018,2016,Khasi Hills Community REDD+ Project: Restoring and Conserving Meghalaya's Hill ForestsThrough Community Action,,,Plan Vivo,REDD,31,PVC (tCO2e),UNIT
22 Sep 2020,2018,Khasi Hills Community REDD+ Project: Restoring and Conserving Meghalaya's Hill ForestsThrough Community Action,,Provamel,Plan Vivo,REDD,"2,565",PVC (tCO2e),UNIT
15 Feb 2017,2010,Trees of Hope,,,Plan Vivo,Afforestation / Reforestation,394,PVC (tCO2e),UNIT
02 Nov 2022,2021,Mikoko Pamoja,,Ocean Bottle,Plan Vivo,Forest Conservation & Avoided Deforestation,300,PVC (tCO2e),UNIT
22 Jul 2025,2022,gula gula food forest program,,"Siemens Numerical Control Ltd., Nanjing",Plan Vivo,Afforestation / Reforestation,25,PVC (tCO2e),UNIT
19 Sep 2022,2021,Mikoko Pamoja,,TROPIMUNDO,Plan Vivo,Forest Conservation & Avoided Deforestation,101,PVC (tCO2e),UNIT
09 Sep 2022,2016 - 2017,Rehabilitation and sustainable management by AGED of degraded pastures in the Sahel region of Burkina Faso,,Customers CO2logic,Plan Vivo,Afforestation / Reforestation,70,PVC (tCO2e),UNIT
28 Aug 2022,2021,Mikoko Pamoja,,Hannah Lee,Plan Vivo,Forest Conservation & Avoided Deforestation,5,PVC (tCO2e),UNIT
28 Aug 2022,2021,Vanga Blue Forest,,Levin Sources,Plan Vivo,Forest Conservation & Avoided Deforestation,37,PVC (tCO2e),UNIT
28 Aug 2022,2021,Vanga Blue Forest,,The Behavioural Insights Team,Plan Vivo,Forest Conservation & Avoided Deforestation,325,PVC (tCO2e),UNIT
30 May 2023,2021,Trees for Global Benefits,,Långholmen Hotell & Restaurang,Plan Vivo,Afforestation / Reforestation,58,PVC (tCO2e),UNIT
26 Feb 2026,2023,Trees for Global Benefits,,time:matters,Plan Vivo,Afforestation / Reforestation,"2,460",PVC (tCO2e),UNIT
25 Feb 2026,2024 - 2025,EthioTrees: Ecosystem restoration and agroforestry by landless and smallholder farmers in Tigray (North Ethiopia),,"Savage X, Inc., Fabletics, LLC",Plan Vivo,Forest Restoration,500,PVC (tCO2e),UNIT
11 Aug 2022,2011 - 2019,HALO VERDE TIMOR COMMUNITY FOREST CARBON,,TapTree GmbH Campus A1 2 66123 Saarbrücken Germany,Plan Vivo,Afforestation / Reforestation,500,PVC (tCO2e),UNIT
25 Feb 2026,2024 - 2025,EthioTrees: Ecosystem restoration and agroforestry by landless and smallholder farmers in Tigray (North Ethiopia),,Girls' Day School Trust,Plan Vivo,Forest Restoration,398,PVC (tCO2e),UNIT
23 Feb 2026,2023,Trees for Global Benefits,,Operate,Plan Vivo,Afforestation / Reforestation,149,PVC (tCO2e),UNIT
21 Jul 2014,2010,Trees of Hope,,,Plan Vivo,Afforestation / Reforestation,"6,918",PVC (tCO2e),UNIT
04 Jun 2013,2012,The CommuniTree Carbon Program (formerly Limay Community Carbon Project),,,Plan Vivo,Forest,50,PVC (tCO2e),UNIT
14 May 2013,2010,Scolel té Natural Resources Management and Carbon Sequestration Project (Scolel té Natural Resources Management and Carbon Sequestration Project),,,Plan Vivo,Afforestation / Reforestation,2,PVC (tCO2e),UNIT
14 May 2013,2010,Scolel té Natural Resources Management and Carbon Sequestration Project (Scolel té Natural Resources Management and Carbon Sequestration Project),,,Plan Vivo,Afforestation / Reforestation,13,PVC (tCO2e),UNIT
14 May 2013,2010,Scolel té Natural Resources Management and Carbon Sequestration Project (Scolel té Natural Resources Management and Carbon Sequestration Project),,,Plan Vivo,Afforestation / Reforestation,"2,103",PVC (tCO2e),UNIT
25 Jun 2015,2010,Scolel té Natural Resources Management and Carbon Sequestration Project (Scolel té Natural Resources Management and Carbon Sequestration Project),,,Plan Vivo,Afforestation / Reforestation,8,PVC (tCO2e),UNIT
25 Jun 2015,2010,Scolel té Natural Resources Management and Carbon Sequestration Project (Scolel té Natural Resources Management and Carbon Sequestration Project),,,Plan Vivo,Afforestation / Reforestation,12,PVC (tCO2e),UNIT
28 Dec 2016,2010,Scolel té Natural Resources Management and Carbon Sequestration Project (Scolel té Natural Resources Management and Carbon Sequestration Project),,,Plan Vivo,Afforestation / Reforestation,77,PVC (tCO2e),UNIT
18 Feb 2014,2010,ArBolivia,,,Plan Vivo,Afforestation / Reforestation,5,PVC (tCO2e),UNIT
12 Mar 2020,2018,Khasi Hills Community REDD+ Project: Restoring and Conserving Meghalaya's Hill ForestsThrough Community Action,,Gotlandsägg,Plan Vivo,REDD,"1,810",PVC (tCO2e),UNIT
08 Apr 2020,2019 - 2020,EthioTrees: Ecosystem restoration and agroforestry by landless and smallholder farmers in Tigray (North Ethiopia),,S-Group Holding,Plan Vivo,Forest Restoration,"2,000",PVC (tCO2e),UNIT
31 Oct 2023,2022,Trees for Global Benefits,,Compassion in World Farming International,Plan Vivo,Afforestation / Reforestation,110,PVC (tCO2e),UNIT
31 Oct 2023,2022,Trees for Global Benefits,,Maria Nila,Plan Vivo,Afforestation / Reforestation,54,PVC (tCO2e),UNIT
22 Mar 2020,2016 - 2017,The CommuniTree Carbon Program (formerly Limay Community Carbon Project),,myclimate,Plan Vivo,Forest,"3,186",PVC (tCO2e),UNIT
29 Jan 2024,2022,Vanga Blue Forest,,MSc Marine and Lacustrine Science and Management (Oceans & Lakes),Plan Vivo,Forest Conservation & Avoided Deforestation,35,PVC (tCO2e),UNIT
25 Feb 2016,2011,Emiti Nibwo Bulora,,,Plan Vivo,Afforestation / Reforestation,667,PVC (tCO2e),UNIT
25 Feb 2016,2011,Emiti Nibwo Bulora,,,Plan Vivo,Afforestation / Reforestation,975,PVC (tCO2e),UNIT
25 Feb 2016,2011,Emiti Nibwo Bulora,,,Plan Vivo,Afforestation / Reforestation,20,PVC (tCO2e),UNIT
25 Feb 2016,2011,Emiti Nibwo Bulora,,,Plan Vivo,Afforestation / Reforestation,5,PVC (tCO2e),UNIT
25 Feb 2016,2011,Emiti Nibwo Bulora,,,Plan Vivo,Afforestation / Reforestation,3,PVC (tCO2e),UNIT
25 Feb 2016,2011,Emiti Nibwo Bulora,,,Plan Vivo,Afforestation / Reforestation,20,PVC (tCO2e),UNIT
25 Feb 2016,2011,Emiti Nibwo Bulora,,,Plan Vivo,Afforestation / Reforestation,338,PVC (tCO2e),UNIT
25 Feb 2016,2011,Emiti Nibwo Bulora,,,Plan Vivo,Afforestation / Reforestation,84,PVC (tCO2e),UNIT
25 Feb 2016,2011,Emiti Nibwo Bulora,,,Plan Vivo,Afforestation / Reforestation,382,PVC (tCO2e),UNIT
25 Feb 2016,2011,Emiti Nibwo Bulora,,,Plan Vivo,Afforestation / Reforestation,62,PVC (tCO2e),UNIT
25 Feb 2016,2011,Emiti Nibwo Bulora,,,Plan Vivo,Afforestation / Reforestation,60,PVC (tCO2e),UNIT
25 Feb 2016,2011,Emiti Nibwo Bulora,,,Plan Vivo,Afforestation / Reforestation,20,PVC (tCO2e),UNIT
25 Feb 2016,2011,Emiti Nibwo Bulora,,,Plan Vivo,Afforestation / Reforestation,334,PVC (tCO2e),UNIT
25 Feb 2016,2011,Emiti Nibwo Bulora,,,Plan Vivo,Afforestation / Reforestation,20,PVC (tCO2e),UNIT
25 Feb 2016,2011,Emiti Nibwo Bulora,,,Plan Vivo,Afforestation / Reforestation,38,PVC (tCO2e),UNIT
12 Sep 2019,2016,Trees for Global Benefits,,ZeroMission,Plan Vivo,Afforestation / Reforestation,2,PVC (tCO2e),UNIT
15 Feb 2017,2010,Trees of Hope,,,Plan Vivo,Afforestation / Reforestation,394,PVC (tCO2e),UNIT
11 Nov 2025,2016,Trees for Global Benefits,,DCA,Plan Vivo,Afforestation / Reforestation,31,PVC (tCO2e),UNIT
11 Nov 2025,2022,Trees for Global Benefits,,Unitas,Plan Vivo,Afforestation / Reforestation,157,PVC (tCO2e),UNIT
26 Jun 2017,2015 - 2016,Loru Forest Project,,,Plan Vivo,Reduced emissions from deforestation & degradation,25,PVC (tCO2e),UNIT
06 Jul 2017,2015,Khasi Hills Community REDD+ Project: Restoring and Conserving Meghalaya's Hill ForestsThrough Community Action,,,Plan Vivo,REDD,"8,099",PVC (tCO2e),UNIT
30 May 2017,2015 - 2016,Loru Forest Project,,,Plan Vivo,Reduced emissions from deforestation & degradation,10,PVC (tCO2e),UNIT
30 May 2017,2015 - 2016,Loru Forest Project,,,Plan Vivo,Reduced emissions from deforestation & degradation,72,PVC (tCO2e),UNIT
30 May 2017,2015 - 2016,Loru Forest Project,,,Plan Vivo,Reduced emissions from deforestation & degradation,270,PVC (tCO2e),UNIT
30 May 2017,2015 - 2016,Loru Forest Project,,,Plan Vivo,Reduced emissions from deforestation & degradation,18,PVC (tCO2e),UNIT
30 May 2017,2015 - 2016,Loru Forest Project,,,Plan Vivo,Reduced emissions from deforestation & degradation,21,PVC (tCO2e),UNIT
12 Jul 2017,2016,Mikoko Pamoja,,,Plan Vivo,Forest Conservation & Avoided Deforestation,29,PVC (tCO2e),UNIT
22 Mar 2018,2010,Trees for Global Benefits,,,Plan Vivo,Afforestation / Reforestation,"3,033",PVC (tCO2e),UNIT
23 Mar 2017,2014,The CommuniTree Carbon Program (formerly Limay Community Carbon Project),,,Plan Vivo,Forest,784,PVC (tCO2e),UNIT
18 Mar 2017,2012,Khasi Hills Community REDD+ Project: Restoring and Conserving Meghalaya's Hill ForestsThrough Community Action,,,Plan Vivo,REDD,8,PVC (tCO2e),UNIT
07 Sep 2023,2014,Bujang Raba Community PES Project,,Johanna Sabel,Plan Vivo,REDD,10,PVC (tCO2e),UNIT
07 Sep 2023,2022,Trees for Global Benefits,,Max Burgers AB,Plan Vivo,Afforestation / Reforestation,"47,708",PVC (tCO2e),UNIT
07 Sep 2023,2014,Bujang Raba Community PES Project,,Anton Claésson,Plan Vivo,REDD,10,PVC (tCO2e),UNIT
07 Sep 2023,2014,Bujang Raba Community PES Project,,Jenny Blomberg,Plan Vivo,REDD,10,PVC (tCO2e),UNIT
07 Sep 2023,2014,Bujang Raba Community PES Project,,Maria King,Plan Vivo,REDD,10,PVC (tCO2e),UNIT
07 Sep 2023,2014,Bujang Raba Community PES Project,,Henrik Juhlin,Plan Vivo,REDD,10,PVC (tCO2e),UNIT
07 Sep 2023,2014,Bujang Raba Community PES Project,,Erik Schnitzler,Plan Vivo,REDD,10,PVC (tCO2e),UNIT
19 Dec 2025,2024,Mikoko Pamoja,,Pelorus Foundation,Plan Vivo,Forest Conservation & Avoided Deforestation,40,PVC (tCO2e),UNIT
19 Dec 2025,2024,Vanga Blue Forest,,Pelorus Foundation,Plan Vivo,Forest Conservation & Avoided Deforestation,60,PVC (tCO2e),UNIT
28 Dec 2016,2010,Scolel té Natural Resources Management and Carbon Sequestration Project (Scolel té Natural Resources Management and Carbon Sequestration Project),,,Plan Vivo,Afforestation / Reforestation,750,PVC (tCO2e),UNIT
19 Dec 2025,2024,Mikoko Pamoja,,Citizen Zoo,Plan Vivo,Forest Conservation & Avoided Deforestation,33,PVC (tCO2e),UNIT
19 Dec 2025,2024,Vanga Blue Forest,,Global Earthquake Model,Plan Vivo,Forest Conservation & Avoided Deforestation,50,PVC (tCO2e),UNIT
19 Dec 2025,2024,Mikoko Pamoja,,Global Earthquake Model,Plan Vivo,Forest Conservation & Avoided Deforestation,50,PVC (tCO2e),UNIT
19 Dec 2025,2024,Mikoko Pamoja,,Vrije Universiteit Brussel,Plan Vivo,Forest Conservation & Avoided Deforestation,50,PVC (tCO2e),UNIT
28 Dec 2016,2010,Scolel té Natural Resources Management and Carbon Sequestration Project (Scolel té Natural Resources Management and Carbon Sequestration Project),,,Plan Vivo,Afforestation / Reforestation,212,PVC (tCO2e),UNIT
01 Jun 2023,2022,Vanga Blue Forest,,Himaya,Plan Vivo,Forest Conservation & Avoided Deforestation,9,PVC (tCO2e),UNIT
05 Jun 2023,2021 - 2022,The Yaeda-Eyasi Landscape REDD project,,Cato Investments,Plan Vivo,REDD,40,PVC (tCO2e),UNIT
08 Jun 2023,2015 - 2016,Drawa Rainforest Carbon Project,,Matanivusi Beach Resort,Plan Vivo,Improved forest management,144,PVC (tCO2e),UNIT
22 Aug 2023,2021 - 2023,HALO VERDE TIMOR COMMUNITY FOREST CARBON,,HAIRPORT LDA R. BIDA DUARTE BELO 47-49 1200-204 LISBOA. PORTUGAL NIF: 507730097,Plan Vivo,Afforestation / Reforestation,6,PVC (tCO2e),UNIT
21 Aug 2023,2021 - 2023,HALO VERDE TIMOR COMMUNITY FOREST CARBON,,"Wren Climate, PBC 1330 Albina Ave, Albany, CA 94706, USA Organized under the laws of the state of Delaware   Employee Identification Number: 30-1122423  Signatory:  Name: Landon Brand  Title: CEO, Co-Founder",Plan Vivo,Afforestation / Reforestation,"6,000",PVC (tCO2e),UNIT
12 Jun 2023,2022,Mikoko Pamoja,,Ruth Malleson,Plan Vivo,Forest Conservation & Avoided Deforestation,17,PVC (tCO2e),UNIT
12 Jun 2023,2021,Vanga Blue Forest,,Pelorus Foundation,Plan Vivo,Forest Conservation & Avoided Deforestation,113,PVC (tCO2e),UNIT
14 Jun 2023,2021,Vanga Blue Forest,,GRID-Arendal,Plan Vivo,Forest Conservation & Avoided Deforestation,186,PVC (tCO2e),UNIT
21 Jun 2023,2022,Vanga Blue Forest,,Levin Sources,Plan Vivo,Forest Conservation & Avoided Deforestation,36,PVC (tCO2e),UNIT
27 Jun 2023,2021,Mikoko Pamoja,,GEP Communication Group AB,Plan Vivo,Forest Conservation & Avoided Deforestation,158,PVC (tCO2e),UNIT
27 Jun 2023,2022,Mikoko Pamoja,,Atea Norge,Plan Vivo,Forest Conservation & Avoided Deforestation,280,PVC (tCO2e),UNIT
01 Sep 2023,2022,Trees for Global Benefits,,Max Burgers AB,Plan Vivo,Afforestation / Reforestation,"15,000",PVC (tCO2e),UNIT
01 Sep 2023,2022,Trees for Global Benefits,,We Love Burgers AS,Plan Vivo,Afforestation / Reforestation,543,PVC (tCO2e),UNIT
31 Oct 2023,2022,Trees for Global Benefits,,Compassion in World Farming International,Plan Vivo,Afforestation / Reforestation,67,PVC (tCO2e),UNIT
01 Sep 2023,2022,Trees for Global Benefits,,Max Burgers AB,Plan Vivo,Afforestation / Reforestation,"20,000",PVC (tCO2e),UNIT
12 Sep 2019,2018,Trees for Global Benefits,,Arla,Plan Vivo,Afforestation / Reforestation,"4,776",PVC (tCO2e),UNIT
12 Sep 2019,2016,Trees for Global Benefits,,Arla,Plan Vivo,Afforestation / Reforestation,"4,223",PVC (tCO2e),UNIT
12 Sep 2019,2018,Trees for Global Benefits,,MAX Burgers,Plan Vivo,Afforestation / Reforestation,"22,161",PVC (tCO2e),UNIT
12 Sep 2019,2018,Trees for Global Benefits,,MAX Burgers,Plan Vivo,Afforestation / Reforestation,"55,340",PVC (tCO2e),UNIT
12 Sep 2019,2016,Trees for Global Benefits,,MAX Burgers,Plan Vivo,Afforestation / Reforestation,"55,340",PVC (tCO2e),UNIT
12 Sep 2019,2017,Mikoko Pamoja,,Jenny Blomberg,Plan Vivo,Forest Conservation & Avoided Deforestation,1,PVC (tCO2e),UNIT
12 Sep 2019,2016 - 2017,The Yaeda-Eyasi Landscape REDD project(old),,IT-Mästaren,Plan Vivo,REDD,146,PVC (tCO2e),UNIT
12 Sep 2019,2016 - 2017,The Yaeda-Eyasi Landscape REDD project(old),,Bengt Dahlgren Skövde,Plan Vivo,REDD,13,PVC (tCO2e),UNIT
12 Sep 2019,2016 - 2017,The Yaeda-Eyasi Landscape REDD project(old),,Bengt Dahlgren Linköping,Plan Vivo,REDD,10,PVC (tCO2e),UNIT
12 Sep 2019,2016 - 2017,The Yaeda-Eyasi Landscape REDD project(old),,Bengt Dahlgren Syd,Plan Vivo,REDD,37,PVC (tCO2e),UNIT
12 Sep 2019,2016 - 2017,The Yaeda-Eyasi Landscape REDD project(old),,Bengt Dahlgren Stockholm,Plan Vivo,REDD,51,PVC (tCO2e),UNIT
12 Sep 2019,2016 - 2017,The Yaeda-Eyasi Landscape REDD project(old),,Bengt Dahlgren B&R,Plan Vivo,REDD,49,PVC (tCO2e),UNIT
08 Sep 2019,2018,Mikoko Pamoja,,TROPIMUNDO,Plan Vivo,Forest Conservation & Avoided Deforestation,190,PVC (tCO2e),UNIT
27 May 2020,2018 - 2019,The Yaeda-Eyasi Landscape REDD project(old),,Springer Nature Ltd,Plan Vivo,REDD,500,PVC (tCO2e),UNIT
28 Feb 2020,2016,Khasi Hills Community REDD+ Project: Restoring and Conserving Meghalaya's Hill ForestsThrough Community Action,,Reachlog,Plan Vivo,REDD,12,PVC (tCO2e),UNIT
12 Feb 2026,2024,Scolel té Natural Resources Management and Carbon Sequestration Project (Scolel té Natural Resources Management and Carbon Sequestration Project),,0.0.8324225,Plan Vivo,Afforestation / Reforestation,88,PVC (tCO2e),UNIT
30 Dec 2016,2011,Trees for Global Benefits,,,Plan Vivo,Afforestation / Reforestation,40,PVC (tCO2e),UNIT
28 Dec 2016,2010,Scolel té Natural Resources Management and Carbon Sequestration Project (Scolel té Natural Resources Management and Carbon Sequestration Project),,,Plan Vivo,Afforestation / Reforestation,70,PVC (tCO2e),UNIT
28 Dec 2016,2010,Scolel té Natural Resources Management and Carbon Sequestration Project (Scolel té Natural Resources Management and Carbon Sequestration Project),,,Plan Vivo,Afforestation / Reforestation,212,PVC (tCO2e),UNIT
28 Dec 2016,2010,Scolel té Natural Resources Management and Carbon Sequestration Project (Scolel té Natural Resources Management and Carbon Sequestration Project),,,Plan Vivo,Afforestation / Reforestation,750,PVC (tCO2e),UNIT
12 Mar 2026,2022,gula gula food forest program,,Siemens AG,Plan Vivo,Afforestation / Reforestation,154,PVC (tCO2e),UNIT
26 Feb 2026,2023,Trees for Global Benefits,,time:matters,Plan Vivo,Afforestation / Reforestation,"2,460",PVC (tCO2e),UNIT
25 Feb 2026,2024 - 2025,EthioTrees: Ecosystem restoration and agroforestry by landless and smallholder farmers in Tigray (North Ethiopia),,"Savage X, Inc., Fabletics, LLC",Plan Vivo,Forest Restoration,500,PVC (tCO2e),UNIT
25 Feb 2026,2024 - 2025,EthioTrees: Ecosystem restoration and agroforestry by landless and smallholder farmers in Tigray (North Ethiopia),,Girls' Day School Trust,Plan Vivo,Forest Restoration,398,PVC (tCO2e),UNIT
23 Feb 2026,2023,Trees for Global Benefits,,Operate,Plan Vivo,Afforestation / Reforestation,149,PVC (tCO2e),UNIT
23 Feb 2026,2023,Trees for Global Benefits,,Unitas,Plan Vivo,Afforestation / Reforestation,370,PVC (tCO2e),UNIT
09 Jan 2026,2022,gula gula food forest program,,Siemens AG,Plan Vivo,Afforestation / Reforestation,22,PVC (tCO2e),UNIT
12 Dec 2013,2012,Khasi Hills Community REDD+ Project: Restoring and Conserving Meghalaya's Hill ForestsThrough Community Action,,,Plan Vivo,REDD,695,PVC (tCO2e),UNIT
25 Jun 2015,2010,Scolel té Natural Resources Management and Carbon Sequestration Project (Scolel té Natural Resources Management and Carbon Sequestration Project),,,Plan Vivo,Afforestation / Reforestation,8,PVC (tCO2e),UNIT
25 Jun 2015,2010,Scolel té Natural Resources Management and Carbon Sequestration Project (Scolel té Natural Resources Management and Carbon Sequestration Project),,,Plan Vivo,Afforestation / Reforestation,12,PVC (tCO2e),UNIT
24 Oct 2018,2016,Trees for Global Benefits,,LFC Dressyr,Plan Vivo,Afforestation / Reforestation,1,PVC (tCO2e),UNIT
15 Sep 2017,2016,ArBolivia,,,Plan Vivo,Afforestation / Reforestation,"2,437",PVC (tCO2e),UNIT
15 Sep 2017,2016,ArBolivia,,,Plan Vivo,Afforestation / Reforestation,"1,000",PVC (tCO2e),UNIT
15 Sep 2017,2011,ArBolivia,,,Plan Vivo,Afforestation / Reforestation,22,PVC (tCO2e),UNIT
02 Oct 2017,2013,Trees for Global Benefits,,,Plan Vivo,Afforestation / Reforestation,"11,699",PVC (tCO2e),UNIT
02 Oct 2017,2016,Trees for Global Benefits,,,Plan Vivo,Afforestation / Reforestation,"2,723",PVC (tCO2e),UNIT
02 Oct 2017,2013,Trees for Global Benefits,,,Plan Vivo,Afforestation / Reforestation,20,PVC (tCO2e),UNIT
02 Oct 2017,2013,Trees for Global Benefits,,,Plan Vivo,Afforestation / Reforestation,66,PVC (tCO2e),UNIT
02 Oct 2017,2013,Trees for Global Benefits,,,Plan Vivo,Afforestation / Reforestation,20,PVC (tCO2e),UNIT
02 Oct 2017,2013,Trees for Global Benefits,,,Plan Vivo,Afforestation / Reforestation,30,PVC (tCO2e),UNIT
02 Oct 2017,2016,Trees for Global Benefits,,,Plan Vivo,Afforestation / Reforestation,587,PVC (tCO2e),UNIT
02 Oct 2017,2016,Trees for Global Benefits,,,Plan Vivo,Afforestation / Reforestation,86,PVC (tCO2e),UNIT
02 Oct 2017,2016,Trees for Global Benefits,,,Plan Vivo,Afforestation / Reforestation,106,PVC (tCO2e),UNIT
02 Oct 2017,2016,Trees for Global Benefits,,,Plan Vivo,Afforestation / Reforestation,230,PVC (tCO2e),UNIT
02 Oct 2017,2016,Trees for Global Benefits,,,Plan Vivo,Afforestation / Reforestation,75,PVC (tCO2e),UNIT
18 Mar 2019,2017 - 2018,The CommuniTree Carbon Program (formerly Limay Community Carbon Project),,myclimate,Plan Vivo,Forest,"6,296",PVC (tCO2e),UNIT
18 Mar 2019,2016 - 2017,The CommuniTree Carbon Program (formerly Limay Community Carbon Project),,myclimate,Plan Vivo,Forest,380,PVC (tCO2e),UNIT
18 Mar 2019,2017 - 2018,The CommuniTree Carbon Program (formerly Limay Community Carbon Project),,myclimate,Plan Vivo,Forest,"2,721",PVC (tCO2e),UNIT
04 Jun 2021,2016 - 2017,The Yaeda-Eyasi Landscape REDD project(old),,Kloeber,Plan Vivo,REDD,50,PVC (tCO2e),UNIT
28 Feb 2020,2016,Khasi Hills Community REDD+ Project: Restoring and Conserving Meghalaya's Hill ForestsThrough Community Action,,Reachlog,Plan Vivo,REDD,12,PVC (tCO2e),UNIT
14 Sep 2020,2019,Mikoko Pamoja,,Common Seas,Plan Vivo,Forest Conservation & Avoided Deforestation,26,PVC (tCO2e),UNIT
22 Sep 2020,2018,Khasi Hills Community REDD+ Project: Restoring and Conserving Meghalaya's Hill ForestsThrough Community Action,,Provamel,Plan Vivo,REDD,"2,565",PVC (tCO2e),UNIT
08 Dec 2022,2015 - 2016,Loru Forest Project,,,Plan Vivo,Reduced emissions from deforestation & degradation,391,PVC (tCO2e),UNIT
28 Jun 2022,2019,gula gula food forest program,,Bink lustrum reis,Plan Vivo,Afforestation / Reforestation,30,PVC (tCO2e),UNIT
17 Jun 2022,2021 - 2022,The Yaeda-Eyasi Landscape REDD project,,ARCADIA,Plan Vivo,REDD,"5,940",PVC (tCO2e),UNIT
08 Jun 2022,2021,Trees for Global Benefits,,ICANIWILL AB,Plan Vivo,Afforestation / Reforestation,"2,501",PVC (tCO2e),UNIT
30 May 2022,2011 - 2019,HALO VERDE TIMOR COMMUNITY FOREST CARBON,,"Klimate ApS Hauser Plads 30a, st. 1127 Copenhagen K, Denmark",Plan Vivo,Afforestation / Reforestation,"1,000",PVC (tCO2e),UNIT
16 May 2022,2021,Vanga Blue Forest,,"Master of Science in Marine and Lacustrine Science and Management (Oceans & Lakes), Vrije Universiteit Brussel",Plan Vivo,Forest Conservation & Avoided Deforestation,50,PVC (tCO2e),UNIT
06 May 2022,2011 - 2019,HALO VERDE TIMOR COMMUNITY FOREST CARBON,,"Klimate ApS Hauser Plads 30a, st. 1127 Copenhagen K, Denmark",Plan Vivo,Afforestation / Reforestation,"1,000",PVC (tCO2e),UNIT
26 Apr 2022,2011 - 2019,HALO VERDE TIMOR COMMUNITY FOREST CARBON,,"DALBERG DEVELOPMENT ADVSORS PVT. LTD, , The atrium, Chaka road, Kilimani, Nairobi",Plan Vivo,Afforestation / Reforestation,350,PVC (tCO2e),UNIT
18 Mar 2019,2014,The CommuniTree Carbon Program (formerly Limay Community Carbon Project),,myclimate,Plan Vivo,Forest,"3,516",PVC (tCO2e),UNIT
11 Mar 2019,2017 - 2018,The Yaeda-Eyasi Landscape REDD project(old),,Carbon Tanzania,Plan Vivo,REDD,193,PVC (tCO2e),UNIT
11 Mar 2019,2017 - 2018,The Yaeda-Eyasi Landscape REDD project(old),,HRSV / FEMI,Plan Vivo,REDD,46,PVC (tCO2e),UNIT
11 Mar 2019,2017 - 2018,The Yaeda-Eyasi Landscape REDD project(old),,Kisim Ngeda Tented Camp,Plan Vivo,REDD,36,PVC (tCO2e),UNIT
11 Mar 2019,2017 - 2018,The Yaeda-Eyasi Landscape REDD project(old),,Wildlife Explorer (EA) Ltd,Plan Vivo,REDD,229,PVC (tCO2e),UNIT
11 Mar 2019,2017 - 2018,The Yaeda-Eyasi Landscape REDD project(old),,Dorobo Tours and Safaris,Plan Vivo,REDD,213,PVC (tCO2e),UNIT
11 Mar 2019,2017 - 2018,The Yaeda-Eyasi Landscape REDD project(old),,Duma Explorer,Plan Vivo,REDD,123,PVC (tCO2e),UNIT
11 Mar 2019,2017 - 2018,The Yaeda-Eyasi Landscape REDD project(old),,Tarangire Safari Lodge,Plan Vivo,REDD,103,PVC (tCO2e),UNIT
11 Mar 2019,2017 - 2018,The Yaeda-Eyasi Landscape REDD project(old),,Guiding Principles,Plan Vivo,REDD,44,PVC (tCO2e),UNIT
11 Mar 2019,2017 - 2018,The Yaeda-Eyasi Landscape REDD project(old),,Acacia Natural Resource Consultants,Plan Vivo,REDD,27,PVC (tCO2e),UNIT
11 Mar 2019,2017 - 2018,The Yaeda-Eyasi Landscape REDD project(old),,Carbon Tanzania,Plan Vivo,REDD,58,PVC (tCO2e),UNIT
11 Mar 2019,2017 - 2018,The Yaeda-Eyasi Landscape REDD project(old),,Carbon Tanzania,Plan Vivo,REDD,548,PVC (tCO2e),UNIT
11 Mar 2019,2017 - 2018,The Yaeda-Eyasi Landscape REDD project(old),,The Map's Edge,Plan Vivo,REDD,"1,014",PVC (tCO2e),UNIT
11 Mar 2019,2017 - 2018,The Yaeda-Eyasi Landscape REDD project(old),,African Environments,Plan Vivo,REDD,806,PVC (tCO2e),UNIT
25 Oct 2017,2014,The Yaeda-Eyasi Landscape REDD project(old),,,Plan Vivo,REDD,120,PVC (tCO2e),UNIT
07 May 2020,2018,Trees for Global Benefits,,ESAM,Plan Vivo,Afforestation / Reforestation,15,PVC (tCO2e),UNIT
11 May 2020,2019,Mikoko Pamoja,,Alison Baker,Plan Vivo,Forest Conservation & Avoided Deforestation,9,PVC (tCO2e),UNIT
12 May 2020,2018,Trees for Global Benefits,,Anders Sancho,Plan Vivo,Afforestation / Reforestation,5,PVC (tCO2e),UNIT
12 May 2020,2018,Trees for Global Benefits,,Miljöförvaltningen Malmö,Plan Vivo,Afforestation / Reforestation,18,PVC (tCO2e),UNIT
13 May 2020,2016 - 2017,The Yaeda-Eyasi Landscape REDD project(old),,Draper Esprit Plc,Plan Vivo,REDD,65,PVC (tCO2e),UNIT
22 Mar 2018,2010,Trees for Global Benefits,,,Plan Vivo,Afforestation / Reforestation,"1,433",PVC (tCO2e),UNIT
01 Jun 2018,2011,Sofala Community Carbon Project (formerly the N'hambita Community Carbon Project),,,Plan Vivo,Forest,16,PVC (tCO2e),UNIT
20 May 2020,2019,Khasi Hills Community REDD+ Project: Restoring and Conserving Meghalaya's Hill ForestsThrough Community Action,,Knowit AB,Plan Vivo,REDD,"2,663",PVC (tCO2e),UNIT
20 May 2020,2019,Khasi Hills Community REDD+ Project: Restoring and Conserving Meghalaya's Hill ForestsThrough Community Action,,Storytel,Plan Vivo,REDD,823,PVC (tCO2e),UNIT
29 Aug 2023,2020 - 2021,"Pasture Conservation and Climate Action , Mongolia",,Löfsta Future Challange Dressage,Plan Vivo,Agriculture land management,6,PVC (tCO2e),UNIT
14 Jun 2020,2019,Mikoko Pamoja,,Vrije Universiteit Brussel - MSc Marine and Lacustrine Science and Management (Oceans & Lakes),Plan Vivo,Forest Conservation & Avoided Deforestation,29,PVC (tCO2e),UNIT
06 Apr 2023,2019,Khasi Hills Community REDD+ Project: Restoring and Conserving Meghalaya's Hill ForestsThrough Community Action,,C Level,Plan Vivo,REDD,547,PVC (tCO2e),UNIT
08 Jul 2020,2019 - 2020,EthioTrees: Ecosystem restoration and agroforestry by landless and smallholder farmers in Tigray (North Ethiopia),,Climate Lab,Plan Vivo,Forest Restoration,4,PVC (tCO2e),UNIT
10 Jul 2020,2012,Rarakau Rainforest Carbon Project,,,Plan Vivo,Improved forest management,10,PVC (tCO2e),UNIT
11 Jul 2020,2017,Khasi Hills Community REDD+ Project: Restoring and Conserving Meghalaya's Hill ForestsThrough Community Action,,Provamel,Plan Vivo,REDD,"2,460",PVC (tCO2e),UNIT
11 Jul 2020,2017,Khasi Hills Community REDD+ Project: Restoring and Conserving Meghalaya's Hill ForestsThrough Community Action,,Provamel,Plan Vivo,REDD,"2,460",PVC (tCO2e),UNIT
13 Jul 2020,2016,Rarakau Rainforest Carbon Project,,,Plan Vivo,Improved forest management,123,PVC (tCO2e),UNIT
19 Sep 2022,2020,Vanga Blue Forest,,Arcadia,Plan Vivo,Forest Conservation & Avoided Deforestation,651,PVC (tCO2e),UNIT
08 Mar 2022,2016,The CommuniTree Carbon Program (formerly Limay Community Carbon Project),,myclimate,Plan Vivo,Forest,48,PVC (tCO2e),UNIT
08 Mar 2022,2018 - 2019,The CommuniTree Carbon Program (formerly Limay Community Carbon Project),,illwerke vkw AG,Plan Vivo,Forest,50,PVC (tCO2e),UNIT
08 Mar 2022,2019 - 2020,The CommuniTree Carbon Program (formerly Limay Community Carbon Project),,illwerke vkw AG,Plan Vivo,Forest,"5,516",PVC (tCO2e),UNIT
08 Mar 2022,2015 - 2016,"Pasture Conservation and Climate Action , Mongolia",,myclimate,Plan Vivo,Agriculture land management,11,PVC (tCO2e),UNIT
08 Mar 2022,2013 - 2014,Drawa Rainforest Carbon Project,,myclimate,Plan Vivo,Improved forest management,"3,798",PVC (tCO2e),UNIT
11 Mar 2022,2016 - 2017,"Pasture Conservation and Climate Action , Mongolia",,BeZero,Plan Vivo,Agriculture land management,329,PVC (tCO2e),UNIT
15 Mar 2022,2015,Babatana Rainforest Conservation Project (Sirebe),,,Plan Vivo,Improved forest management,20,PVC (tCO2e),UNIT
29 Aug 2023,2015 - 2018,Durian Rambun,,Menigo Foodservice AB,Plan Vivo,REDD,"2,622",PVC (tCO2e),UNIT
12 Jun 2023,2021,Mikoko Pamoja,,Pelorus Foundation,Plan Vivo,Forest Conservation & Avoided Deforestation,87,PVC (tCO2e),UNIT
14 Jun 2023,2021,Vanga Blue Forest,,GRID-Arendal,Plan Vivo,Forest Conservation & Avoided Deforestation,186,PVC (tCO2e),UNIT
12 Jun 2023,2021,Vanga Blue Forest,,Pelorus Foundation,Plan Vivo,Forest Conservation & Avoided Deforestation,113,PVC (tCO2e),UNIT
12 Jun 2023,2022,Mikoko Pamoja,,Ruth Malleson,Plan Vivo,Forest Conservation & Avoided Deforestation,17,PVC (tCO2e),UNIT
19 Sep 2022,2019 - 2020,EthioTrees: Ecosystem restoration and agroforestry by landless and smallholder farmers in Tigray (North Ethiopia),,Qframe nv,Plan Vivo,Forest Restoration,25,PVC (tCO2e),UNIT
11 Mar 2020,2014,Durian Rambun,,Gröna Bilister,Plan Vivo,REDD,21,PVC (tCO2e),UNIT
11 Mar 2020,2014,Durian Rambun,,QBox,Plan Vivo,REDD,65,PVC (tCO2e),UNIT
11 Mar 2020,2014,Durian Rambun,,Warner Music Denmark,Plan Vivo,REDD,215,PVC (tCO2e),UNIT
02 Mar 2020,2018 - 2019,The CommuniTree Carbon Program (formerly Limay Community Carbon Project),,Axis Communications,Plan Vivo,Forest,"1,858",PVC (tCO2e),UNIT
02 Mar 2020,2018 - 2019,The CommuniTree Carbon Program (formerly Limay Community Carbon Project),,Arvid Nordquist HAB,Plan Vivo,Forest,"15,426",PVC (tCO2e),UNIT
01 Nov 2018,2016,Mikoko Pamoja,,Bo Lundblad,Plan Vivo,Forest Conservation & Avoided Deforestation,433,PVC (tCO2e),UNIT
12 Jul 2017,2016,Mikoko Pamoja,,,Plan Vivo,Forest Conservation & Avoided Deforestation,20,PVC (tCO2e),UNIT
12 Jul 2017,2016,Mikoko Pamoja,,,Plan Vivo,Forest Conservation & Avoided Deforestation,25,PVC (tCO2e),UNIT
25 Oct 2017,2016 - 2017,The Yaeda-Eyasi Landscape REDD project(old),,,Plan Vivo,REDD,800,PVC (tCO2e),UNIT
15 Sep 2017,2016,ArBolivia,,,Plan Vivo,Afforestation / Reforestation,100,PVC (tCO2e),UNIT
25 Oct 2017,2014,The Yaeda-Eyasi Landscape REDD project(old),,,Plan Vivo,REDD,28,PVC (tCO2e),UNIT
02 Oct 2017,2013,Trees for Global Benefits,,,Plan Vivo,Afforestation / Reforestation,9,PVC (tCO2e),UNIT
02 Oct 2017,2016,Trees for Global Benefits,,,Plan Vivo,Afforestation / Reforestation,"3,249",PVC (tCO2e),UNIT
24 Oct 2018,2016,Trees for Global Benefits,,LFC Dressyr,Plan Vivo,Afforestation / Reforestation,1,PVC (tCO2e),UNIT
05 Mar 2025,2021,The CommuniTree Carbon Program (formerly Limay Community Carbon Project),,Mizuho International PLC,Plan Vivo,Forest,100,PVC (tCO2e),UNIT
05 Mar 2025,2022,The CommuniTree Carbon Program (formerly Limay Community Carbon Project),,Mizuho International PLC,Plan Vivo,Forest,61,PVC (tCO2e),UNIT
02 Aug 2019,2017 - 2018,The CommuniTree Carbon Program (formerly Limay Community Carbon Project),,Internetstiftelsen i Sverige (IIS),Plan Vivo,Forest,14,PVC (tCO2e),UNIT
02 Aug 2019,2017 - 2018,The CommuniTree Carbon Program (formerly Limay Community Carbon Project),,Atea,Plan Vivo,Forest,37,PVC (tCO2e),UNIT
07 Feb 2025,2023 - 2024,EthioTrees: Ecosystem restoration and agroforestry by landless and smallholder farmers in Tigray (North Ethiopia),,Trees for All Foundation,Plan Vivo,Forest Restoration,"30,000",PVC (tCO2e),UNIT
04 Feb 2025,2022,Trees for Global Benefits,,Zurich ICAV,Plan Vivo,Afforestation / Reforestation,"6,408",PVC (tCO2e),UNIT
03 Feb 2025,2022,Trees for Global Benefits,,Brill N.V.,Plan Vivo,Afforestation / Reforestation,200,PVC (tCO2e),UNIT
03 Feb 2025,2022,Trees for Global Benefits,,Koninklijke Vezet B.V.,Plan Vivo,Afforestation / Reforestation,320,PVC (tCO2e),UNIT
31 Jan 2025,2022,Trees for Global Benefits,,SQUAKE,Plan Vivo,Afforestation / Reforestation,"16,339",PVC (tCO2e),UNIT
30 Jan 2025,2022,Trees for Global Benefits,,AGF,Plan Vivo,Afforestation / Reforestation,726,PVC (tCO2e),UNIT
30 Jan 2025,2016,Trees for Global Benefits,,DCA,Plan Vivo,Afforestation / Reforestation,338,PVC (tCO2e),UNIT
30 Jan 2025,2016,Trees for Global Benefits,,Operate,Plan Vivo,Afforestation / Reforestation,128,PVC (tCO2e),UNIT
30 Jan 2025,2014,Trees for Global Benefits,,Verdo,Plan Vivo,Afforestation / Reforestation,30,PVC (tCO2e),UNIT
30 Jan 2025,2014,Trees for Global Benefits,,Laban Arkitekt,Plan Vivo,Afforestation / Reforestation,38,PVC (tCO2e),UNIT
30 Jan 2025,2019,Trees for Global Benefits,,Autor,Plan Vivo,Afforestation / Reforestation,43,PVC (tCO2e),UNIT
23 May 2015,2012,The Yaeda-Eyasi Landscape REDD project(old),,,Plan Vivo,REDD,80,PVC (tCO2e),UNIT
23 May 2015,2012,The Yaeda-Eyasi Landscape REDD project(old),,,Plan Vivo,REDD,612,PVC (tCO2e),UNIT
23 May 2015,2012,The Yaeda-Eyasi Landscape REDD project(old),,,Plan Vivo,REDD,43,PVC (tCO2e),UNIT
23 May 2015,2012,The Yaeda-Eyasi Landscape REDD project(old),,,Plan Vivo,REDD,57,PVC (tCO2e),UNIT
23 May 2015,2012,The Yaeda-Eyasi Landscape REDD project(old),,,Plan Vivo,REDD,117,PVC (tCO2e),UNIT
23 May 2015,2012,The Yaeda-Eyasi Landscape REDD project(old),,,Plan Vivo,REDD,10,PVC (tCO2e),UNIT
23 May 2015,2012,The Yaeda-Eyasi Landscape REDD project(old),,,Plan Vivo,REDD,203,PVC (tCO2e),UNIT
23 May 2015,2012,The Yaeda-Eyasi Landscape REDD project(old),,,Plan Vivo,REDD,195,PVC (tCO2e),UNIT
23 May 2015,2012,The Yaeda-Eyasi Landscape REDD project(old),,,Plan Vivo,REDD,57,PVC (tCO2e),UNIT
24 May 2015,2012,The Yaeda-Eyasi Landscape REDD project(old),,,Plan Vivo,REDD,147,PVC (tCO2e),UNIT
24 May 2015,2012,The Yaeda-Eyasi Landscape REDD project(old),,,Plan Vivo,REDD,56,PVC (tCO2e),UNIT
24 May 2015,2012,The Yaeda-Eyasi Landscape REDD project(old),,,Plan Vivo,REDD,54,PVC (tCO2e),UNIT
24 May 2015,2013,The Yaeda-Eyasi Landscape REDD project(old),,,Plan Vivo,REDD,779,PVC (tCO2e),UNIT
26 May 2015,2012,The Yaeda-Eyasi Landscape REDD project(old),,,Plan Vivo,REDD,77,PVC (tCO2e),UNIT
26 May 2015,2012,The Yaeda-Eyasi Landscape REDD project(old),,,Plan Vivo,REDD,124,PVC (tCO2e),UNIT
23 Mar 2021,2016,Trees for Global Benefits,,myclimate,Plan Vivo,Afforestation / Reforestation,"3,402",PVC (tCO2e),UNIT
23 Mar 2021,2014,The CommuniTree Carbon Program (formerly Limay Community Carbon Project),,myclimate,Plan Vivo,Forest,207,PVC (tCO2e),UNIT
23 Mar 2021,2017 - 2018,The CommuniTree Carbon Program (formerly Limay Community Carbon Project),,myclimate,Plan Vivo,Forest,"3,669",PVC (tCO2e),UNIT
23 Mar 2021,2018 - 2019,The CommuniTree Carbon Program (formerly Limay Community Carbon Project),,myclimate,Plan Vivo,Forest,"7,334",PVC (tCO2e),UNIT
23 Mar 2021,2019 - 2020,The CommuniTree Carbon Program (formerly Limay Community Carbon Project),,myclimate,Plan Vivo,Forest,"21,300",PVC (tCO2e),UNIT
23 Mar 2021,2016 - 2017,The CommuniTree Carbon Program (formerly Limay Community Carbon Project),,myclimate,Plan Vivo,Forest,"3,401",PVC (tCO2e),UNIT
23 Mar 2021,2017 - 2018,The CommuniTree Carbon Program (formerly Limay Community Carbon Project),,myclimate,Plan Vivo,Forest,"5,673",PVC (tCO2e),UNIT
23 Mar 2021,2018 - 2019,The CommuniTree Carbon Program (formerly Limay Community Carbon Project),,myclimate,Plan Vivo,Forest,"2,099",PVC (tCO2e),UNIT
23 Mar 2021,2015 - 2016,"Pasture Conservation and Climate Action , Mongolia",,myclimate,Plan Vivo,Agriculture land management,5,PVC (tCO2e),UNIT
08 Mar 2022,2019 - 2020,The CommuniTree Carbon Program (formerly Limay Community Carbon Project),,illwerke vkw AG,Plan Vivo,Forest,"5,516",PVC (tCO2e),UNIT
15 Apr 2021,2019,Khasi Hills Community REDD+ Project: Restoring and Conserving Meghalaya's Hill ForestsThrough Community Action,,IDEMIA France SAS,Plan Vivo,REDD,"1,000",PVC (tCO2e),UNIT
08 Mar 2022,2018 - 2019,The CommuniTree Carbon Program (formerly Limay Community Carbon Project),,illwerke vkw AG,Plan Vivo,Forest,50,PVC (tCO2e),UNIT
08 Mar 2022,2016,The CommuniTree Carbon Program (formerly Limay Community Carbon Project),,myclimate,Plan Vivo,Forest,48,PVC (tCO2e),UNIT
04 Jun 2021,2019 - 2020,The Yaeda-Eyasi Landscape REDD project(old),,Fidelis Insurance,Plan Vivo,REDD,184,PVC (tCO2e),UNIT
04 Jun 2021,2018 - 2019,The Yaeda-Eyasi Landscape REDD project(old),,Group Partners,Plan Vivo,REDD,52,PVC (tCO2e),UNIT
24 Apr 2014,2012,The Yaeda-Eyasi Landscape REDD project(old),,,Plan Vivo,REDD,447,PVC (tCO2e),UNIT
24 Apr 2014,2012,The Yaeda-Eyasi Landscape REDD project(old),,,Plan Vivo,REDD,"1,510",PVC (tCO2e),UNIT
24 Apr 2014,2012,The Yaeda-Eyasi Landscape REDD project(old),,,Plan Vivo,REDD,705,PVC (tCO2e),UNIT
24 Apr 2014,2012,The Yaeda-Eyasi Landscape REDD project(old),,,Plan Vivo,REDD,35,PVC (tCO2e),UNIT
24 Apr 2014,2012,The Yaeda-Eyasi Landscape REDD project(old),,,Plan Vivo,REDD,126,PVC (tCO2e),UNIT
02 Oct 2017,2013,Trees for Global Benefits,,,Plan Vivo,Afforestation / Reforestation,"2,584",PVC (tCO2e),UNIT
30 Jul 2013,2012,The Yaeda-Eyasi Landscape REDD project(old),,,Plan Vivo,REDD,"2,500",PVC (tCO2e),UNIT
14 May 2014,2012,Khasi Hills Community REDD+ Project: Restoring and Conserving Meghalaya's Hill ForestsThrough Community Action,,,Plan Vivo,REDD,70,PVC (tCO2e),UNIT
08 Dec 2022,2020,Khasi Hills Community REDD+ Project: Restoring and Conserving Meghalaya's Hill ForestsThrough Community Action,,,Plan Vivo,REDD,46,PVC (tCO2e),UNIT
08 Aug 2014,2013,Trees for Global Benefits,,,Plan Vivo,Afforestation / Reforestation,"25,531",PVC (tCO2e),UNIT
21 Jul 2014,2010,Trees of Hope,,,Plan Vivo,Afforestation / Reforestation,700,PVC (tCO2e),UNIT
21 Jul 2014,2010,Trees of Hope,,,Plan Vivo,Afforestation / Reforestation,300,PVC (tCO2e),UNIT
08 Jan 2021,2017,Khasi Hills Community REDD+ Project: Restoring and Conserving Meghalaya's Hill ForestsThrough Community Action,,CFM,Plan Vivo,REDD,537,PVC (tCO2e),UNIT
18 Dec 2020,2019,Mikoko Pamoja,,SUPERFLEX,Plan Vivo,Forest Conservation & Avoided Deforestation,140,PVC (tCO2e),UNIT
29 Sep 2014,2013,Trees for Global Benefits,,,Plan Vivo,Afforestation / Reforestation,"5,000",PVC (tCO2e),UNIT
24 Oct 2018,2017,Trees for Global Benefits,,Embedded Artists,Plan Vivo,Afforestation / Reforestation,106,PVC (tCO2e),UNIT
24 Oct 2018,2017,Trees for Global Benefits,,Alviks Måleri Stockholm,Plan Vivo,Afforestation / Reforestation,125,PVC (tCO2e),UNIT
24 Oct 2018,2017,Trees for Global Benefits,,Fruktbudet AB,Plan Vivo,Afforestation / Reforestation,273,PVC (tCO2e),UNIT
24 Oct 2018,2017,Trees for Global Benefits,,Alviks Måleri Uppsala,Plan Vivo,Afforestation / Reforestation,37,PVC (tCO2e),UNIT
24 Oct 2018,2017,Trees for Global Benefits,,Alviks Måleri Västerår,Plan Vivo,Afforestation / Reforestation,35,PVC (tCO2e),UNIT
24 Oct 2018,2017,Trees for Global Benefits,,Länsförsäkringar Norrbotten,Plan Vivo,Afforestation / Reforestation,64,PVC (tCO2e),UNIT
24 Oct 2018,2017,Trees for Global Benefits,,Esam AB,Plan Vivo,Afforestation / Reforestation,22,PVC (tCO2e),UNIT
24 Oct 2018,2017,Trees for Global Benefits,,Naturvetarna,Plan Vivo,Afforestation / Reforestation,68,PVC (tCO2e),UNIT
15 Jul 2022,2017,Mikoko Pamoja,,CWS-boco Sweden AB,Plan Vivo,Forest Conservation & Avoided Deforestation,22,PVC (tCO2e),UNIT
01 Nov 2018,2017,Mikoko Pamoja,,Bo Lundblad,Plan Vivo,Forest Conservation & Avoided Deforestation,10,PVC (tCO2e),UNIT
21 Nov 2018,2015 - 2016,"Pasture Conservation and Climate Action , Mongolia",,U&We AB,Plan Vivo,Agriculture land management,25,PVC (tCO2e),UNIT
21 Nov 2018,2015 - 2016,"Pasture Conservation and Climate Action , Mongolia",,S-Group Holding,Plan Vivo,Agriculture land management,45,PVC (tCO2e),UNIT
21 Nov 2018,2012 - 2013,Drawa Rainforest Carbon Project,,Nordax Group,Plan Vivo,Improved forest management,706,PVC (tCO2e),UNIT
21 Nov 2018,2016 - 2017,The Yaeda-Eyasi Landscape REDD project(old),,Warner Denmark,Plan Vivo,REDD,113,PVC (tCO2e),UNIT
09 Jul 2019,2014,Bujang Raba Community PES Project,,Äventyrsresor,Plan Vivo,REDD,9,PVC (tCO2e),UNIT
14 Feb 2023,2015,The Yaeda-Eyasi Landscape REDD project(old),,Green Aureus GmbH,Plan Vivo,REDD,10,PVC (tCO2e),UNIT
13 Feb 2023,2020,gula gula food forest program,,CEEZER client,Plan Vivo,Afforestation / Reforestation,18,PVC (tCO2e),UNIT
10 Feb 2023,2019,gula gula food forest program,,CEEZER client,Plan Vivo,Afforestation / Reforestation,27,PVC (tCO2e),UNIT
19 Jan 2023,2021,Mikoko Pamoja,,Ocean Bottle,Plan Vivo,Forest Conservation & Avoided Deforestation,200,PVC (tCO2e),UNIT
29 Aug 2023,2019 - 2020,"Pasture Conservation and Climate Action , Mongolia",,Pelle Halling,Plan Vivo,Agriculture land management,96,PVC (tCO2e),UNIT
31 Oct 2023,2021,Trees for Global Benefits,,Maria Nila,Plan Vivo,Afforestation / Reforestation,471,PVC (tCO2e),UNIT
16 Jan 2023,2021 - 2022,The Yaeda-Eyasi Landscape REDD project,,Zooplus AG,Plan Vivo,REDD,"8,017",PVC (tCO2e),UNIT
12 Jan 2023,2021 - 2022,The Yaeda-Eyasi Landscape REDD project,,Grosvenor Property UK,Plan Vivo,REDD,"1,818",PVC (tCO2e),UNIT
05 Jan 2023,2021,Trees for Global Benefits,,Arla Eko,Plan Vivo,Afforestation / Reforestation,"4,020",PVC (tCO2e),UNIT
05 Jul 2023,2017 - 2018,Drawa Rainforest Carbon Project,,Nordax Group,Plan Vivo,Improved forest management,32,PVC (tCO2e),UNIT
15 Dec 2022,2020,gula gula food forest program,,Zalsman BV,Plan Vivo,Afforestation / Reforestation,443,PVC (tCO2e),UNIT
15 Dec 2022,2019,gula gula food forest program,,Zalsman BV,Plan Vivo,Afforestation / Reforestation,443,PVC (tCO2e),UNIT
15 Dec 2022,2020,gula gula food forest program,,Porticus Amsterdam c.v.,Plan Vivo,Afforestation / Reforestation,575,PVC (tCO2e),UNIT
21 Apr 2023,2019,gula gula food forest program,,CEEZER client,Plan Vivo,Afforestation / Reforestation,104,PVC (tCO2e),UNIT
12 Dec 2022,2017,Rarakau Rainforest Carbon Project,,,Plan Vivo,Improved forest management,11,PVC (tCO2e),UNIT
01 Sep 2023,2018 - 2019,Drawa Rainforest Carbon Project,,Opus Bilprovning,Plan Vivo,Improved forest management,150,PVC (tCO2e),UNIT
01 Sep 2023,2018 - 2019,Drawa Rainforest Carbon Project,,Opus Bilprovning,Plan Vivo,Improved forest management,62,PVC (tCO2e),UNIT
06 Jul 2017,2015,Khasi Hills Community REDD+ Project: Restoring and Conserving Meghalaya's Hill ForestsThrough Community Action,,,Plan Vivo,REDD,"6,680",PVC (tCO2e),UNIT
01 Sep 2023,2018 - 2019,Drawa Rainforest Carbon Project,,Academic Work,Plan Vivo,Improved forest management,"1,361",PVC (tCO2e),UNIT
01 Sep 2023,2018 - 2019,Drawa Rainforest Carbon Project,,Team Rynkeby Täby,Plan Vivo,Improved forest management,36,PVC (tCO2e),UNIT
01 Sep 2023,2021,Mikoko Pamoja,,Telinet Energi AB,Plan Vivo,Forest Conservation & Avoided Deforestation,15,PVC (tCO2e),UNIT
01 Sep 2023,2021,Khasi Hills Community REDD+ Project: Restoring and Conserving Meghalaya's Hill ForestsThrough Community Action,,Hyresgästföreningen,Plan Vivo,REDD,4,PVC (tCO2e),UNIT
01 Sep 2023,2021,Trees for Global Benefits,,Maria Nila,Plan Vivo,Afforestation / Reforestation,487,PVC (tCO2e),UNIT
01 Sep 2023,2021,Trees for Global Benefits,,ICANIWILL AB,Plan Vivo,Afforestation / Reforestation,"1,600",PVC (tCO2e),UNIT
01 Sep 2023,2021,Trees for Global Benefits,,Infranode,Plan Vivo,Afforestation / Reforestation,60,PVC (tCO2e),UNIT
01 Sep 2023,2021,Trees for Global Benefits,,LFC Jumping,Plan Vivo,Afforestation / Reforestation,50,PVC (tCO2e),UNIT
01 Sep 2023,2021,Trees for Global Benefits,,Mediafy AB,Plan Vivo,Afforestation / Reforestation,750,PVC (tCO2e),UNIT
01 Sep 2023,2021,Trees for Global Benefits,,Ledarna,Plan Vivo,Afforestation / Reforestation,273,PVC (tCO2e),UNIT
01 Sep 2023,2021,Trees for Global Benefits,,Fruktbudet i Norden AB,Plan Vivo,Afforestation / Reforestation,103,PVC (tCO2e),UNIT
06 Jul 2017,2012,Khasi Hills Community REDD+ Project: Restoring and Conserving Meghalaya's Hill ForestsThrough Community Action,,,Plan Vivo,REDD,"2,994",PVC (tCO2e),UNIT
27 Nov 2017,2015,Scolel té Natural Resources Management and Carbon Sequestration Project (Scolel té Natural Resources Management and Carbon Sequestration Project),,,Plan Vivo,Afforestation / Reforestation,8,PVC (tCO2e),UNIT
27 Nov 2017,2015,Scolel té Natural Resources Management and Carbon Sequestration Project (Scolel té Natural Resources Management and Carbon Sequestration Project),,,Plan Vivo,Afforestation / Reforestation,275,PVC (tCO2e),UNIT
27 Nov 2017,2015,Scolel té Natural Resources Management and Carbon Sequestration Project (Scolel té Natural Resources Management and Carbon Sequestration Project),,,Plan Vivo,Afforestation / Reforestation,6,PVC (tCO2e),UNIT
27 Nov 2017,2015,Scolel té Natural Resources Management and Carbon Sequestration Project (Scolel té Natural Resources Management and Carbon Sequestration Project),,,Plan Vivo,Afforestation / Reforestation,114,PVC (tCO2e),UNIT
27 Nov 2017,2015,Scolel té Natural Resources Management and Carbon Sequestration Project (Scolel té Natural Resources Management and Carbon Sequestration Project),,,Plan Vivo,Afforestation / Reforestation,55,PVC (tCO2e),UNIT
27 Nov 2017,2015,Scolel té Natural Resources Management and Carbon Sequestration Project (Scolel té Natural Resources Management and Carbon Sequestration Project),,,Plan Vivo,Afforestation / Reforestation,27,PVC (tCO2e),UNIT
01 Dec 2017,2016,Mikoko Pamoja,,,Plan Vivo,Forest Conservation & Avoided Deforestation,565,PVC (tCO2e),UNIT
01 Dec 2017,2016,Mikoko Pamoja,,,Plan Vivo,Forest Conservation & Avoided Deforestation,371,PVC (tCO2e),UNIT
01 Dec 2017,2013,Hiniduma Biolink Project,,,Plan Vivo,Afforestation / Reforestation,25,PVC (tCO2e),UNIT
29 Aug 2023,2014,Durian Rambun,,Menigo Foodservice AB,Plan Vivo,REDD,378,PVC (tCO2e),UNIT
12 Sep 2019,2016 - 2017,The Yaeda-Eyasi Landscape REDD project(old),,Bengt Dahlgren Göteborg,Plan Vivo,REDD,2,PVC (tCO2e),UNIT
19 Jan 2018,2015 - 2016,Rehabilitation and sustainable management by REACH Italia of degraded pastures in the Sahel region of Burkina Faso,,,Plan Vivo,Afforestation / Reforestation,22,PVC (tCO2e),UNIT
29 Mar 2023,2021 - 2022,The Yaeda-Eyasi Landscape REDD project,,"Retired on behalf of Native, a Public Benefit Corporation supporter",Plan Vivo,REDD,103,PVC (tCO2e),UNIT
31 Oct 2023,2021,gula gula food forest program,,Sellhelp AB,Plan Vivo,Afforestation / Reforestation,123,PVC (tCO2e),UNIT
22 Aug 2018,2016 - 2017,The CommuniTree Carbon Program (formerly Limay Community Carbon Project),,Ekumeniska följeslagarprogrammet i Palestina och Israel,Plan Vivo,Forest,45,PVC (tCO2e),UNIT
01 Sep 2023,2021,Trees for Global Benefits,,Spire Windscreens Limited,Plan Vivo,Afforestation / Reforestation,272,PVC (tCO2e),UNIT
09 Jul 2019,2014,Bujang Raba Community PES Project,,Acando,Plan Vivo,REDD,35,PVC (tCO2e),UNIT
09 Jul 2019,2016,Khasi Hills Community REDD+ Project: Restoring and Conserving Meghalaya's Hill ForestsThrough Community Action,,Julia Senninger,Plan Vivo,REDD,7,PVC (tCO2e),UNIT
09 Jul 2019,2016,Khasi Hills Community REDD+ Project: Restoring and Conserving Meghalaya's Hill ForestsThrough Community Action,,Reachlog,Plan Vivo,REDD,12,PVC (tCO2e),UNIT
09 Jul 2019,2016,Khasi Hills Community REDD+ Project: Restoring and Conserving Meghalaya's Hill ForestsThrough Community Action,,Blick Möteskonsult,Plan Vivo,REDD,23,PVC (tCO2e),UNIT
09 Jul 2019,2016,Khasi Hills Community REDD+ Project: Restoring and Conserving Meghalaya's Hill ForestsThrough Community Action,,Esri Sverige,Plan Vivo,REDD,211,PVC (tCO2e),UNIT
09 Jul 2019,2016,Khasi Hills Community REDD+ Project: Restoring and Conserving Meghalaya's Hill ForestsThrough Community Action,,Another Textile Company,Plan Vivo,REDD,237,PVC (tCO2e),UNIT
09 Jul 2019,2016,Khasi Hills Community REDD+ Project: Restoring and Conserving Meghalaya's Hill ForestsThrough Community Action,,UCPA,Plan Vivo,REDD,215,PVC (tCO2e),UNIT
09 Jul 2019,2016,Khasi Hills Community REDD+ Project: Restoring and Conserving Meghalaya's Hill ForestsThrough Community Action,,Peab Anläggning,Plan Vivo,REDD,1,PVC (tCO2e),UNIT
10 Jul 2019,2017 - 2018,The Yaeda-Eyasi Landscape REDD project(old),,Naturvetarna,Plan Vivo,REDD,267,PVC (tCO2e),UNIT
10 Jul 2019,2017 - 2018,The Yaeda-Eyasi Landscape REDD project(old),,Ellinor Eke,Plan Vivo,REDD,13,PVC (tCO2e),UNIT
10 Jul 2019,2017 - 2018,The Yaeda-Eyasi Landscape REDD project(old),,Scanlog,Plan Vivo,REDD,7,PVC (tCO2e),UNIT
10 Jul 2019,2017 - 2018,The Yaeda-Eyasi Landscape REDD project(old),,Terroir Suisse,Plan Vivo,REDD,6,PVC (tCO2e),UNIT
10 Jul 2019,2017 - 2018,The Yaeda-Eyasi Landscape REDD project(old),,Airmee,Plan Vivo,REDD,29,PVC (tCO2e),UNIT
10 Jul 2019,2017 - 2018,The Yaeda-Eyasi Landscape REDD project(old),,Airmee,Plan Vivo,REDD,34,PVC (tCO2e),UNIT
28 Aug 2022,2021,Vanga Blue Forest,,Citizen Zoo,Plan Vivo,Forest Conservation & Avoided Deforestation,5,PVC (tCO2e),UNIT
28 Aug 2022,2021,Vanga Blue Forest,,Nico Koedam,Plan Vivo,Forest Conservation & Avoided Deforestation,20,PVC (tCO2e),UNIT
28 Aug 2022,2021,Vanga Blue Forest,,Miriam Cannella,Plan Vivo,Forest Conservation & Avoided Deforestation,2,PVC (tCO2e),UNIT
08 Dec 2022,2020,Khasi Hills Community REDD+ Project: Restoring and Conserving Meghalaya's Hill ForestsThrough Community Action,,,Plan Vivo,REDD,9,PVC (tCO2e),UNIT
08 Dec 2022,2020,Khasi Hills Community REDD+ Project: Restoring and Conserving Meghalaya's Hill ForestsThrough Community Action,,,Plan Vivo,REDD,12,PVC (tCO2e),UNIT
08 Dec 2022,2020,Khasi Hills Community REDD+ Project: Restoring and Conserving Meghalaya's Hill ForestsThrough Community Action,,,Plan Vivo,REDD,32,PVC (tCO2e),UNIT
08 Dec 2022,2020,Khasi Hills Community REDD+ Project: Restoring and Conserving Meghalaya's Hill ForestsThrough Community Action,,,Plan Vivo,REDD,16,PVC (tCO2e),UNIT
08 Dec 2022,2020,Khasi Hills Community REDD+ Project: Restoring and Conserving Meghalaya's Hill ForestsThrough Community Action,,,Plan Vivo,REDD,22,PVC (tCO2e),UNIT
08 Dec 2022,2020,Khasi Hills Community REDD+ Project: Restoring and Conserving Meghalaya's Hill ForestsThrough Community Action,,,Plan Vivo,REDD,24,PVC (tCO2e),UNIT
08 Dec 2022,2020,Khasi Hills Community REDD+ Project: Restoring and Conserving Meghalaya's Hill ForestsThrough Community Action,,,Plan Vivo,REDD,45,PVC (tCO2e),UNIT
08 Dec 2022,2020,Khasi Hills Community REDD+ Project: Restoring and Conserving Meghalaya's Hill ForestsThrough Community Action,,,Plan Vivo,REDD,49,PVC (tCO2e),UNIT
08 Dec 2022,2020,Khasi Hills Community REDD+ Project: Restoring and Conserving Meghalaya's Hill ForestsThrough Community Action,,,Plan Vivo,REDD,79,PVC (tCO2e),UNIT
08 Dec 2022,2020,Khasi Hills Community REDD+ Project: Restoring and Conserving Meghalaya's Hill ForestsThrough Community Action,,,Plan Vivo,REDD,17,PVC (tCO2e),UNIT
08 Dec 2022,2020,Khasi Hills Community REDD+ Project: Restoring and Conserving Meghalaya's Hill ForestsThrough Community Action,,,Plan Vivo,REDD,37,PVC (tCO2e),UNIT
08 Dec 2022,2020,Khasi Hills Community REDD+ Project: Restoring and Conserving Meghalaya's Hill ForestsThrough Community Action,,,Plan Vivo,REDD,22,PVC (tCO2e),UNIT
17 Aug 2016,2011,Emiti Nibwo Bulora,,,Plan Vivo,Afforestation / Reforestation,228,PVC (tCO2e),UNIT
17 Aug 2016,2011,Emiti Nibwo Bulora,,,Plan Vivo,Afforestation / Reforestation,123,PVC (tCO2e),UNIT
13 Mar 2023,2015,The Yaeda-Eyasi Landscape REDD project(old),,Carbon Tanzania,Plan Vivo,REDD,1,PVC (tCO2e),UNIT
24 Aug 2016,2015,Khasi Hills Community REDD+ Project: Restoring and Conserving Meghalaya's Hill ForestsThrough Community Action,,,Plan Vivo,REDD,"2,102",PVC (tCO2e),UNIT
25 Aug 2016,2013 - 2014,Loru Forest Project,,,Plan Vivo,Reduced emissions from deforestation & degradation,"1,137",PVC (tCO2e),UNIT
02 Sep 2016,2012,Hiniduma Biolink Project,,,Plan Vivo,Afforestation / Reforestation,16,PVC (tCO2e),UNIT
02 Sep 2016,2012,Hiniduma Biolink Project,,,Plan Vivo,Afforestation / Reforestation,21,PVC (tCO2e),UNIT
27 Sep 2016,2011,ArBolivia,,,Plan Vivo,Afforestation / Reforestation,38,PVC (tCO2e),UNIT
22 Mar 2019,2014,The Yaeda-Eyasi Landscape REDD project(old),,NativeEnergy's clients,Plan Vivo,REDD,"2,000",PVC (tCO2e),UNIT
02 Oct 2017,2014,Trees for Global Benefits,,,Plan Vivo,Afforestation / Reforestation,84,PVC (tCO2e),UNIT
28 Sep 2016,2013,Trees for Global Benefits,,,Plan Vivo,Afforestation / Reforestation,"1,680",PVC (tCO2e),UNIT
09 Dec 2016,2015,Khasi Hills Community REDD+ Project: Restoring and Conserving Meghalaya's Hill ForestsThrough Community Action,,,Plan Vivo,REDD,"2,075",PVC (tCO2e),UNIT
28 Dec 2016,2010,Scolel té Natural Resources Management and Carbon Sequestration Project (Scolel té Natural Resources Management and Carbon Sequestration Project),,,Plan Vivo,Afforestation / Reforestation,750,PVC (tCO2e),UNIT
28 Dec 2016,2010,Scolel té Natural Resources Management and Carbon Sequestration Project (Scolel té Natural Resources Management and Carbon Sequestration Project),,,Plan Vivo,Afforestation / Reforestation,212,PVC (tCO2e),UNIT
28 Dec 2016,2010,Scolel té Natural Resources Management and Carbon Sequestration Project (Scolel té Natural Resources Management and Carbon Sequestration Project),,,Plan Vivo,Afforestation / Reforestation,70,PVC (tCO2e),UNIT
12 Sep 2019,2018,Trees for Global Benefits,,MAX Burgers,Plan Vivo,Afforestation / Reforestation,"22,161",PVC (tCO2e),UNIT
12 Sep 2019,2018,Trees for Global Benefits,,MAX Burgers,Plan Vivo,Afforestation / Reforestation,"55,340",PVC (tCO2e),UNIT
12 Sep 2019,2016,Trees for Global Benefits,,MAX Burgers,Plan Vivo,Afforestation / Reforestation,"55,340",PVC (tCO2e),UNIT
22 Aug 2018,2016 - 2017,The CommuniTree Carbon Program (formerly Limay Community Carbon Project),,Jahwa Fikaservice AB,Plan Vivo,Forest,59,PVC (tCO2e),UNIT
22 Aug 2018,2016 - 2017,The CommuniTree Carbon Program (formerly Limay Community Carbon Project),,Jobmeal Göteborg AB,Plan Vivo,Forest,107,PVC (tCO2e),UNIT
12 Sep 2019,2017,Mikoko Pamoja,,Jenny Blomberg,Plan Vivo,Forest Conservation & Avoided Deforestation,1,PVC (tCO2e),UNIT
22 Aug 2018,2016 - 2017,The CommuniTree Carbon Program (formerly Limay Community Carbon Project),,Länsförsäkringar Norrbotten,Plan Vivo,Forest,64,PVC (tCO2e),UNIT
12 Sep 2019,2016 - 2017,The Yaeda-Eyasi Landscape REDD project(old),,IT-Mästaren,Plan Vivo,REDD,146,PVC (tCO2e),UNIT
22 Aug 2018,2016 - 2017,The CommuniTree Carbon Program (formerly Limay Community Carbon Project),,Fontana Food AB,Plan Vivo,Forest,80,PVC (tCO2e),UNIT
12 Sep 2019,2016 - 2017,The Yaeda-Eyasi Landscape REDD project(old),,Bengt Dahlgren Skövde,Plan Vivo,REDD,13,PVC (tCO2e),UNIT
31 Aug 2018,2016 - 2017,Trees of Hope,,Hermansson & Co AB,Plan Vivo,Afforestation / Reforestation,31,PVC (tCO2e),UNIT
24 Aug 2018,2016,Khasi Hills Community REDD+ Project: Restoring and Conserving Meghalaya's Hill ForestsThrough Community Action,,UCPA Resor and their customers,Plan Vivo,REDD,200,PVC (tCO2e),UNIT
24 Aug 2018,2016,Khasi Hills Community REDD+ Project: Restoring and Conserving Meghalaya's Hill ForestsThrough Community Action,,Pond Design AB,Plan Vivo,REDD,11,PVC (tCO2e),UNIT
24 Aug 2018,2016,Khasi Hills Community REDD+ Project: Restoring and Conserving Meghalaya's Hill ForestsThrough Community Action,,Another Textile Company Sthlm AB,Plan Vivo,REDD,80,PVC (tCO2e),UNIT
29 Aug 2018,2017,Trees for Global Benefits,,Max Burgers AB,Plan Vivo,Afforestation / Reforestation,"50,012",PVC (tCO2e),UNIT
17 Jan 2025,2022 - 2023,EthioTrees: Ecosystem restoration and agroforestry by landless and smallholder farmers in Tigray (North Ethiopia),,Victor Buyck Steel Construction,Plan Vivo,Forest Restoration,16,PVC (tCO2e),UNIT
23 Oct 2024,2021,Trees for Global Benefits,,Classic Africa Safaris,Plan Vivo,Afforestation / Reforestation,126,PVC (tCO2e),UNIT
22 Oct 2024,2021,Trees for Global Benefits,,Laban Arkitek,Plan Vivo,Afforestation / Reforestation,38,PVC (tCO2e),UNIT
22 Oct 2024,2021,Trees for Global Benefits,,Unitas Rejser,Plan Vivo,Afforestation / Reforestation,261,PVC (tCO2e),UNIT
22 Oct 2024,2021,Trees for Global Benefits,,JPS,Plan Vivo,Afforestation / Reforestation,426,PVC (tCO2e),UNIT
16 Oct 2024,2021 - 2022,The Yaeda-Eyasi Landscape REDD project,,Grosvenor Community Investments Limited,Plan Vivo,REDD,"1,000",PVC (tCO2e),UNIT
16 Oct 2024,2021 - 2022,The Yaeda-Eyasi Landscape REDD project,,Grosvenor Community Investments Limited,Plan Vivo,REDD,"1,000",PVC (tCO2e),UNIT
16 Oct 2024,2021 - 2022,The Yaeda-Eyasi Landscape REDD project,,Grosvenor Community Investments Limited,Plan Vivo,REDD,575,PVC (tCO2e),UNIT
22 Aug 2023,2021 - 2023,HALO VERDE TIMOR COMMUNITY FOREST CARBON,,HAIRPORT LDA R. BIDA DUARTE BELO 47-49 1200-204 LISBOA. PORTUGAL NIF: 507730097,Plan Vivo,Afforestation / Reforestation,6,PVC (tCO2e),UNIT
21 Aug 2023,2021 - 2023,HALO VERDE TIMOR COMMUNITY FOREST CARBON,,"Wren Climate, PBC 1330 Albina Ave, Albany, CA 94706, USA Organized under the laws of the state of Delaware   Employee Identification Number: 30-1122423  Signatory:  Name: Landon Brand  Title: CEO, Co-Founder",Plan Vivo,Afforestation / Reforestation,"6,000",PVC (tCO2e),UNIT
05 Aug 2019,2017 - 2018,The CommuniTree Carbon Program (formerly Limay Community Carbon Project),,Fontana Food,Plan Vivo,Forest,107,PVC (tCO2e),UNIT
01 Sep 2023,2022,Trees for Global Benefits,,Max Burgers AB,Plan Vivo,Afforestation / Reforestation,"15,000",PVC (tCO2e),UNIT
01 Sep 2023,2022,Trees for Global Benefits,,We Love Burgers AS,Plan Vivo,Afforestation / Reforestation,543,PVC (tCO2e),UNIT
31 Oct 2023,2022,Trees for Global Benefits,,Compassion in World Farming International,Plan Vivo,Afforestation / Reforestation,67,PVC (tCO2e),UNIT
01 Sep 2023,2022,Trees for Global Benefits,,Max Burgers AB,Plan Vivo,Afforestation / Reforestation,"20,000",PVC (tCO2e),UNIT
18 Mar 2019,2016,Trees for Global Benefits,,myclimate,Plan Vivo,Afforestation / Reforestation,"8,849",PVC (tCO2e),UNIT
18 Mar 2019,2014,The CommuniTree Carbon Program (formerly Limay Community Carbon Project),,myclimate,Plan Vivo,Forest,"3,516",PVC (tCO2e),UNIT
18 Mar 2019,2015,The CommuniTree Carbon Program (formerly Limay Community Carbon Project),,myclimate,Plan Vivo,Forest,"6,735",PVC (tCO2e),UNIT
18 Mar 2019,2016,The CommuniTree Carbon Program (formerly Limay Community Carbon Project),,myclimate,Plan Vivo,Forest,"6,715",PVC (tCO2e),UNIT
18 Mar 2019,2016 - 2017,The CommuniTree Carbon Program (formerly Limay Community Carbon Project),,myclimate,Plan Vivo,Forest,"10,469",PVC (tCO2e),UNIT
18 Mar 2019,2017 - 2018,The CommuniTree Carbon Program (formerly Limay Community Carbon Project),,myclimate,Plan Vivo,Forest,"6,296",PVC (tCO2e),UNIT
18 Mar 2019,2016 - 2017,The CommuniTree Carbon Program (formerly Limay Community Carbon Project),,myclimate,Plan Vivo,Forest,380,PVC (tCO2e),UNIT
18 Mar 2019,2017 - 2018,The CommuniTree Carbon Program (formerly Limay Community Carbon Project),,myclimate,Plan Vivo,Forest,"2,721",PVC (tCO2e),UNIT
29 Mar 2023,2017 - 2018,The Yaeda-Eyasi Landscape REDD project(old),,"Retired on behalf of Native, a Public Benefit Corporation supporter",Plan Vivo,REDD,77,PVC (tCO2e),UNIT
10 Jul 2019,2018 - 2019,EthioTrees: Ecosystem restoration and agroforestry by landless and smallholder farmers in Tigray (North Ethiopia),,Arvid Nordquist HAB,Plan Vivo,Forest Restoration,"5,450",PVC (tCO2e),UNIT
04 Jun 2021,2016 - 2017,The Yaeda-Eyasi Landscape REDD project(old),,Kloeber,Plan Vivo,REDD,50,PVC (tCO2e),UNIT
10 Jul 2019,2015 - 2016,"Pasture Conservation and Climate Action , Mongolia",,Tiger of Sweden,Plan Vivo,Agriculture land management,700,PVC (tCO2e),UNIT
28 Feb 2020,2016,Khasi Hills Community REDD+ Project: Restoring and Conserving Meghalaya's Hill ForestsThrough Community Action,,Reachlog,Plan Vivo,REDD,12,PVC (tCO2e),UNIT
09 Jun 2019,2018,Mikoko Pamoja,,Charles and Kate Hussey,Plan Vivo,Forest Conservation & Avoided Deforestation,36,PVC (tCO2e),UNIT
09 Jun 2019,2018,Mikoko Pamoja,,Ruth Malleson,Plan Vivo,Forest Conservation & Avoided Deforestation,12,PVC (tCO2e),UNIT
07 Aug 2020,2019,Mikoko Pamoja,,Charles and Kate Hussey,Plan Vivo,Forest Conservation & Avoided Deforestation,30,PVC (tCO2e),UNIT
13 Jul 2020,2016,Rarakau Rainforest Carbon Project,,,Plan Vivo,Improved forest management,26,PVC (tCO2e),UNIT
28 Dec 2016,2010,Scolel té Natural Resources Management and Carbon Sequestration Project (Scolel té Natural Resources Management and Carbon Sequestration Project),,,Plan Vivo,Afforestation / Reforestation,28,PVC (tCO2e),UNIT
13 Jul 2020,2016,Rarakau Rainforest Carbon Project,,,Plan Vivo,Improved forest management,23,PVC (tCO2e),UNIT
12 Aug 2014,2011,Trees for Global Benefits,,,Plan Vivo,Afforestation / Reforestation,"10,000",PVC (tCO2e),UNIT
29 Sep 2014,2013,Trees for Global Benefits,,,Plan Vivo,Afforestation / Reforestation,"5,000",PVC (tCO2e),UNIT
13 Jul 2020,2016,Rarakau Rainforest Carbon Project,,,Plan Vivo,Improved forest management,96,PVC (tCO2e),UNIT
13 Jul 2020,2016,Rarakau Rainforest Carbon Project,,,Plan Vivo,Improved forest management,82,PVC (tCO2e),UNIT
13 Jul 2020,2016,Rarakau Rainforest Carbon Project,,,Plan Vivo,Improved forest management,46,PVC (tCO2e),UNIT
13 Jul 2020,2016,Rarakau Rainforest Carbon Project,,,Plan Vivo,Improved forest management,131,PVC (tCO2e),UNIT
13 Jul 2020,2015,Rarakau Rainforest Carbon Project,,,Plan Vivo,Improved forest management,12,PVC (tCO2e),UNIT
13 Jul 2020,2015,Rarakau Rainforest Carbon Project,,,Plan Vivo,Improved forest management,18,PVC (tCO2e),UNIT
13 Jul 2020,2015,Rarakau Rainforest Carbon Project,,,Plan Vivo,Improved forest management,89,PVC (tCO2e),UNIT
13 Jul 2020,2015,Rarakau Rainforest Carbon Project,,,Plan Vivo,Improved forest management,75,PVC (tCO2e),UNIT
13 Jul 2020,2015,Rarakau Rainforest Carbon Project,,,Plan Vivo,Improved forest management,52,PVC (tCO2e),UNIT
08 Dec 2022,2020,Khasi Hills Community REDD+ Project: Restoring and Conserving Meghalaya's Hill ForestsThrough Community Action,,,Plan Vivo,REDD,2,PVC (tCO2e),UNIT
08 Dec 2022,2020,Khasi Hills Community REDD+ Project: Restoring and Conserving Meghalaya's Hill ForestsThrough Community Action,,,Plan Vivo,REDD,7,PVC (tCO2e),UNIT
08 Dec 2022,2020,Khasi Hills Community REDD+ Project: Restoring and Conserving Meghalaya's Hill ForestsThrough Community Action,,,Plan Vivo,REDD,11,PVC (tCO2e),UNIT
08 Dec 2022,2020,Khasi Hills Community REDD+ Project: Restoring and Conserving Meghalaya's Hill ForestsThrough Community Action,,,Plan Vivo,REDD,15,PVC (tCO2e),UNIT
08 Dec 2022,2020,Khasi Hills Community REDD+ Project: Restoring and Conserving Meghalaya's Hill ForestsThrough Community Action,,,Plan Vivo,REDD,82,PVC (tCO2e),UNIT
08 Dec 2022,2020,Khasi Hills Community REDD+ Project: Restoring and Conserving Meghalaya's Hill ForestsThrough Community Action,,,Plan Vivo,REDD,23,PVC (tCO2e),UNIT
08 Dec 2022,2020,Khasi Hills Community REDD+ Project: Restoring and Conserving Meghalaya's Hill ForestsThrough Community Action,,,Plan Vivo,REDD,18,PVC (tCO2e),UNIT
08 Dec 2022,2020,Khasi Hills Community REDD+ Project: Restoring and Conserving Meghalaya's Hill ForestsThrough Community Action,,,Plan Vivo,REDD,31,PVC (tCO2e),UNIT
08 Dec 2022,2020,Khasi Hills Community REDD+ Project: Restoring and Conserving Meghalaya's Hill ForestsThrough Community Action,,,Plan Vivo,REDD,31,PVC (tCO2e),UNIT
08 Dec 2022,2020,Khasi Hills Community REDD+ Project: Restoring and Conserving Meghalaya's Hill ForestsThrough Community Action,,,Plan Vivo,REDD,34,PVC (tCO2e),UNIT
08 Dec 2022,2020,Khasi Hills Community REDD+ Project: Restoring and Conserving Meghalaya's Hill ForestsThrough Community Action,,,Plan Vivo,REDD,48,PVC (tCO2e),UNIT
08 Dec 2022,2017 - 2018,Loru Forest Project,,,Plan Vivo,Reduced emissions from deforestation & degradation,313,PVC (tCO2e),UNIT
08 Dec 2022,2017 - 2018,Loru Forest Project,,,Plan Vivo,Reduced emissions from deforestation & degradation,187,PVC (tCO2e),UNIT
08 Dec 2022,2017 - 2018,Loru Forest Project,,,Plan Vivo,Reduced emissions from deforestation & degradation,32,PVC (tCO2e),UNIT
08 Dec 2022,2017 - 2018,Loru Forest Project,,,Plan Vivo,Reduced emissions from deforestation & degradation,10,PVC (tCO2e),UNIT
11 Mar 2020,2014,Durian Rambun,,Gröna Bilister,Plan Vivo,REDD,48,PVC (tCO2e),UNIT
24 Oct 2018,2017,Trees for Global Benefits,,Ledarna,Plan Vivo,Afforestation / Reforestation,416,PVC (tCO2e),UNIT
24 Oct 2018,2017,Trees for Global Benefits,,Ledarna,Plan Vivo,Afforestation / Reforestation,397,PVC (tCO2e),UNIT
24 Oct 2018,2016,Trees for Global Benefits,,Fruktbudet,Plan Vivo,Afforestation / Reforestation,351,PVC (tCO2e),UNIT
24 Oct 2018,2016,Trees for Global Benefits,,NOBE,Plan Vivo,Afforestation / Reforestation,14,PVC (tCO2e),UNIT
24 Oct 2018,2017,Trees for Global Benefits,,Hotel Långholmen,Plan Vivo,Afforestation / Reforestation,117,PVC (tCO2e),UNIT
24 Oct 2018,2017,Trees for Global Benefits,,Embedded Artists,Plan Vivo,Afforestation / Reforestation,106,PVC (tCO2e),UNIT
24 Oct 2018,2017,Trees for Global Benefits,,Alviks Måleri Stockholm,Plan Vivo,Afforestation / Reforestation,125,PVC (tCO2e),UNIT
24 Oct 2018,2017,Trees for Global Benefits,,Fruktbudet AB,Plan Vivo,Afforestation / Reforestation,273,PVC (tCO2e),UNIT
24 Oct 2018,2017,Trees for Global Benefits,,Alviks Måleri Uppsala,Plan Vivo,Afforestation / Reforestation,37,PVC (tCO2e),UNIT
24 Oct 2018,2017,Trees for Global Benefits,,Alviks Måleri Västerår,Plan Vivo,Afforestation / Reforestation,35,PVC (tCO2e),UNIT
24 Oct 2018,2017,Trees for Global Benefits,,Länsförsäkringar Norrbotten,Plan Vivo,Afforestation / Reforestation,64,PVC (tCO2e),UNIT
24 Oct 2018,2017,Trees for Global Benefits,,Esam AB,Plan Vivo,Afforestation / Reforestation,22,PVC (tCO2e),UNIT
24 Oct 2018,2017,Trees for Global Benefits,,Naturvetarna,Plan Vivo,Afforestation / Reforestation,68,PVC (tCO2e),UNIT
15 Jul 2022,2017,Mikoko Pamoja,,CWS-boco Sweden AB,Plan Vivo,Forest Conservation & Avoided Deforestation,22,PVC (tCO2e),UNIT
21 Apr 2016,2013,The Yaeda-Eyasi Landscape REDD project(old),,,Plan Vivo,REDD,30,PVC (tCO2e),UNIT
26 Apr 2016,2014,Mikoko Pamoja,,,Plan Vivo,Forest Conservation & Avoided Deforestation,30,PVC (tCO2e),UNIT
12 Dec 2022,2018,Rarakau Rainforest Carbon Project,,,Plan Vivo,Improved forest management,3,PVC (tCO2e),UNIT
28 Apr 2016,2015,Mikoko Pamoja,,,Plan Vivo,Forest Conservation & Avoided Deforestation,258,PVC (tCO2e),UNIT
10 May 2016,2011,Emiti Nibwo Bulora,,,Plan Vivo,Afforestation / Reforestation,201,PVC (tCO2e),UNIT
10 May 2016,2011,Emiti Nibwo Bulora,,,Plan Vivo,Afforestation / Reforestation,442,PVC (tCO2e),UNIT
10 May 2016,2011,Emiti Nibwo Bulora,,,Plan Vivo,Afforestation / Reforestation,20,PVC (tCO2e),UNIT
08 Dec 2022,2017 - 2018,Loru Forest Project,,,Plan Vivo,Reduced emissions from deforestation & degradation,313,PVC (tCO2e),UNIT
08 Dec 2022,2020,Khasi Hills Community REDD+ Project: Restoring and Conserving Meghalaya's Hill ForestsThrough Community Action,,,Plan Vivo,REDD,48,PVC (tCO2e),UNIT
22 Mar 2019,2014,The Yaeda-Eyasi Landscape REDD project(old),,NativeEnergy's clients,Plan Vivo,REDD,"1,000",PVC (tCO2e),UNIT
15 Jun 2016,2012,The Yaeda-Eyasi Landscape REDD project(old),,,Plan Vivo,REDD,226,PVC (tCO2e),UNIT
15 Jun 2016,2012,The Yaeda-Eyasi Landscape REDD project(old),,,Plan Vivo,REDD,100,PVC (tCO2e),UNIT
15 Jun 2016,2012,The Yaeda-Eyasi Landscape REDD project(old),,,Plan Vivo,REDD,15,PVC (tCO2e),UNIT
15 Jun 2016,2014,The Yaeda-Eyasi Landscape REDD project(old),,,Plan Vivo,REDD,188,PVC (tCO2e),UNIT
12 Apr 2018,2014 - 2015,Loru Forest Project,,,Plan Vivo,Reduced emissions from deforestation & degradation,197,PVC (tCO2e),UNIT
08 Dec 2022,2020,Khasi Hills Community REDD+ Project: Restoring and Conserving Meghalaya's Hill ForestsThrough Community Action,,,Plan Vivo,REDD,82,PVC (tCO2e),UNIT
08 Dec 2022,2020,Khasi Hills Community REDD+ Project: Restoring and Conserving Meghalaya's Hill ForestsThrough Community Action,,,Plan Vivo,REDD,15,PVC (tCO2e),UNIT
08 Dec 2022,2020,Khasi Hills Community REDD+ Project: Restoring and Conserving Meghalaya's Hill ForestsThrough Community Action,,,Plan Vivo,REDD,11,PVC (tCO2e),UNIT
08 Dec 2022,2020,Khasi Hills Community REDD+ Project: Restoring and Conserving Meghalaya's Hill ForestsThrough Community Action,,,Plan Vivo,REDD,7,PVC (tCO2e),UNIT
08 Dec 2022,2020,Khasi Hills Community REDD+ Project: Restoring and Conserving Meghalaya's Hill ForestsThrough Community Action,,,Plan Vivo,REDD,2,PVC (tCO2e),UNIT
08 Dec 2022,2020,Khasi Hills Community REDD+ Project: Restoring and Conserving Meghalaya's Hill ForestsThrough Community Action,,,Plan Vivo,REDD,71,PVC (tCO2e),UNIT
08 Dec 2022,2020,Khasi Hills Community REDD+ Project: Restoring and Conserving Meghalaya's Hill ForestsThrough Community Action,,,Plan Vivo,REDD,130,PVC (tCO2e),UNIT
08 Dec 2022,2020,Khasi Hills Community REDD+ Project: Restoring and Conserving Meghalaya's Hill ForestsThrough Community Action,,,Plan Vivo,REDD,38,PVC (tCO2e),UNIT
08 Dec 2022,2020,Khasi Hills Community REDD+ Project: Restoring and Conserving Meghalaya's Hill ForestsThrough Community Action,,,Plan Vivo,REDD,3,PVC (tCO2e),UNIT
08 Dec 2022,2020,Khasi Hills Community REDD+ Project: Restoring and Conserving Meghalaya's Hill ForestsThrough Community Action,,,Plan Vivo,REDD,1,PVC (tCO2e),UNIT
08 Dec 2022,2020,Khasi Hills Community REDD+ Project: Restoring and Conserving Meghalaya's Hill ForestsThrough Community Action,,,Plan Vivo,REDD,13,PVC (tCO2e),UNIT
08 Dec 2022,2020,Khasi Hills Community REDD+ Project: Restoring and Conserving Meghalaya's Hill ForestsThrough Community Action,,,Plan Vivo,REDD,28,PVC (tCO2e),UNIT
01 Nov 2018,2016,Mikoko Pamoja,,Bo Lundblad,Plan Vivo,Forest Conservation & Avoided Deforestation,433,PVC (tCO2e),UNIT
12 Jul 2017,2016,Mikoko Pamoja,,,Plan Vivo,Forest Conservation & Avoided Deforestation,20,PVC (tCO2e),UNIT
12 Jul 2017,2016,Mikoko Pamoja,,,Plan Vivo,Forest Conservation & Avoided Deforestation,25,PVC (tCO2e),UNIT
12 Dec 2022,2017,Rarakau Rainforest Carbon Project,,,Plan Vivo,Improved forest management,58,PVC (tCO2e),UNIT
12 Dec 2022,2017,Rarakau Rainforest Carbon Project,,,Plan Vivo,Improved forest management,8,PVC (tCO2e),UNIT
12 Dec 2022,2017,Rarakau Rainforest Carbon Project,,,Plan Vivo,Improved forest management,26,PVC (tCO2e),UNIT
12 Dec 2022,2017,Rarakau Rainforest Carbon Project,,,Plan Vivo,Improved forest management,33,PVC (tCO2e),UNIT
12 Dec 2022,2017,Rarakau Rainforest Carbon Project,,,Plan Vivo,Improved forest management,31,PVC (tCO2e),UNIT
12 Dec 2022,2017,Rarakau Rainforest Carbon Project,,,Plan Vivo,Improved forest management,99,PVC (tCO2e),UNIT
12 Dec 2022,2017,Rarakau Rainforest Carbon Project,,,Plan Vivo,Improved forest management,12,PVC (tCO2e),UNIT
11 Dec 2022,2017,Rarakau Rainforest Carbon Project,,,Plan Vivo,Improved forest management,18,PVC (tCO2e),UNIT
11 Dec 2022,2017,Rarakau Rainforest Carbon Project,,,Plan Vivo,Improved forest management,90,PVC (tCO2e),UNIT
11 Dec 2022,2017,Rarakau Rainforest Carbon Project,,,Plan Vivo,Improved forest management,90,PVC (tCO2e),UNIT
15 Mar 2013,2010,Trees of Hope,,,Plan Vivo,Afforestation / Reforestation,468,PVC (tCO2e),UNIT
21 Mar 2013,2012,The CommuniTree Carbon Program (formerly Limay Community Carbon Project),,,Plan Vivo,Forest,1,PVC (tCO2e),UNIT
11 Dec 2022,2017,Rarakau Rainforest Carbon Project,,,Plan Vivo,Improved forest management,30,PVC (tCO2e),UNIT
18 Feb 2014,2010,ArBolivia,,,Plan Vivo,Afforestation / Reforestation,"2,463",PVC (tCO2e),UNIT
18 Feb 2014,2010,ArBolivia,,,Plan Vivo,Afforestation / Reforestation,5,PVC (tCO2e),UNIT
18 Mar 2016,2013,The Yaeda-Eyasi Landscape REDD project(old),,,Plan Vivo,REDD,12,PVC (tCO2e),UNIT
18 Mar 2016,2013,The Yaeda-Eyasi Landscape REDD project(old),,,Plan Vivo,REDD,203,PVC (tCO2e),UNIT
06 Jul 2017,2014,Khasi Hills Community REDD+ Project: Restoring and Conserving Meghalaya's Hill ForestsThrough Community Action,,,Plan Vivo,REDD,98,PVC (tCO2e),UNIT
22 Mar 2019,2014,The Yaeda-Eyasi Landscape REDD project(old),,NativeEnergy's clients,Plan Vivo,REDD,"4,000",PVC (tCO2e),UNIT
25 Oct 2017,2014,The Yaeda-Eyasi Landscape REDD project(old),,,Plan Vivo,REDD,3,PVC (tCO2e),UNIT
08 Jul 2017,2011,ArBolivia,,,Plan Vivo,Afforestation / Reforestation,4,PVC (tCO2e),UNIT
21 Apr 2016,2013,The Yaeda-Eyasi Landscape REDD project(old),,,Plan Vivo,REDD,30,PVC (tCO2e),UNIT
26 Apr 2016,2014,Mikoko Pamoja,,,Plan Vivo,Forest Conservation & Avoided Deforestation,30,PVC (tCO2e),UNIT
28 Apr 2016,2015,Mikoko Pamoja,,,Plan Vivo,Forest Conservation & Avoided Deforestation,258,PVC (tCO2e),UNIT
10 May 2016,2011,Emiti Nibwo Bulora,,,Plan Vivo,Afforestation / Reforestation,201,PVC (tCO2e),UNIT
10 May 2016,2011,Emiti Nibwo Bulora,,,Plan Vivo,Afforestation / Reforestation,442,PVC (tCO2e),UNIT
10 May 2016,2011,Emiti Nibwo Bulora,,,Plan Vivo,Afforestation / Reforestation,20,PVC (tCO2e),UNIT
14 May 2016,2012,Khasi Hills Community REDD+ Project: Restoring and Conserving Meghalaya's Hill ForestsThrough Community Action,,,Plan Vivo,REDD,183,PVC (tCO2e),UNIT
14 May 2016,2012,Khasi Hills Community REDD+ Project: Restoring and Conserving Meghalaya's Hill ForestsThrough Community Action,,,Plan Vivo,REDD,40,PVC (tCO2e),UNIT
14 May 2016,2012,Khasi Hills Community REDD+ Project: Restoring and Conserving Meghalaya's Hill ForestsThrough Community Action,,,Plan Vivo,REDD,80,PVC (tCO2e),UNIT
15 Sep 2017,2016,ArBolivia,,,Plan Vivo,Afforestation / Reforestation,100,PVC (tCO2e),UNIT
25 Oct 2017,2014,The Yaeda-Eyasi Landscape REDD project(old),,,Plan Vivo,REDD,28,PVC (tCO2e),UNIT
02 Oct 2017,2013,Trees for Global Benefits,,,Plan Vivo,Afforestation / Reforestation,9,PVC (tCO2e),UNIT
02 Oct 2017,2016,Trees for Global Benefits,,,Plan Vivo,Afforestation / Reforestation,"3,249",PVC (tCO2e),UNIT
24 Oct 2018,2016,Trees for Global Benefits,,LFC Dressyr,Plan Vivo,Afforestation / Reforestation,1,PVC (tCO2e),UNIT
15 Sep 2017,2016,ArBolivia,,,Plan Vivo,Afforestation / Reforestation,"2,437",PVC (tCO2e),UNIT
15 Sep 2017,2016,ArBolivia,,,Plan Vivo,Afforestation / Reforestation,"1,000",PVC (tCO2e),UNIT
15 Sep 2017,2011,ArBolivia,,,Plan Vivo,Afforestation / Reforestation,22,PVC (tCO2e),UNIT
02 Oct 2017,2013,Trees for Global Benefits,,,Plan Vivo,Afforestation / Reforestation,"11,699",PVC (tCO2e),UNIT
02 Oct 2017,2016,Trees for Global Benefits,,,Plan Vivo,Afforestation / Reforestation,"2,723",PVC (tCO2e),UNIT
02 Oct 2017,2013,Trees for Global Benefits,,,Plan Vivo,Afforestation / Reforestation,20,PVC (tCO2e),UNIT
02 Oct 2017,2013,Trees for Global Benefits,,,Plan Vivo,Afforestation / Reforestation,66,PVC (tCO2e),UNIT
02 Oct 2017,2013,Trees for Global Benefits,,,Plan Vivo,Afforestation / Reforestation,20,PVC (tCO2e),UNIT
02 Oct 2017,2013,Trees for Global Benefits,,,Plan Vivo,Afforestation / Reforestation,30,PVC (tCO2e),UNIT
02 Oct 2017,2016,Trees for Global Benefits,,,Plan Vivo,Afforestation / Reforestation,587,PVC (tCO2e),UNIT
29 Mar 2023,2021 - 2022,The Yaeda-Eyasi Landscape REDD project,,"Retired on behalf of Native, a Public Benefit Corporation supporter",Plan Vivo,REDD,228,PVC (tCO2e),UNIT
18 Mar 2019,2012,The CommuniTree Carbon Program (formerly Limay Community Carbon Project),,myclimate,Plan Vivo,Forest,"1,274",PVC (tCO2e),UNIT
29 Mar 2023,2021 - 2022,The Yaeda-Eyasi Landscape REDD project,,"Retired on behalf of Native, a Public Benefit Corporation supporter",Plan Vivo,REDD,249,PVC (tCO2e),UNIT
29 Mar 2023,2021 - 2022,The Yaeda-Eyasi Landscape REDD project,,"Retired on behalf of Native, a Public Benefit Corporation supporter",Plan Vivo,REDD,"1,600",PVC (tCO2e),UNIT
29 Mar 2023,2021 - 2022,The Yaeda-Eyasi Landscape REDD project,,"Retired on behalf of Native, a Public Benefit Corporation supporter",Plan Vivo,REDD,"3,000",PVC (tCO2e),UNIT
29 Mar 2023,2021 - 2022,The Yaeda-Eyasi Landscape REDD project,,"Retired on behalf of Native, a Public Benefit Corporation supporter",Plan Vivo,REDD,"2,500",PVC (tCO2e),UNIT
29 Mar 2023,2020 - 2021,The Yaeda-Eyasi Landscape REDD project(old),,"Retired on behalf of Native, a Public Benefit Corporation supporter",Plan Vivo,REDD,"1,848",PVC (tCO2e),UNIT
28 Mar 2023,2022,The CommuniTree Carbon Program (formerly Limay Community Carbon Project),,Springer Nature Group,Plan Vivo,Forest,"8,000",PVC (tCO2e),UNIT
28 Mar 2023,2022,The CommuniTree Carbon Program (formerly Limay Community Carbon Project),,Springer Nature Group,Plan Vivo,Forest,"10,000",PVC (tCO2e),UNIT
09 Sep 2024,2022,Mikoko Pamoja,,Sustainable Travel International,Plan Vivo,Forest Conservation & Avoided Deforestation,100,PVC (tCO2e),UNIT
13 Mar 2023,2021 - 2022,The Yaeda-Eyasi Landscape REDD project,,Grumeti Reserves,Plan Vivo,REDD,244,PVC (tCO2e),UNIT
10 Mar 2023,2017 - 2018,Rehabilitation and sustainable management by AGED of degraded pastures in the Sahel region of Burkina Faso,,LuxDev S.A (L'Agence Luxembourgeoise pour lacoopération au développement) basé à Luxembourg,Plan Vivo,Afforestation / Reforestation,1,PVC (tCO2e),UNIT
10 Mar 2023,2021 - 2022,The Yaeda-Eyasi Landscape REDD project,,Grumeti Air,Plan Vivo,REDD,"2,453",PVC (tCO2e),UNIT
10 Mar 2023,2021 - 2022,The Yaeda-Eyasi Landscape REDD project,,Maliasili Initiatives,Plan Vivo,REDD,297,PVC (tCO2e),UNIT
10 Mar 2023,2021 - 2022,The Yaeda-Eyasi Landscape REDD project,,Elewana,Plan Vivo,REDD,168,PVC (tCO2e),UNIT
27 Apr 2020,2018 - 2019,The CommuniTree Carbon Program (formerly Limay Community Carbon Project),,Anders Sancho,Plan Vivo,Forest,2,PVC (tCO2e),UNIT
28 Feb 2020,2018,Khasi Hills Community REDD+ Project: Restoring and Conserving Meghalaya's Hill ForestsThrough Community Action,,Kronägg,Plan Vivo,REDD,"7,344",PVC (tCO2e),UNIT
28 Feb 2020,2016,Khasi Hills Community REDD+ Project: Restoring and Conserving Meghalaya's Hill ForestsThrough Community Action,,Kakservice,Plan Vivo,REDD,763,PVC (tCO2e),UNIT
28 Feb 2020,2016,Khasi Hills Community REDD+ Project: Restoring and Conserving Meghalaya's Hill ForestsThrough Community Action,,Kronägg,Plan Vivo,REDD,"4,523",PVC (tCO2e),UNIT
28 Feb 2020,2016,Khasi Hills Community REDD+ Project: Restoring and Conserving Meghalaya's Hill ForestsThrough Community Action,,Reachlog,Plan Vivo,REDD,12,PVC (tCO2e),UNIT
28 Feb 2020,2016,Khasi Hills Community REDD+ Project: Restoring and Conserving Meghalaya's Hill ForestsThrough Community Action,,Strömqvist Legal and Language Services,Plan Vivo,REDD,4,PVC (tCO2e),UNIT
28 Feb 2020,2016,Khasi Hills Community REDD+ Project: Restoring and Conserving Meghalaya's Hill ForestsThrough Community Action,,Gabriel Romanus,Plan Vivo,REDD,3,PVC (tCO2e),UNIT
02 Mar 2020,2018 - 2019,The CommuniTree Carbon Program (formerly Limay Community Carbon Project),,Arvid Nordquist HAB,Plan Vivo,Forest,"15,426",PVC (tCO2e),UNIT
02 Mar 2020,2018 - 2019,The CommuniTree Carbon Program (formerly Limay Community Carbon Project),,Axis Communications,Plan Vivo,Forest,"1,858",PVC (tCO2e),UNIT
11 Mar 2020,2014,Durian Rambun,,Warner Music Denmark,Plan Vivo,REDD,215,PVC (tCO2e),UNIT
11 Mar 2020,2014,Durian Rambun,,QBox,Plan Vivo,REDD,65,PVC (tCO2e),UNIT
11 Mar 2020,2014,Durian Rambun,,Gröna Bilister,Plan Vivo,REDD,21,PVC (tCO2e),UNIT
12 Mar 2020,2018,Khasi Hills Community REDD+ Project: Restoring and Conserving Meghalaya's Hill ForestsThrough Community Action,,Gotlandsägg,Plan Vivo,REDD,"1,810",PVC (tCO2e),UNIT
08 Apr 2020,2019 - 2020,EthioTrees: Ecosystem restoration and agroforestry by landless and smallholder farmers in Tigray (North Ethiopia),,S-Group Holding,Plan Vivo,Forest Restoration,"2,000",PVC (tCO2e),UNIT
19 Sep 2022,2019 - 2020,EthioTrees: Ecosystem restoration and agroforestry by landless and smallholder farmers in Tigray (North Ethiopia),,Qframe nv,Plan Vivo,Forest Restoration,25,PVC (tCO2e),UNIT
27 Mar 2020,2018 - 2019,The Yaeda-Eyasi Landscape REDD project(old),,BioGaia,Plan Vivo,REDD,750,PVC (tCO2e),UNIT
27 May 2020,2018 - 2019,The Yaeda-Eyasi Landscape REDD project(old),,Springer Nature Ltd,Plan Vivo,REDD,500,PVC (tCO2e),UNIT
08 Sep 2019,2018,Mikoko Pamoja,,TROPIMUNDO,Plan Vivo,Forest Conservation & Avoided Deforestation,190,PVC (tCO2e),UNIT
12 Sep 2019,2016 - 2017,The Yaeda-Eyasi Landscape REDD project(old),,Bengt Dahlgren B&R,Plan Vivo,REDD,49,PVC (tCO2e),UNIT
12 Sep 2019,2016 - 2017,The Yaeda-Eyasi Landscape REDD project(old),,Bengt Dahlgren Stockholm,Plan Vivo,REDD,51,PVC (tCO2e),UNIT
12 Sep 2019,2016 - 2017,The Yaeda-Eyasi Landscape REDD project(old),,Bengt Dahlgren Syd,Plan Vivo,REDD,37,PVC (tCO2e),UNIT
12 Sep 2019,2016 - 2017,The Yaeda-Eyasi Landscape REDD project(old),,Bengt Dahlgren Linköping,Plan Vivo,REDD,10,PVC (tCO2e),UNIT
12 Sep 2019,2016 - 2017,The Yaeda-Eyasi Landscape REDD project(old),,Bengt Dahlgren Skövde,Plan Vivo,REDD,13,PVC (tCO2e),UNIT
12 Sep 2019,2016 - 2017,The Yaeda-Eyasi Landscape REDD project(old),,IT-Mästaren,Plan Vivo,REDD,146,PVC (tCO2e),UNIT
12 Sep 2019,2017,Mikoko Pamoja,,Jenny Blomberg,Plan Vivo,Forest Conservation & Avoided Deforestation,1,PVC (tCO2e),UNIT
12 Sep 2019,2016,Trees for Global Benefits,,MAX Burgers,Plan Vivo,Afforestation / Reforestation,"55,340",PVC (tCO2e),UNIT
12 Sep 2019,2018,Trees for Global Benefits,,MAX Burgers,Plan Vivo,Afforestation / Reforestation,"55,340",PVC (tCO2e),UNIT
12 Sep 2019,2018,Trees for Global Benefits,,MAX Burgers,Plan Vivo,Afforestation / Reforestation,"22,161",PVC (tCO2e),UNIT
12 Sep 2019,2016,Trees for Global Benefits,,Arla,Plan Vivo,Afforestation / Reforestation,"4,223",PVC (tCO2e),UNIT
12 Sep 2019,2018,Trees for Global Benefits,,Arla,Plan Vivo,Afforestation / Reforestation,"4,776",PVC (tCO2e),UNIT
08 Sep 2019,2018,Mikoko Pamoja,,TROPIMUNDO,Plan Vivo,Forest Conservation & Avoided Deforestation,190,PVC (tCO2e),UNIT
27 May 2020,2018 - 2019,The Yaeda-Eyasi Landscape REDD project(old),,Springer Nature Ltd,Plan Vivo,REDD,500,PVC (tCO2e),UNIT
27 Mar 2020,2018 - 2019,The Yaeda-Eyasi Landscape REDD project(old),,BioGaia,Plan Vivo,REDD,750,PVC (tCO2e),UNIT
04 Sep 2019,2018 - 2019,The Yaeda-Eyasi Landscape REDD project(old),,Andrew Williams,Plan Vivo,REDD,474,PVC (tCO2e),UNIT
20 Aug 2019,2018,Mikoko Pamoja,,Arcadia Fund,Plan Vivo,Forest Conservation & Avoided Deforestation,851,PVC (tCO2e),UNIT
12 Sep 2019,2018,Trees for Global Benefits,,Arla,Plan Vivo,Afforestation / Reforestation,"4,359",PVC (tCO2e),UNIT
12 Sep 2019,2018,Trees for Global Benefits,,Kaj Torok,Plan Vivo,Afforestation / Reforestation,50,PVC (tCO2e),UNIT
12 Sep 2019,2016,Trees for Global Benefits,,Hyresgästföreningen,Plan Vivo,Afforestation / Reforestation,23,PVC (tCO2e),UNIT
17 Apr 2020,2012 - 2013,Drawa Rainforest Carbon Project,,Nordax Group,Plan Vivo,Improved forest management,400,PVC (tCO2e),UNIT
28 Feb 2020,2016,Khasi Hills Community REDD+ Project: Restoring and Conserving Meghalaya's Hill ForestsThrough Community Action,,Reachlog,Plan Vivo,REDD,12,PVC (tCO2e),UNIT
17 Apr 2020,2012 - 2013,Drawa Rainforest Carbon Project,,Nordax Group,Plan Vivo,Improved forest management,15,PVC (tCO2e),UNIT
17 Apr 2020,2013 - 2014,Drawa Rainforest Carbon Project,,Nordax Group,Plan Vivo,Improved forest management,5,PVC (tCO2e),UNIT
09 Jun 2019,2018,Mikoko Pamoja,,Charles and Kate Hussey,Plan Vivo,Forest Conservation & Avoided Deforestation,36,PVC (tCO2e),UNIT
09 Jun 2019,2018,Mikoko Pamoja,,Ruth Malleson,Plan Vivo,Forest Conservation & Avoided Deforestation,12,PVC (tCO2e),UNIT
10 Jul 2019,2015 - 2016,"Pasture Conservation and Climate Action , Mongolia",,Soft Goat AB,Plan Vivo,Agriculture land management,25,PVC (tCO2e),UNIT
08 Dec 2022,2020,Khasi Hills Community REDD+ Project: Restoring and Conserving Meghalaya's Hill ForestsThrough Community Action,,,Plan Vivo,REDD,45,PVC (tCO2e),UNIT
08 Dec 2022,2020,Khasi Hills Community REDD+ Project: Restoring and Conserving Meghalaya's Hill ForestsThrough Community Action,,,Plan Vivo,REDD,24,PVC (tCO2e),UNIT
08 Dec 2022,2020,Khasi Hills Community REDD+ Project: Restoring and Conserving Meghalaya's Hill ForestsThrough Community Action,,,Plan Vivo,REDD,22,PVC (tCO2e),UNIT
08 Dec 2022,2020,Khasi Hills Community REDD+ Project: Restoring and Conserving Meghalaya's Hill ForestsThrough Community Action,,,Plan Vivo,REDD,16,PVC (tCO2e),UNIT
08 Dec 2022,2020,Khasi Hills Community REDD+ Project: Restoring and Conserving Meghalaya's Hill ForestsThrough Community Action,,,Plan Vivo,REDD,32,PVC (tCO2e),UNIT
08 Dec 2022,2020,Khasi Hills Community REDD+ Project: Restoring and Conserving Meghalaya's Hill ForestsThrough Community Action,,,Plan Vivo,REDD,12,PVC (tCO2e),UNIT
08 Dec 2022,2020,Khasi Hills Community REDD+ Project: Restoring and Conserving Meghalaya's Hill ForestsThrough Community Action,,,Plan Vivo,REDD,9,PVC (tCO2e),UNIT
08 Dec 2022,2020,Khasi Hills Community REDD+ Project: Restoring and Conserving Meghalaya's Hill ForestsThrough Community Action,,,Plan Vivo,REDD,21,PVC (tCO2e),UNIT
08 Dec 2022,2020,Khasi Hills Community REDD+ Project: Restoring and Conserving Meghalaya's Hill ForestsThrough Community Action,,,Plan Vivo,REDD,121,PVC (tCO2e),UNIT
08 Dec 2022,2020,Khasi Hills Community REDD+ Project: Restoring and Conserving Meghalaya's Hill ForestsThrough Community Action,,,Plan Vivo,REDD,111,PVC (tCO2e),UNIT
08 Dec 2022,2020,Khasi Hills Community REDD+ Project: Restoring and Conserving Meghalaya's Hill ForestsThrough Community Action,,,Plan Vivo,REDD,94,PVC (tCO2e),UNIT
08 Dec 2022,2020,Khasi Hills Community REDD+ Project: Restoring and Conserving Meghalaya's Hill ForestsThrough Community Action,,,Plan Vivo,REDD,58,PVC (tCO2e),UNIT
08 Dec 2022,2020,Khasi Hills Community REDD+ Project: Restoring and Conserving Meghalaya's Hill ForestsThrough Community Action,,,Plan Vivo,REDD,36,PVC (tCO2e),UNIT
08 Dec 2022,2020,Khasi Hills Community REDD+ Project: Restoring and Conserving Meghalaya's Hill ForestsThrough Community Action,,,Plan Vivo,REDD,23,PVC (tCO2e),UNIT
08 Dec 2022,2020,Khasi Hills Community REDD+ Project: Restoring and Conserving Meghalaya's Hill ForestsThrough Community Action,,,Plan Vivo,REDD,14,PVC (tCO2e),UNIT
29 Mar 2023,2019 - 2020,The Yaeda-Eyasi Landscape REDD project(old),,"Retired on behalf of Native, a Public Benefit Corporation supporter",Plan Vivo,REDD,"1,550",PVC (tCO2e),UNIT
29 Mar 2023,2020 - 2021,The Yaeda-Eyasi Landscape REDD project(old),,"Retired on behalf of Native, a Public Benefit Corporation supporter",Plan Vivo,REDD,135,PVC (tCO2e),UNIT
29 Mar 2023,2019 - 2020,The Yaeda-Eyasi Landscape REDD project(old),,"Retired on behalf of Native, a Public Benefit Corporation supporter",Plan Vivo,REDD,750,PVC (tCO2e),UNIT
29 Mar 2023,2020 - 2021,The Yaeda-Eyasi Landscape REDD project(old),,"Retired on behalf of Native, a Public Benefit Corporation supporter",Plan Vivo,REDD,"1,448",PVC (tCO2e),UNIT
29 Mar 2023,2020 - 2021,The Yaeda-Eyasi Landscape REDD project(old),,"Retired on behalf of Native, a Public Benefit Corporation supporter",Plan Vivo,REDD,405,PVC (tCO2e),UNIT
29 Mar 2023,2020 - 2021,The Yaeda-Eyasi Landscape REDD project(old),,"Retired on behalf of Native, a Public Benefit Corporation supporter",Plan Vivo,REDD,874,PVC (tCO2e),UNIT
29 Mar 2023,2020 - 2021,The Yaeda-Eyasi Landscape REDD project(old),,"Retired on behalf of Native, a Public Benefit Corporation supporter",Plan Vivo,REDD,"1,602",PVC (tCO2e),UNIT
29 Mar 2023,2020 - 2021,The Yaeda-Eyasi Landscape REDD project(old),,"Retired on behalf of Native, a Public Benefit Corporation supporter",Plan Vivo,REDD,"1,347",PVC (tCO2e),UNIT
29 Mar 2023,2020 - 2021,The Yaeda-Eyasi Landscape REDD project(old),,"Retired on behalf of Native, a Public Benefit Corporation supporter",Plan Vivo,REDD,65,PVC (tCO2e),UNIT
29 Mar 2023,2020 - 2021,The Yaeda-Eyasi Landscape REDD project(old),,"Retired on behalf of Native, a Public Benefit Corporation supporter",Plan Vivo,REDD,"2,601",PVC (tCO2e),UNIT
09 Sep 2013,2012,The CommuniTree Carbon Program (formerly Limay Community Carbon Project),,,Plan Vivo,Forest,11,PVC (tCO2e),UNIT
29 Mar 2023,2020 - 2021,The Yaeda-Eyasi Landscape REDD project(old),,"Retired on behalf of Native, a Public Benefit Corporation supporter",Plan Vivo,REDD,300,PVC (tCO2e),UNIT
18 Mar 2019,2012,The CommuniTree Carbon Program (formerly Limay Community Carbon Project),,myclimate,Plan Vivo,Forest,"1,274",PVC (tCO2e),UNIT
29 Mar 2023,2020 - 2021,The Yaeda-Eyasi Landscape REDD project(old),,"Retired on behalf of Native, a Public Benefit Corporation supporter",Plan Vivo,REDD,"1,221",PVC (tCO2e),UNIT
29 Mar 2023,2020 - 2021,The Yaeda-Eyasi Landscape REDD project(old),,"Retired on behalf of Native, a Public Benefit Corporation supporter",Plan Vivo,REDD,"1,914",PVC (tCO2e),UNIT
12 Sep 2019,2016 - 2017,The Yaeda-Eyasi Landscape REDD project(old),,IT-Mästaren,Plan Vivo,REDD,146,PVC (tCO2e),UNIT
12 Sep 2019,2017,Mikoko Pamoja,,Jenny Blomberg,Plan Vivo,Forest Conservation & Avoided Deforestation,1,PVC (tCO2e),UNIT
12 Sep 2019,2016,Trees for Global Benefits,,MAX Burgers,Plan Vivo,Afforestation / Reforestation,"55,340",PVC (tCO2e),UNIT
12 Sep 2019,2018,Trees for Global Benefits,,MAX Burgers,Plan Vivo,Afforestation / Reforestation,"55,340",PVC (tCO2e),UNIT
12 Sep 2019,2018,Trees for Global Benefits,,MAX Burgers,Plan Vivo,Afforestation / Reforestation,"22,161",PVC (tCO2e),UNIT
12 Sep 2019,2016,Trees for Global Benefits,,Arla,Plan Vivo,Afforestation / Reforestation,"4,223",PVC (tCO2e),UNIT
12 Sep 2019,2018,Trees for Global Benefits,,Arla,Plan Vivo,Afforestation / Reforestation,"4,776",PVC (tCO2e),UNIT
12 Sep 2019,2018,Trees for Global Benefits,,MAX Norway,Plan Vivo,Afforestation / Reforestation,"1,952",PVC (tCO2e),UNIT
12 Sep 2019,2018,Trees for Global Benefits,,MAX Norway,Plan Vivo,Afforestation / Reforestation,"2,160",PVC (tCO2e),UNIT
12 Sep 2019,2016,Trees for Global Benefits,,Antalis,Plan Vivo,Afforestation / Reforestation,800,PVC (tCO2e),UNIT
12 Sep 2019,2016,Trees for Global Benefits,,Axis Communication,Plan Vivo,Afforestation / Reforestation,"1,889",PVC (tCO2e),UNIT
12 Sep 2019,2018,Trees for Global Benefits,,Arla,Plan Vivo,Afforestation / Reforestation,416,PVC (tCO2e),UNIT
12 Sep 2019,2016,Trees for Global Benefits,,Hyresgästföreningen,Plan Vivo,Afforestation / Reforestation,2,PVC (tCO2e),UNIT
12 Sep 2019,2018,Trees for Global Benefits,,DGC,Plan Vivo,Afforestation / Reforestation,200,PVC (tCO2e),UNIT
12 Sep 2019,2018,Trees for Global Benefits,,WeTravel Group,Plan Vivo,Afforestation / Reforestation,94,PVC (tCO2e),UNIT
20 Dec 2024,2022,gula gula food forest program,,Siemens AG,Plan Vivo,Afforestation / Reforestation,36,PVC (tCO2e),UNIT
04 Dec 2024,2023,Mikoko Pamoja,,MSc Marine and Lacustrine Science and Management (Oceans & Lakes),Plan Vivo,Forest Conservation & Avoided Deforestation,50,PVC (tCO2e),UNIT
21 Jul 2014,2010,Trees of Hope,,,Plan Vivo,Afforestation / Reforestation,"3,082",PVC (tCO2e),UNIT
21 Jul 2014,2010,Trees of Hope,,,Plan Vivo,Afforestation / Reforestation,700,PVC (tCO2e),UNIT
21 Jul 2014,2010,Trees of Hope,,,Plan Vivo,Afforestation / Reforestation,300,PVC (tCO2e),UNIT
06 Sep 2024,2022,gula gula food forest program,,"Siemens Ltd., China",Plan Vivo,Afforestation / Reforestation,6,PVC (tCO2e),UNIT
03 Sep 2024,2023,Mikoko Pamoja,,Levin Sources,Plan Vivo,Forest Conservation & Avoided Deforestation,42,PVC (tCO2e),UNIT
15 Feb 2017,2010,Trees of Hope,,,Plan Vivo,Afforestation / Reforestation,532,PVC (tCO2e),UNIT
11 Dec 2022,2016,Rarakau Rainforest Carbon Project,,,Plan Vivo,Improved forest management,108,PVC (tCO2e),UNIT
11 Dec 2022,2016,Rarakau Rainforest Carbon Project,,,Plan Vivo,Improved forest management,90,PVC (tCO2e),UNIT
11 Dec 2022,2016,Rarakau Rainforest Carbon Project,,,Plan Vivo,Improved forest management,59,PVC (tCO2e),UNIT
28 Dec 2016,2010,Scolel té Natural Resources Management and Carbon Sequestration Project (Scolel té Natural Resources Management and Carbon Sequestration Project),,,Plan Vivo,Afforestation / Reforestation,28,PVC (tCO2e),UNIT
11 Dec 2022,2016,Rarakau Rainforest Carbon Project,,,Plan Vivo,Improved forest management,34,PVC (tCO2e),UNIT
12 Aug 2014,2011,Trees for Global Benefits,,,Plan Vivo,Afforestation / Reforestation,"10,000",PVC (tCO2e),UNIT
29 Sep 2014,2013,Trees for Global Benefits,,,Plan Vivo,Afforestation / Reforestation,"5,000",PVC (tCO2e),UNIT
13 Jul 2020,2015,Rarakau Rainforest Carbon Project,,,Plan Vivo,Improved forest management,269,PVC (tCO2e),UNIT
13 Jul 2020,2015,Rarakau Rainforest Carbon Project,,,Plan Vivo,Improved forest management,41,PVC (tCO2e),UNIT
13 Jul 2020,2015,Rarakau Rainforest Carbon Project,,,Plan Vivo,Improved forest management,51,PVC (tCO2e),UNIT
13 Jul 2020,2015,Rarakau Rainforest Carbon Project,,,Plan Vivo,Improved forest management,52,PVC (tCO2e),UNIT
13 Jul 2020,2015,Rarakau Rainforest Carbon Project,,,Plan Vivo,Improved forest management,75,PVC (tCO2e),UNIT
13 Jul 2020,2015,Rarakau Rainforest Carbon Project,,,Plan Vivo,Improved forest management,89,PVC (tCO2e),UNIT
13 Jul 2020,2015,Rarakau Rainforest Carbon Project,,,Plan Vivo,Improved forest management,18,PVC (tCO2e),UNIT
13 Jul 2020,2015,Rarakau Rainforest Carbon Project,,,Plan Vivo,Improved forest management,12,PVC (tCO2e),UNIT
13 Jul 2020,2016,Rarakau Rainforest Carbon Project,,,Plan Vivo,Improved forest management,123,PVC (tCO2e),UNIT
13 Jul 2020,2016,Rarakau Rainforest Carbon Project,,,Plan Vivo,Improved forest management,131,PVC (tCO2e),UNIT
13 Jul 2020,2016,Rarakau Rainforest Carbon Project,,,Plan Vivo,Improved forest management,46,PVC (tCO2e),UNIT
13 Jul 2020,2016,Rarakau Rainforest Carbon Project,,,Plan Vivo,Improved forest management,82,PVC (tCO2e),UNIT
13 Jul 2020,2016,Rarakau Rainforest Carbon Project,,,Plan Vivo,Improved forest management,96,PVC (tCO2e),UNIT
13 Jul 2020,2016,Rarakau Rainforest Carbon Project,,,Plan Vivo,Improved forest management,23,PVC (tCO2e),UNIT
13 Jul 2020,2016,Rarakau Rainforest Carbon Project,,,Plan Vivo,Improved forest management,26,PVC (tCO2e),UNIT
12 Dec 2022,2018,Rarakau Rainforest Carbon Project,,,Plan Vivo,Improved forest management,3,PVC (tCO2e),UNIT
12 Dec 2022,2016,Rarakau Rainforest Carbon Project,,,Plan Vivo,Improved forest management,4,PVC (tCO2e),UNIT
12 Dec 2022,2015,Rarakau Rainforest Carbon Project,,,Plan Vivo,Improved forest management,3,PVC (tCO2e),UNIT
29 Jul 2019,2015 - 2016,"Pasture Conservation and Climate Action , Mongolia",,Paul Lemaistre,Plan Vivo,Agriculture land management,40,PVC (tCO2e),UNIT
04 Jun 2021,2018,Mikoko Pamoja,,Wasafiri,Plan Vivo,Forest Conservation & Avoided Deforestation,7,PVC (tCO2e),UNIT
02 Aug 2019,2016,Khasi Hills Community REDD+ Project: Restoring and Conserving Meghalaya's Hill ForestsThrough Community Action,,Anki and Martin,Plan Vivo,REDD,9,PVC (tCO2e),UNIT
02 Aug 2019,2016,Khasi Hills Community REDD+ Project: Restoring and Conserving Meghalaya's Hill ForestsThrough Community Action,,Furry Friends,Plan Vivo,REDD,56,PVC (tCO2e),UNIT
02 Aug 2019,2014,Bujang Raba Community PES Project,,Hermansson & Co,Plan Vivo,REDD,452,PVC (tCO2e),UNIT
02 Aug 2019,2014,Bujang Raba Community PES Project,,Ecometrica,Plan Vivo,REDD,210,PVC (tCO2e),UNIT
02 Aug 2019,2014,Bujang Raba Community PES Project,,Hyresgästföreningen,Plan Vivo,REDD,22,PVC (tCO2e),UNIT
02 Aug 2019,2014,Bujang Raba Community PES Project,,Gröna Bilister,Plan Vivo,REDD,15,PVC (tCO2e),UNIT
02 Aug 2019,2014,Bujang Raba Community PES Project,,B3 Consulting Group,Plan Vivo,REDD,107,PVC (tCO2e),UNIT
02 Aug 2019,2014,Bujang Raba Community PES Project,,S-Group Holding,Plan Vivo,REDD,10,PVC (tCO2e),UNIT
02 Aug 2019,2014,Bujang Raba Community PES Project,,FoodTankers,Plan Vivo,REDD,16,PVC (tCO2e),UNIT
02 Aug 2019,2017 - 2018,The CommuniTree Carbon Program (formerly Limay Community Carbon Project),,Internetstiftelsen i Sverige (IIS),Plan Vivo,Forest,14,PVC (tCO2e),UNIT
02 Oct 2017,2014,Trees for Global Benefits,,,Plan Vivo,Afforestation / Reforestation,27,PVC (tCO2e),UNIT
13 Jul 2020,2014,Rarakau Rainforest Carbon Project,,,Plan Vivo,Improved forest management,11,PVC (tCO2e),UNIT
10 Jul 2020,2015,Rarakau Rainforest Carbon Project,,,Plan Vivo,Improved forest management,118,PVC (tCO2e),UNIT
10 Jul 2020,2015,Rarakau Rainforest Carbon Project,,,Plan Vivo,Improved forest management,47,PVC (tCO2e),UNIT
23 Dec 2024,2021,Trees for Global Benefits,,Miele & Cie. KG,Plan Vivo,Afforestation / Reforestation,"10,000",PVC (tCO2e),UNIT
11 Jul 2017,2013,Trees of Hope,,,Plan Vivo,Afforestation / Reforestation,100,PVC (tCO2e),UNIT
23 May 2015,2012,The Yaeda-Eyasi Landscape REDD project(old),,,Plan Vivo,REDD,80,PVC (tCO2e),UNIT
23 May 2015,2012,The Yaeda-Eyasi Landscape REDD project(old),,,Plan Vivo,REDD,612,PVC (tCO2e),UNIT
23 May 2015,2012,The Yaeda-Eyasi Landscape REDD project(old),,,Plan Vivo,REDD,43,PVC (tCO2e),UNIT
23 May 2015,2012,The Yaeda-Eyasi Landscape REDD project(old),,,Plan Vivo,REDD,57,PVC (tCO2e),UNIT
23 May 2015,2012,The Yaeda-Eyasi Landscape REDD project(old),,,Plan Vivo,REDD,117,PVC (tCO2e),UNIT
23 May 2015,2012,The Yaeda-Eyasi Landscape REDD project(old),,,Plan Vivo,REDD,10,PVC (tCO2e),UNIT
23 May 2015,2012,The Yaeda-Eyasi Landscape REDD project(old),,,Plan Vivo,REDD,203,PVC (tCO2e),UNIT
23 May 2015,2012,The Yaeda-Eyasi Landscape REDD project(old),,,Plan Vivo,REDD,195,PVC (tCO2e),UNIT
23 May 2015,2012,The Yaeda-Eyasi Landscape REDD project(old),,,Plan Vivo,REDD,57,PVC (tCO2e),UNIT
15 Jul 2015,2014,Mikoko Pamoja,,,Plan Vivo,Forest Conservation & Avoided Deforestation,2,PVC (tCO2e),UNIT
11 Mar 2019,2017 - 2018,The Yaeda-Eyasi Landscape REDD project(old),,The Map's Edge,Plan Vivo,REDD,"1,014",PVC (tCO2e),UNIT
11 Mar 2019,2017 - 2018,The Yaeda-Eyasi Landscape REDD project(old),,African Environments,Plan Vivo,REDD,806,PVC (tCO2e),UNIT
13 Feb 2019,2015 - 2016,Rehabilitation and sustainable management by AGED of degraded pastures in the Sahel region of Burkina Faso,,Serco,Plan Vivo,Afforestation / Reforestation,24,PVC (tCO2e),UNIT
07 Jan 2019,2014,Durian Rambun,,Mikael Kihlblom,Plan Vivo,REDD,10,PVC (tCO2e),UNIT
07 Jan 2019,2014,Durian Rambun,,Biogaia,Plan Vivo,REDD,842,PVC (tCO2e),UNIT
04 Dec 2024,2023,Mikoko Pamoja,,MSc Marine and Lacustrine Science and Management (Oceans & Lakes),Plan Vivo,Forest Conservation & Avoided Deforestation,50,PVC (tCO2e),UNIT
15 Jun 2016,2013,The Yaeda-Eyasi Landscape REDD project(old),,,Plan Vivo,REDD,165,PVC (tCO2e),UNIT
11 Dec 2022,2016,Rarakau Rainforest Carbon Project,,,Plan Vivo,Improved forest management,90,PVC (tCO2e),UNIT
11 Dec 2022,2016,Rarakau Rainforest Carbon Project,,,Plan Vivo,Improved forest management,59,PVC (tCO2e),UNIT
02 Oct 2015,2011,Emiti Nibwo Bulora,,,Plan Vivo,Afforestation / Reforestation,40,PVC (tCO2e),UNIT
02 Oct 2015,2011,Emiti Nibwo Bulora,,,Plan Vivo,Afforestation / Reforestation,127,PVC (tCO2e),UNIT
02 Oct 2015,2011,Emiti Nibwo Bulora,,,Plan Vivo,Afforestation / Reforestation,10,PVC (tCO2e),UNIT
02 Oct 2015,2011,Emiti Nibwo Bulora,,,Plan Vivo,Afforestation / Reforestation,2,PVC (tCO2e),UNIT
02 Oct 2015,2011,Emiti Nibwo Bulora,,,Plan Vivo,Afforestation / Reforestation,33,PVC (tCO2e),UNIT
21 Nov 2018,2012 - 2013,Drawa Rainforest Carbon Project,,Nordax Group,Plan Vivo,Improved forest management,706,PVC (tCO2e),UNIT
21 Nov 2018,2016 - 2017,The Yaeda-Eyasi Landscape REDD project(old),,Warner Denmark,Plan Vivo,REDD,113,PVC (tCO2e),UNIT
09 Jul 2019,2014,Bujang Raba Community PES Project,,Äventyrsresor,Plan Vivo,REDD,9,PVC (tCO2e),UNIT
09 Jul 2019,2014,Bujang Raba Community PES Project,,S-Group Holding,Plan Vivo,REDD,174,PVC (tCO2e),UNIT
26 Nov 2018,2016 - 2017,The Yaeda-Eyasi Landscape REDD project(old),,Bagarmossens Scoutkår,Plan Vivo,REDD,15,PVC (tCO2e),UNIT
28 Nov 2018,2017 - 2018,EthioTrees: Ecosystem restoration and agroforestry by landless and smallholder farmers in Tigray (North Ethiopia),,Äventyrsresor kund,Plan Vivo,Forest Restoration,4,PVC (tCO2e),UNIT
28 Nov 2018,2017 - 2018,EthioTrees: Ecosystem restoration and agroforestry by landless and smallholder farmers in Tigray (North Ethiopia),,Arvid Nordquist HAB,Plan Vivo,Forest Restoration,120,PVC (tCO2e),UNIT
28 Nov 2018,2017 - 2018,EthioTrees: Ecosystem restoration and agroforestry by landless and smallholder farmers in Tigray (North Ethiopia),,Arvid Nordquist HAB,Plan Vivo,Forest Restoration,"4,742",PVC (tCO2e),UNIT
08 Dec 2022,2020,Khasi Hills Community REDD+ Project: Restoring and Conserving Meghalaya's Hill ForestsThrough Community Action,,,Plan Vivo,REDD,32,PVC (tCO2e),UNIT
20 Dec 2018,2017,Mikoko Pamoja,,The Koedam family,Plan Vivo,Forest Conservation & Avoided Deforestation,11,PVC (tCO2e),UNIT
08 Dec 2022,2020,Khasi Hills Community REDD+ Project: Restoring and Conserving Meghalaya's Hill ForestsThrough Community Action,,,Plan Vivo,REDD,12,PVC (tCO2e),UNIT
06 May 2020,2017,Scolel té Natural Resources Management and Carbon Sequestration Project (Scolel té Natural Resources Management and Carbon Sequestration Project),,Smiling Faces,Plan Vivo,Afforestation / Reforestation,10,PVC (tCO2e),UNIT
08 Dec 2022,2020,Khasi Hills Community REDD+ Project: Restoring and Conserving Meghalaya's Hill ForestsThrough Community Action,,,Plan Vivo,REDD,9,PVC (tCO2e),UNIT
08 Dec 2022,2020,Khasi Hills Community REDD+ Project: Restoring and Conserving Meghalaya's Hill ForestsThrough Community Action,,,Plan Vivo,REDD,21,PVC (tCO2e),UNIT
18 Mar 2019,2013,The CommuniTree Carbon Program (formerly Limay Community Carbon Project),,myclimate,Plan Vivo,Forest,"4,039",PVC (tCO2e),UNIT
23 May 2015,2012,The Yaeda-Eyasi Landscape REDD project(old),,,Plan Vivo,REDD,612,PVC (tCO2e),UNIT
23 May 2015,2012,The Yaeda-Eyasi Landscape REDD project(old),,,Plan Vivo,REDD,43,PVC (tCO2e),UNIT
23 May 2015,2012,The Yaeda-Eyasi Landscape REDD project(old),,,Plan Vivo,REDD,57,PVC (tCO2e),UNIT
23 May 2015,2012,The Yaeda-Eyasi Landscape REDD project(old),,,Plan Vivo,REDD,117,PVC (tCO2e),UNIT
23 May 2015,2012,The Yaeda-Eyasi Landscape REDD project(old),,,Plan Vivo,REDD,10,PVC (tCO2e),UNIT
23 May 2015,2012,The Yaeda-Eyasi Landscape REDD project(old),,,Plan Vivo,REDD,203,PVC (tCO2e),UNIT
23 May 2015,2012,The Yaeda-Eyasi Landscape REDD project(old),,,Plan Vivo,REDD,195,PVC (tCO2e),UNIT
23 May 2015,2012,The Yaeda-Eyasi Landscape REDD project(old),,,Plan Vivo,REDD,57,PVC (tCO2e),UNIT
24 May 2015,2012,The Yaeda-Eyasi Landscape REDD project(old),,,Plan Vivo,REDD,147,PVC (tCO2e),UNIT
24 May 2015,2012,The Yaeda-Eyasi Landscape REDD project(old),,,Plan Vivo,REDD,56,PVC (tCO2e),UNIT
24 May 2015,2012,The Yaeda-Eyasi Landscape REDD project(old),,,Plan Vivo,REDD,54,PVC (tCO2e),UNIT
24 May 2015,2013,The Yaeda-Eyasi Landscape REDD project(old),,,Plan Vivo,REDD,779,PVC (tCO2e),UNIT
26 May 2015,2012,The Yaeda-Eyasi Landscape REDD project(old),,,Plan Vivo,REDD,77,PVC (tCO2e),UNIT
26 May 2015,2012,The Yaeda-Eyasi Landscape REDD project(old),,,Plan Vivo,REDD,124,PVC (tCO2e),UNIT
26 May 2015,2012,The Yaeda-Eyasi Landscape REDD project(old),,,Plan Vivo,REDD,23,PVC (tCO2e),UNIT
30 May 2023,2018 - 2019,Drawa Rainforest Carbon Project,,Nordnet AB,Plan Vivo,Improved forest management,169,PVC (tCO2e),UNIT
30 May 2023,2021,Mikoko Pamoja,,IVL Svenska Miljöinstitutet AB,Plan Vivo,Forest Conservation & Avoided Deforestation,158,PVC (tCO2e),UNIT
12 Sep 2019,2018,Trees for Global Benefits,,DGC,Plan Vivo,Afforestation / Reforestation,200,PVC (tCO2e),UNIT
12 Sep 2019,2016,Trees for Global Benefits,,Hyresgästföreningen,Plan Vivo,Afforestation / Reforestation,2,PVC (tCO2e),UNIT
21 Apr 2023,2022,The CommuniTree Carbon Program (formerly Limay Community Carbon Project),,Block Inc,Plan Vivo,Forest,"10,743",PVC (tCO2e),UNIT
21 Apr 2023,2022,The CommuniTree Carbon Program (formerly Limay Community Carbon Project),,Rydoo,Plan Vivo,Forest,57,PVC (tCO2e),UNIT
21 Apr 2023,2022,The CommuniTree Carbon Program (formerly Limay Community Carbon Project),,Robinhood Markets Inc,Plan Vivo,Forest,657,PVC (tCO2e),UNIT
21 Apr 2023,2022,The CommuniTree Carbon Program (formerly Limay Community Carbon Project),,Spotify AB,Plan Vivo,Forest,193,PVC (tCO2e),UNIT
21 Apr 2023,2021,The CommuniTree Carbon Program (formerly Limay Community Carbon Project),,Block Inc,Plan Vivo,Forest,"4,200",PVC (tCO2e),UNIT
21 Apr 2023,2021,gula gula food forest program,,CEEZER client,Plan Vivo,Afforestation / Reforestation,19,PVC (tCO2e),UNIT
21 Apr 2023,2020,gula gula food forest program,,CEEZER client,Plan Vivo,Afforestation / Reforestation,84,PVC (tCO2e),UNIT
12 Sep 2019,2018,Trees for Global Benefits,,Arla,Plan Vivo,Afforestation / Reforestation,416,PVC (tCO2e),UNIT
12 Sep 2019,2016,Trees for Global Benefits,,Axis Communication,Plan Vivo,Afforestation / Reforestation,"1,889",PVC (tCO2e),UNIT
12 Sep 2019,2016,Trees for Global Benefits,,Antalis,Plan Vivo,Afforestation / Reforestation,800,PVC (tCO2e),UNIT
12 Sep 2019,2018,Trees for Global Benefits,,MAX Norway,Plan Vivo,Afforestation / Reforestation,"2,160",PVC (tCO2e),UNIT
24 Apr 2014,2012,The Yaeda-Eyasi Landscape REDD project(old),,,Plan Vivo,REDD,"1,510",PVC (tCO2e),UNIT
24 Apr 2014,2012,The Yaeda-Eyasi Landscape REDD project(old),,,Plan Vivo,REDD,705,PVC (tCO2e),UNIT
24 Apr 2014,2012,The Yaeda-Eyasi Landscape REDD project(old),,,Plan Vivo,REDD,35,PVC (tCO2e),UNIT
24 Apr 2014,2012,The Yaeda-Eyasi Landscape REDD project(old),,,Plan Vivo,REDD,126,PVC (tCO2e),UNIT
02 Oct 2017,2013,Trees for Global Benefits,,,Plan Vivo,Afforestation / Reforestation,"2,584",PVC (tCO2e),UNIT
14 May 2014,2012,Khasi Hills Community REDD+ Project: Restoring and Conserving Meghalaya's Hill ForestsThrough Community Action,,,Plan Vivo,REDD,70,PVC (tCO2e),UNIT
15 Jan 2024,2022,Vanga Blue Forest,,Abraham Baldry,Plan Vivo,Forest Conservation & Avoided Deforestation,11,PVC (tCO2e),UNIT
08 Aug 2014,2013,Trees for Global Benefits,,,Plan Vivo,Afforestation / Reforestation,"25,531",PVC (tCO2e),UNIT
15 Jan 2024,2022,Vanga Blue Forest,,Alice Stott,Plan Vivo,Forest Conservation & Avoided Deforestation,13,PVC (tCO2e),UNIT
21 Jul 2014,2010,Trees of Hope,,,Plan Vivo,Afforestation / Reforestation,"3,082",PVC (tCO2e),UNIT
21 Jul 2014,2010,Trees of Hope,,,Plan Vivo,Afforestation / Reforestation,700,PVC (tCO2e),UNIT
21 Jul 2014,2010,Trees of Hope,,,Plan Vivo,Afforestation / Reforestation,300,PVC (tCO2e),UNIT
07 Sep 2023,2014,Bujang Raba Community PES Project,,Olivia Gewert,Plan Vivo,REDD,10,PVC (tCO2e),UNIT
07 Sep 2023,2014,Bujang Raba Community PES Project,,Ida Åberg Berzén,Plan Vivo,REDD,10,PVC (tCO2e),UNIT
07 Sep 2023,2014,Bujang Raba Community PES Project,,Cecilia Hall,Plan Vivo,REDD,10,PVC (tCO2e),UNIT
28 Jun 2024,2023,Mikoko Pamoja,,TROPIMUNDO,Plan Vivo,Forest Conservation & Avoided Deforestation,229,PVC (tCO2e),UNIT
22 Sep 2020,2018,Khasi Hills Community REDD+ Project: Restoring and Conserving Meghalaya's Hill ForestsThrough Community Action,,Provamel,Plan Vivo,REDD,"2,565",PVC (tCO2e),UNIT
12 Jun 2024,2023 - 2024,EthioTrees: Ecosystem restoration and agroforestry by landless and smallholder farmers in Tigray (North Ethiopia),,"Stewart Investors, Level 5, Tower 3/300 Barangaroo Ave, Barangaroo NSW 2000, Australia",Plan Vivo,Forest Restoration,825,PVC (tCO2e),UNIT
14 Sep 2020,2019,Mikoko Pamoja,,Common Seas,Plan Vivo,Forest Conservation & Avoided Deforestation,26,PVC (tCO2e),UNIT
28 Apr 2016,2014,Mikoko Pamoja,,,Plan Vivo,Forest Conservation & Avoided Deforestation,72,PVC (tCO2e),UNIT
21 Jan 2015,2014,Mikoko Pamoja,,,Plan Vivo,Forest Conservation & Avoided Deforestation,10,PVC (tCO2e),UNIT
08 Dec 2022,2020,Khasi Hills Community REDD+ Project: Restoring and Conserving Meghalaya's Hill ForestsThrough Community Action,,,Plan Vivo,REDD,11,PVC (tCO2e),UNIT
08 Dec 2022,2020,Khasi Hills Community REDD+ Project: Restoring and Conserving Meghalaya's Hill ForestsThrough Community Action,,,Plan Vivo,REDD,15,PVC (tCO2e),UNIT
08 Dec 2022,2020,Khasi Hills Community REDD+ Project: Restoring and Conserving Meghalaya's Hill ForestsThrough Community Action,,,Plan Vivo,REDD,82,PVC (tCO2e),UNIT
07 Aug 2020,2019,Mikoko Pamoja,,Echo Shoppe,Plan Vivo,Forest Conservation & Avoided Deforestation,15,PVC (tCO2e),UNIT
07 Aug 2020,2019,Mikoko Pamoja,,Charles and Kate Hussey,Plan Vivo,Forest Conservation & Avoided Deforestation,30,PVC (tCO2e),UNIT
08 Dec 2022,2020,Khasi Hills Community REDD+ Project: Restoring and Conserving Meghalaya's Hill ForestsThrough Community Action,,,Plan Vivo,REDD,23,PVC (tCO2e),UNIT
13 Jul 2020,2016,Rarakau Rainforest Carbon Project,,,Plan Vivo,Improved forest management,26,PVC (tCO2e),UNIT
13 Jul 2020,2016,Rarakau Rainforest Carbon Project,,,Plan Vivo,Improved forest management,23,PVC (tCO2e),UNIT
13 Mar 2023,2013,The Yaeda-Eyasi Landscape REDD project(old),,Carbon Tanzania,Plan Vivo,REDD,2,PVC (tCO2e),UNIT
29 Mar 2023,2021 - 2022,The Yaeda-Eyasi Landscape REDD project,,"Retired on behalf of Native, a Public Benefit Corporation supporter",Plan Vivo,REDD,32,PVC (tCO2e),UNIT
29 Mar 2023,2021 - 2022,The Yaeda-Eyasi Landscape REDD project,,"Retired on behalf of Native, a Public Benefit Corporation supporter",Plan Vivo,REDD,190,PVC (tCO2e),UNIT
29 Mar 2023,2021 - 2022,The Yaeda-Eyasi Landscape REDD project,,"Retired on behalf of Native, a Public Benefit Corporation supporter",Plan Vivo,REDD,137,PVC (tCO2e),UNIT
29 Mar 2023,2021 - 2022,The Yaeda-Eyasi Landscape REDD project,,"Retired on behalf of Native, a Public Benefit Corporation supporter",Plan Vivo,REDD,"7,580",PVC (tCO2e),UNIT
29 Mar 2023,2021 - 2022,The Yaeda-Eyasi Landscape REDD project,,"Retired on behalf of Native, a Public Benefit Corporation supporter",Plan Vivo,REDD,265,PVC (tCO2e),UNIT
29 Mar 2023,2021 - 2022,The Yaeda-Eyasi Landscape REDD project,,"Retired on behalf of Native, a Public Benefit Corporation supporter",Plan Vivo,REDD,20,PVC (tCO2e),UNIT
29 Mar 2023,2021 - 2022,The Yaeda-Eyasi Landscape REDD project,,"Retired on behalf of Native, a Public Benefit Corporation supporter",Plan Vivo,REDD,32,PVC (tCO2e),UNIT
29 Mar 2023,2021 - 2022,The Yaeda-Eyasi Landscape REDD project,,"Retired on behalf of Native, a Public Benefit Corporation supporter",Plan Vivo,REDD,228,PVC (tCO2e),UNIT
29 Mar 2023,2021 - 2022,The Yaeda-Eyasi Landscape REDD project,,"Retired on behalf of Native, a Public Benefit Corporation supporter",Plan Vivo,REDD,249,PVC (tCO2e),UNIT
29 Mar 2023,2021 - 2022,The Yaeda-Eyasi Landscape REDD project,,"Retired on behalf of Native, a Public Benefit Corporation supporter",Plan Vivo,REDD,"1,600",PVC (tCO2e),UNIT
29 Mar 2023,2021 - 2022,The Yaeda-Eyasi Landscape REDD project,,"Retired on behalf of Native, a Public Benefit Corporation supporter",Plan Vivo,REDD,"3,000",PVC (tCO2e),UNIT
29 Mar 2023,2021 - 2022,The Yaeda-Eyasi Landscape REDD project,,"Retired on behalf of Native, a Public Benefit Corporation supporter",Plan Vivo,REDD,"2,500",PVC (tCO2e),UNIT
29 Mar 2023,2020 - 2021,The Yaeda-Eyasi Landscape REDD project(old),,"Retired on behalf of Native, a Public Benefit Corporation supporter",Plan Vivo,REDD,"1,848",PVC (tCO2e),UNIT
28 Mar 2023,2022,The CommuniTree Carbon Program (formerly Limay Community Carbon Project),,Springer Nature Group,Plan Vivo,Forest,"8,000",PVC (tCO2e),UNIT
28 Mar 2023,2022,The CommuniTree Carbon Program (formerly Limay Community Carbon Project),,Springer Nature Group,Plan Vivo,Forest,"10,000",PVC (tCO2e),UNIT
29 Aug 2023,2021,Vanga Blue Forest,,Menigo Foodservice AB,Plan Vivo,Forest Conservation & Avoided Deforestation,438,PVC (tCO2e),UNIT
02 Aug 2022,2020 - 2021,EthioTrees: Ecosystem restoration and agroforestry by landless and smallholder farmers in Tigray (North Ethiopia),,Davines S.p.A.,Plan Vivo,Forest Restoration,"4,868",PVC (tCO2e),UNIT
09 Jul 2022,2021,Vanga Blue Forest,,Superflex,Plan Vivo,Forest Conservation & Avoided Deforestation,42,PVC (tCO2e),UNIT
09 Jul 2022,2021,Vanga Blue Forest,,"The CORRIENTE XXI project, Vrije Universiteit Brussel",Plan Vivo,Forest Conservation & Avoided Deforestation,15,PVC (tCO2e),UNIT
15 Jul 2015,2014,Mikoko Pamoja,,,Plan Vivo,Forest Conservation & Avoided Deforestation,720,PVC (tCO2e),UNIT
15 Jul 2015,2014,Mikoko Pamoja,,,Plan Vivo,Forest Conservation & Avoided Deforestation,34,PVC (tCO2e),UNIT
15 Jul 2015,2014,Mikoko Pamoja,,,Plan Vivo,Forest Conservation & Avoided Deforestation,2,PVC (tCO2e),UNIT
09 Jul 2022,2021,Vanga Blue Forest,,Charles and Kate Hussey,Plan Vivo,Forest Conservation & Avoided Deforestation,60,PVC (tCO2e),UNIT
08 Jul 2022,2011 - 2019,HALO VERDE TIMOR COMMUNITY FOREST CARBON,,"The Pelorus Foundation,  126 New Kings Road,  Fulham, London, SW6 4LZ UK",Plan Vivo,Afforestation / Reforestation,250,PVC (tCO2e),UNIT
29 Mar 2023,2021 - 2022,The Yaeda-Eyasi Landscape REDD project,,"Retired on behalf of Native, a Public Benefit Corporation supporter",Plan Vivo,REDD,103,PVC (tCO2e),UNIT
31 Oct 2023,2021,gula gula food forest program,,Sellhelp AB,Plan Vivo,Afforestation / Reforestation,123,PVC (tCO2e),UNIT
30 May 2023,2021,Trees for Global Benefits,,Länsförsäkringar Jönköping,Plan Vivo,Afforestation / Reforestation,30,PVC (tCO2e),UNIT
28 May 2022,2021,Vanga Blue Forest,,The Safari Collection,Plan Vivo,Forest Conservation & Avoided Deforestation,800,PVC (tCO2e),UNIT
15 Jun 2016,2013,The Yaeda-Eyasi Landscape REDD project(old),,,Plan Vivo,REDD,165,PVC (tCO2e),UNIT
28 May 2022,2021,Mikoko Pamoja,,The Safari Collectioin,Plan Vivo,Forest Conservation & Avoided Deforestation,200,PVC (tCO2e),UNIT
09 Jul 2022,2021,Mikoko Pamoja,,Ruth Malleson,Plan Vivo,Forest Conservation & Avoided Deforestation,17,PVC (tCO2e),UNIT
09 Jul 2022,2021,Vanga Blue Forest,,"The CORRIENTE XXI project, Vrije Universiteit Brussel",Plan Vivo,Forest Conservation & Avoided Deforestation,15,PVC (tCO2e),UNIT
09 Jul 2022,2021,Vanga Blue Forest,,Superflex,Plan Vivo,Forest Conservation & Avoided Deforestation,42,PVC (tCO2e),UNIT
21 Jul 2022,2011 - 2019,HALO VERDE TIMOR COMMUNITY FOREST CARBON,,"Klimate ApS Hauser Plads 30a, st. 1127 Copenhagen K, Denmark, attention: Simon Bager",Plan Vivo,Afforestation / Reforestation,"1,000",PVC (tCO2e),UNIT
02 Aug 2022,2019 - 2020,EthioTrees: Ecosystem restoration and agroforestry by landless and smallholder farmers in Tigray (North Ethiopia),,Davines S.p.A.,Plan Vivo,Forest Restoration,46,PVC (tCO2e),UNIT
02 Aug 2022,2020 - 2021,EthioTrees: Ecosystem restoration and agroforestry by landless and smallholder farmers in Tigray (North Ethiopia),,Davines S.p.A.,Plan Vivo,Forest Restoration,"4,868",PVC (tCO2e),UNIT
09 Aug 2022,2015,Babatana Rainforest Conservation Project (Sirebe),,,Plan Vivo,Improved forest management,"1,407",PVC (tCO2e),UNIT
11 Aug 2022,2011 - 2019,HALO VERDE TIMOR COMMUNITY FOREST CARBON,,TapTree GmbH Campus A1 2 66123 Saarbrücken Germany,Plan Vivo,Afforestation / Reforestation,500,PVC (tCO2e),UNIT
30 May 2023,2021,Trees for Global Benefits,,Långholmen Hotell & Restaurang,Plan Vivo,Afforestation / Reforestation,58,PVC (tCO2e),UNIT
29 Aug 2023,2021,Vanga Blue Forest,,Menigo Foodservice AB,Plan Vivo,Forest Conservation & Avoided Deforestation,438,PVC (tCO2e),UNIT
28 Aug 2022,2021,Vanga Blue Forest,,The Behavioural Insights Team,Plan Vivo,Forest Conservation & Avoided Deforestation,325,PVC (tCO2e),UNIT
28 Aug 2022,2021,Vanga Blue Forest,,Levin Sources,Plan Vivo,Forest Conservation & Avoided Deforestation,37,PVC (tCO2e),UNIT
28 Aug 2022,2021,Vanga Blue Forest,,Citizen Zoo,Plan Vivo,Forest Conservation & Avoided Deforestation,5,PVC (tCO2e),UNIT
28 Aug 2022,2021,Vanga Blue Forest,,Nico Koedam,Plan Vivo,Forest Conservation & Avoided Deforestation,20,PVC (tCO2e),UNIT
28 Aug 2022,2021,Mikoko Pamoja,,Hannah Lee,Plan Vivo,Forest Conservation & Avoided Deforestation,5,PVC (tCO2e),UNIT
28 Feb 2020,2016,Khasi Hills Community REDD+ Project: Restoring and Conserving Meghalaya's Hill ForestsThrough Community Action,,Inmotion Technologies,Plan Vivo,REDD,530,PVC (tCO2e),UNIT
24 Sep 2019,2014,Durian Rambun,,Brid AB,Plan Vivo,REDD,30,PVC (tCO2e),UNIT
21 Apr 2016,2013,The Yaeda-Eyasi Landscape REDD project(old),,,Plan Vivo,REDD,30,PVC (tCO2e),UNIT
26 Apr 2016,2014,Mikoko Pamoja,,,Plan Vivo,Forest Conservation & Avoided Deforestation,30,PVC (tCO2e),UNIT
12 Sep 2019,2018,Trees for Global Benefits,,ZeroMission,Plan Vivo,Afforestation / Reforestation,246,PVC (tCO2e),UNIT
28 Apr 2016,2015,Mikoko Pamoja,,,Plan Vivo,Forest Conservation & Avoided Deforestation,258,PVC (tCO2e),UNIT
10 May 2016,2011,Emiti Nibwo Bulora,,,Plan Vivo,Afforestation / Reforestation,201,PVC (tCO2e),UNIT
10 May 2016,2011,Emiti Nibwo Bulora,,,Plan Vivo,Afforestation / Reforestation,442,PVC (tCO2e),UNIT
10 May 2016,2011,Emiti Nibwo Bulora,,,Plan Vivo,Afforestation / Reforestation,20,PVC (tCO2e),UNIT
12 Sep 2019,2018,Trees for Global Benefits,,Långholmen Hotell,Plan Vivo,Afforestation / Reforestation,55,PVC (tCO2e),UNIT
12 Sep 2019,2017,Trees for Global Benefits,,LFC Jumping,Plan Vivo,Afforestation / Reforestation,28,PVC (tCO2e),UNIT
22 Mar 2019,2014,The Yaeda-Eyasi Landscape REDD project(old),,NativeEnergy's clients,Plan Vivo,REDD,"1,000",PVC (tCO2e),UNIT
15 Jun 2016,2012,The Yaeda-Eyasi Landscape REDD project(old),,,Plan Vivo,REDD,226,PVC (tCO2e),UNIT
15 Jun 2016,2012,The Yaeda-Eyasi Landscape REDD project(old),,,Plan Vivo,REDD,100,PVC (tCO2e),UNIT
15 Jun 2016,2012,The Yaeda-Eyasi Landscape REDD project(old),,,Plan Vivo,REDD,15,PVC (tCO2e),UNIT
02 Jul 2020,2014,Rarakau Rainforest Carbon Project,,,Plan Vivo,Improved forest management,42,PVC (tCO2e),UNIT
02 Jul 2020,2015,Rarakau Rainforest Carbon Project,,,Plan Vivo,Improved forest management,"1,218",PVC (tCO2e),UNIT
02 Jul 2020,2014,Rarakau Rainforest Carbon Project,,,Plan Vivo,Improved forest management,67,PVC (tCO2e),UNIT
02 Jul 2020,2014,Rarakau Rainforest Carbon Project,,,Plan Vivo,Improved forest management,96,PVC (tCO2e),UNIT
02 Jul 2020,2015,Rarakau Rainforest Carbon Project,,,Plan Vivo,Improved forest management,127,PVC (tCO2e),UNIT
02 Jul 2020,2015,Rarakau Rainforest Carbon Project,,,Plan Vivo,Improved forest management,82,PVC (tCO2e),UNIT
08 Jul 2020,2019 - 2020,EthioTrees: Ecosystem restoration and agroforestry by landless and smallholder farmers in Tigray (North Ethiopia),,Climate Lab,Plan Vivo,Forest Restoration,4,PVC (tCO2e),UNIT
10 Jul 2020,2016,Rarakau Rainforest Carbon Project,,,Plan Vivo,Improved forest management,"1,507",PVC (tCO2e),UNIT
10 Jul 2020,2012,Rarakau Rainforest Carbon Project,,,Plan Vivo,Improved forest management,10,PVC (tCO2e),UNIT
10 Jul 2020,2014,Rarakau Rainforest Carbon Project,,,Plan Vivo,Improved forest management,56,PVC (tCO2e),UNIT
10 Jul 2020,2015,Rarakau Rainforest Carbon Project,,,Plan Vivo,Improved forest management,161,PVC (tCO2e),UNIT
10 Jul 2020,2015,Rarakau Rainforest Carbon Project,,,Plan Vivo,Improved forest management,89,PVC (tCO2e),UNIT
10 Jul 2020,2015,Rarakau Rainforest Carbon Project,,,Plan Vivo,Improved forest management,47,PVC (tCO2e),UNIT
10 Jul 2020,2015,Rarakau Rainforest Carbon Project,,,Plan Vivo,Improved forest management,118,PVC (tCO2e),UNIT
11 Jul 2020,2017,Khasi Hills Community REDD+ Project: Restoring and Conserving Meghalaya's Hill ForestsThrough Community Action,,Provamel,Plan Vivo,REDD,"2,460",PVC (tCO2e),UNIT
09 Dec 2022,2018,Rarakau Rainforest Carbon Project,,,Plan Vivo,Improved forest management,3,PVC (tCO2e),UNIT
09 Dec 2022,2018,Rarakau Rainforest Carbon Project,,,Plan Vivo,Improved forest management,10,PVC (tCO2e),UNIT
09 Dec 2022,2018,Rarakau Rainforest Carbon Project,,,Plan Vivo,Improved forest management,95,PVC (tCO2e),UNIT
09 Dec 2022,2018,Rarakau Rainforest Carbon Project,,,Plan Vivo,Improved forest management,180,PVC (tCO2e),UNIT
09 Dec 2022,2018,Rarakau Rainforest Carbon Project,,,Plan Vivo,Improved forest management,17,PVC (tCO2e),UNIT
09 Dec 2022,2018,Rarakau Rainforest Carbon Project,,,Plan Vivo,Improved forest management,18,PVC (tCO2e),UNIT
09 Dec 2022,2018,Rarakau Rainforest Carbon Project,,,Plan Vivo,Improved forest management,33,PVC (tCO2e),UNIT
09 Dec 2022,2018,Rarakau Rainforest Carbon Project,,,Plan Vivo,Improved forest management,77,PVC (tCO2e),UNIT
09 Dec 2022,2018,Rarakau Rainforest Carbon Project,,,Plan Vivo,Improved forest management,100,PVC (tCO2e),UNIT
09 Dec 2022,2018,Rarakau Rainforest Carbon Project,,,Plan Vivo,Improved forest management,24,PVC (tCO2e),UNIT
11 Dec 2022,2015,Rarakau Rainforest Carbon Project,,,Plan Vivo,Improved forest management,6,PVC (tCO2e),UNIT
11 Dec 2022,2016,Rarakau Rainforest Carbon Project,,,Plan Vivo,Improved forest management,34,PVC (tCO2e),UNIT
11 Dec 2022,2016,Rarakau Rainforest Carbon Project,,,Plan Vivo,Improved forest management,59,PVC (tCO2e),UNIT
11 Dec 2022,2016,Rarakau Rainforest Carbon Project,,,Plan Vivo,Improved forest management,90,PVC (tCO2e),UNIT
11 Dec 2022,2016,Rarakau Rainforest Carbon Project,,,Plan Vivo,Improved forest management,108,PVC (tCO2e),UNIT
08 Dec 2022,2020,Khasi Hills Community REDD+ Project: Restoring and Conserving Meghalaya's Hill ForestsThrough Community Action,,,Plan Vivo,REDD,23,PVC (tCO2e),UNIT
08 Dec 2022,2020,Khasi Hills Community REDD+ Project: Restoring and Conserving Meghalaya's Hill ForestsThrough Community Action,,,Plan Vivo,REDD,82,PVC (tCO2e),UNIT
08 Dec 2022,2020,Khasi Hills Community REDD+ Project: Restoring and Conserving Meghalaya's Hill ForestsThrough Community Action,,,Plan Vivo,REDD,15,PVC (tCO2e),UNIT
08 Dec 2022,2020,Khasi Hills Community REDD+ Project: Restoring and Conserving Meghalaya's Hill ForestsThrough Community Action,,,Plan Vivo,REDD,11,PVC (tCO2e),UNIT
08 Dec 2022,2020,Khasi Hills Community REDD+ Project: Restoring and Conserving Meghalaya's Hill ForestsThrough Community Action,,,Plan Vivo,REDD,7,PVC (tCO2e),UNIT
08 Dec 2022,2020,Khasi Hills Community REDD+ Project: Restoring and Conserving Meghalaya's Hill ForestsThrough Community Action,,,Plan Vivo,REDD,2,PVC (tCO2e),UNIT
08 Dec 2022,2020,Khasi Hills Community REDD+ Project: Restoring and Conserving Meghalaya's Hill ForestsThrough Community Action,,,Plan Vivo,REDD,71,PVC (tCO2e),UNIT
08 Dec 2022,2020,Khasi Hills Community REDD+ Project: Restoring and Conserving Meghalaya's Hill ForestsThrough Community Action,,,Plan Vivo,REDD,130,PVC (tCO2e),UNIT
08 Dec 2022,2020,Khasi Hills Community REDD+ Project: Restoring and Conserving Meghalaya's Hill ForestsThrough Community Action,,,Plan Vivo,REDD,38,PVC (tCO2e),UNIT
08 Dec 2022,2020,Khasi Hills Community REDD+ Project: Restoring and Conserving Meghalaya's Hill ForestsThrough Community Action,,,Plan Vivo,REDD,3,PVC (tCO2e),UNIT
08 Dec 2022,2020,Khasi Hills Community REDD+ Project: Restoring and Conserving Meghalaya's Hill ForestsThrough Community Action,,,Plan Vivo,REDD,1,PVC (tCO2e),UNIT
08 Dec 2022,2020,Khasi Hills Community REDD+ Project: Restoring and Conserving Meghalaya's Hill ForestsThrough Community Action,,,Plan Vivo,REDD,13,PVC (tCO2e),UNIT
08 Dec 2022,2020,Khasi Hills Community REDD+ Project: Restoring and Conserving Meghalaya's Hill ForestsThrough Community Action,,,Plan Vivo,REDD,28,PVC (tCO2e),UNIT
08 Dec 2022,2020,Khasi Hills Community REDD+ Project: Restoring and Conserving Meghalaya's Hill ForestsThrough Community Action,,,Plan Vivo,REDD,10,PVC (tCO2e),UNIT
08 Dec 2022,2020,Khasi Hills Community REDD+ Project: Restoring and Conserving Meghalaya's Hill ForestsThrough Community Action,,,Plan Vivo,REDD,90,PVC (tCO2e),UNIT
11 Jul 2013,2010,Scolel té Natural Resources Management and Carbon Sequestration Project (Scolel té Natural Resources Management and Carbon Sequestration Project),,,Plan Vivo,Afforestation / Reforestation,8,PVC (tCO2e),UNIT
11 Jul 2013,2010,Scolel té Natural Resources Management and Carbon Sequestration Project (Scolel té Natural Resources Management and Carbon Sequestration Project),,,Plan Vivo,Afforestation / Reforestation,5,PVC (tCO2e),UNIT
11 Jul 2013,2010,Scolel té Natural Resources Management and Carbon Sequestration Project (Scolel té Natural Resources Management and Carbon Sequestration Project),,,Plan Vivo,Afforestation / Reforestation,48,PVC (tCO2e),UNIT
11 Jul 2013,2010,Scolel té Natural Resources Management and Carbon Sequestration Project (Scolel té Natural Resources Management and Carbon Sequestration Project),,,Plan Vivo,Afforestation / Reforestation,3,PVC (tCO2e),UNIT
11 Jul 2013,2010,Scolel té Natural Resources Management and Carbon Sequestration Project (Scolel té Natural Resources Management and Carbon Sequestration Project),,,Plan Vivo,Afforestation / Reforestation,1,PVC (tCO2e),UNIT
11 Jul 2013,2010,Scolel té Natural Resources Management and Carbon Sequestration Project (Scolel té Natural Resources Management and Carbon Sequestration Project),,,Plan Vivo,Afforestation / Reforestation,1,PVC (tCO2e),UNIT
11 Jul 2013,2010,Scolel té Natural Resources Management and Carbon Sequestration Project (Scolel té Natural Resources Management and Carbon Sequestration Project),,,Plan Vivo,Afforestation / Reforestation,48,PVC (tCO2e),UNIT
11 Jul 2013,2010,Scolel té Natural Resources Management and Carbon Sequestration Project (Scolel té Natural Resources Management and Carbon Sequestration Project),,,Plan Vivo,Afforestation / Reforestation,2,PVC (tCO2e),UNIT
11 Jul 2013,2010,Scolel té Natural Resources Management and Carbon Sequestration Project (Scolel té Natural Resources Management and Carbon Sequestration Project),,,Plan Vivo,Afforestation / Reforestation,13,PVC (tCO2e),UNIT
30 Jul 2013,2012,The Yaeda-Eyasi Landscape REDD project(old),,,Plan Vivo,REDD,"2,500",PVC (tCO2e),UNIT
16 Oct 2025,2022 - 2023,The Yaeda-Eyasi Landscape REDD project,,Grosvenor Property UK,Plan Vivo,REDD,433,PVC (tCO2e),UNIT
07 Aug 2013,2012,The CommuniTree Carbon Program (formerly Limay Community Carbon Project),,,Plan Vivo,Forest,4,PVC (tCO2e),UNIT
07 Aug 2013,2012,The CommuniTree Carbon Program (formerly Limay Community Carbon Project),,,Plan Vivo,Forest,3,PVC (tCO2e),UNIT
28 Aug 2013,2012,The CommuniTree Carbon Program (formerly Limay Community Carbon Project),,,Plan Vivo,Forest,2,PVC (tCO2e),UNIT
09 Sep 2013,2012,The CommuniTree Carbon Program (formerly Limay Community Carbon Project),,,Plan Vivo,Forest,5,PVC (tCO2e),UNIT
21 Jul 2014,2010,Trees of Hope,,,Plan Vivo,Afforestation / Reforestation,"3,082",PVC (tCO2e),UNIT
21 Jul 2014,2010,Trees of Hope,,,Plan Vivo,Afforestation / Reforestation,700,PVC (tCO2e),UNIT
21 Jul 2014,2010,Trees of Hope,,,Plan Vivo,Afforestation / Reforestation,300,PVC (tCO2e),UNIT
08 Dec 2022,2020,Khasi Hills Community REDD+ Project: Restoring and Conserving Meghalaya's Hill ForestsThrough Community Action,,,Plan Vivo,REDD,7,PVC (tCO2e),UNIT
08 Dec 2022,2020,Khasi Hills Community REDD+ Project: Restoring and Conserving Meghalaya's Hill ForestsThrough Community Action,,,Plan Vivo,REDD,2,PVC (tCO2e),UNIT
08 Dec 2022,2020,Khasi Hills Community REDD+ Project: Restoring and Conserving Meghalaya's Hill ForestsThrough Community Action,,,Plan Vivo,REDD,71,PVC (tCO2e),UNIT
28 Dec 2016,2010,Scolel té Natural Resources Management and Carbon Sequestration Project (Scolel té Natural Resources Management and Carbon Sequestration Project),,,Plan Vivo,Afforestation / Reforestation,28,PVC (tCO2e),UNIT
08 Dec 2022,2020,Khasi Hills Community REDD+ Project: Restoring and Conserving Meghalaya's Hill ForestsThrough Community Action,,,Plan Vivo,REDD,130,PVC (tCO2e),UNIT
12 Aug 2014,2011,Trees for Global Benefits,,,Plan Vivo,Afforestation / Reforestation,"10,000",PVC (tCO2e),UNIT
29 Sep 2014,2013,Trees for Global Benefits,,,Plan Vivo,Afforestation / Reforestation,"5,000",PVC (tCO2e),UNIT
08 Dec 2022,2020,Khasi Hills Community REDD+ Project: Restoring and Conserving Meghalaya's Hill ForestsThrough Community Action,,,Plan Vivo,REDD,38,PVC (tCO2e),UNIT
08 Dec 2022,2020,Khasi Hills Community REDD+ Project: Restoring and Conserving Meghalaya's Hill ForestsThrough Community Action,,,Plan Vivo,REDD,3,PVC (tCO2e),UNIT
08 Dec 2022,2020,Khasi Hills Community REDD+ Project: Restoring and Conserving Meghalaya's Hill ForestsThrough Community Action,,,Plan Vivo,REDD,1,PVC (tCO2e),UNIT
08 Dec 2022,2020,Khasi Hills Community REDD+ Project: Restoring and Conserving Meghalaya's Hill ForestsThrough Community Action,,,Plan Vivo,REDD,13,PVC (tCO2e),UNIT
08 Dec 2022,2020,Khasi Hills Community REDD+ Project: Restoring and Conserving Meghalaya's Hill ForestsThrough Community Action,,,Plan Vivo,REDD,28,PVC (tCO2e),UNIT
11 Jul 2013,2010,Scolel té Natural Resources Management and Carbon Sequestration Project (Scolel té Natural Resources Management and Carbon Sequestration Project),,,Plan Vivo,Afforestation / Reforestation,166,PVC (tCO2e),UNIT
11 Jul 2013,2010,Scolel té Natural Resources Management and Carbon Sequestration Project (Scolel té Natural Resources Management and Carbon Sequestration Project),,,Plan Vivo,Afforestation / Reforestation,142,PVC (tCO2e),UNIT
11 Jul 2013,2010,Scolel té Natural Resources Management and Carbon Sequestration Project (Scolel té Natural Resources Management and Carbon Sequestration Project),,,Plan Vivo,Afforestation / Reforestation,4,PVC (tCO2e),UNIT
11 Jul 2013,2010,Scolel té Natural Resources Management and Carbon Sequestration Project (Scolel té Natural Resources Management and Carbon Sequestration Project),,,Plan Vivo,Afforestation / Reforestation,35,PVC (tCO2e),UNIT
11 Jul 2013,2010,Scolel té Natural Resources Management and Carbon Sequestration Project (Scolel té Natural Resources Management and Carbon Sequestration Project),,,Plan Vivo,Afforestation / Reforestation,12,PVC (tCO2e),UNIT
11 Jul 2013,2010,Scolel té Natural Resources Management and Carbon Sequestration Project (Scolel té Natural Resources Management and Carbon Sequestration Project),,,Plan Vivo,Afforestation / Reforestation,5,PVC (tCO2e),UNIT
11 Jul 2013,2010,Scolel té Natural Resources Management and Carbon Sequestration Project (Scolel té Natural Resources Management and Carbon Sequestration Project),,,Plan Vivo,Afforestation / Reforestation,106,PVC (tCO2e),UNIT
11 Jul 2013,2010,Scolel té Natural Resources Management and Carbon Sequestration Project (Scolel té Natural Resources Management and Carbon Sequestration Project),,,Plan Vivo,Afforestation / Reforestation,12,PVC (tCO2e),UNIT
11 Jul 2013,2010,Scolel té Natural Resources Management and Carbon Sequestration Project (Scolel té Natural Resources Management and Carbon Sequestration Project),,,Plan Vivo,Afforestation / Reforestation,12,PVC (tCO2e),UNIT
11 Jul 2013,2010,Scolel té Natural Resources Management and Carbon Sequestration Project (Scolel té Natural Resources Management and Carbon Sequestration Project),,,Plan Vivo,Afforestation / Reforestation,12,PVC (tCO2e),UNIT
11 Jul 2013,2010,Scolel té Natural Resources Management and Carbon Sequestration Project (Scolel té Natural Resources Management and Carbon Sequestration Project),,,Plan Vivo,Afforestation / Reforestation,12,PVC (tCO2e),UNIT
11 Jul 2013,2010,Scolel té Natural Resources Management and Carbon Sequestration Project (Scolel té Natural Resources Management and Carbon Sequestration Project),,,Plan Vivo,Afforestation / Reforestation,12,PVC (tCO2e),UNIT
11 Jul 2013,2010,Scolel té Natural Resources Management and Carbon Sequestration Project (Scolel té Natural Resources Management and Carbon Sequestration Project),,,Plan Vivo,Afforestation / Reforestation,1,PVC (tCO2e),UNIT
11 Jul 2013,2010,Scolel té Natural Resources Management and Carbon Sequestration Project (Scolel té Natural Resources Management and Carbon Sequestration Project),,,Plan Vivo,Afforestation / Reforestation,2,PVC (tCO2e),UNIT
11 Jul 2013,2010,Scolel té Natural Resources Management and Carbon Sequestration Project (Scolel té Natural Resources Management and Carbon Sequestration Project),,,Plan Vivo,Afforestation / Reforestation,16,PVC (tCO2e),UNIT
02 Jun 2015,2013,The Yaeda-Eyasi Landscape REDD project(old),,,Plan Vivo,REDD,229,PVC (tCO2e),UNIT
13 Mar 2023,2014,The Yaeda-Eyasi Landscape REDD project(old),,Carbon Tanzania,Plan Vivo,REDD,5,PVC (tCO2e),UNIT
20 Sep 2023,2021,gula gula food forest program,,Games Forest Club gGmbH,Plan Vivo,Afforestation / Reforestation,75,PVC (tCO2e),UNIT
14 Sep 2023,2022,Vanga Blue Forest,,Donald Snodgrass,Plan Vivo,Forest Conservation & Avoided Deforestation,8,PVC (tCO2e),UNIT
08 Sep 2023,2021 - 2022,The Yaeda-Eyasi Landscape REDD project,,Grosvenor Property UK,Plan Vivo,REDD,287,PVC (tCO2e),UNIT
07 Sep 2023,2017 - 2018,Loru Forest Project,,Rounak Niranjan,Plan Vivo,Reduced emissions from deforestation & degradation,10,PVC (tCO2e),UNIT
07 Sep 2023,2017 - 2018,Loru Forest Project,,Alanna Tameta,Plan Vivo,Reduced emissions from deforestation & degradation,10,PVC (tCO2e),UNIT
07 Sep 2023,2017 - 2018,Loru Forest Project,,Ashley Farber,Plan Vivo,Reduced emissions from deforestation & degradation,10,PVC (tCO2e),UNIT
07 Sep 2023,2017 - 2018,Loru Forest Project,,Ellinor Eke,Plan Vivo,Reduced emissions from deforestation & degradation,6,PVC (tCO2e),UNIT
07 Sep 2023,2014,Bujang Raba Community PES Project,,Olivia Gewert,Plan Vivo,REDD,10,PVC (tCO2e),UNIT
07 Sep 2023,2014,Bujang Raba Community PES Project,,Ida Åberg Berzén,Plan Vivo,REDD,10,PVC (tCO2e),UNIT
07 Sep 2023,2014,Bujang Raba Community PES Project,,Cecilia Hall,Plan Vivo,REDD,10,PVC (tCO2e),UNIT
07 Sep 2023,2014,Bujang Raba Community PES Project,,Henrik Hydén,Plan Vivo,REDD,10,PVC (tCO2e),UNIT
07 Sep 2023,2014,Bujang Raba Community PES Project,,Johan Hodell,Plan Vivo,REDD,10,PVC (tCO2e),UNIT
07 Sep 2023,2014,Bujang Raba Community PES Project,,Johanna Sabel,Plan Vivo,REDD,10,PVC (tCO2e),UNIT
22 Jul 2025,2022,gula gula food forest program,,"Siemens Numerical Control Ltd., Nanjing",Plan Vivo,Afforestation / Reforestation,25,PVC (tCO2e),UNIT
18 Mar 2025,2023,Vanga Blue Forest,,People's Postcode Lottery,Plan Vivo,Forest Conservation & Avoided Deforestation,528,PVC (tCO2e),UNIT
02 May 2024,2022,Vanga Blue Forest,,Amanda Root,Plan Vivo,Forest Conservation & Avoided Deforestation,13,PVC (tCO2e),UNIT
12 Jun 2024,2023 - 2024,EthioTrees: Ecosystem restoration and agroforestry by landless and smallholder farmers in Tigray (North Ethiopia),,"First Sentier Investors, Level 5, Tower 3/300 Barangaroo Ave, Barangaroo NSW 2000, Australia",Plan Vivo,Forest Restoration,583,PVC (tCO2e),UNIT
08 May 2024,2023,Mikoko Pamoja,,Pelorus Foundation,Plan Vivo,Forest Conservation & Avoided Deforestation,62,PVC (tCO2e),UNIT
08 May 2024,2023,Vanga Blue Forest,,Pelorus Foundation,Plan Vivo,Forest Conservation & Avoided Deforestation,88,PVC (tCO2e),UNIT
30 May 2024,2023 - 2024,EthioTrees: Ecosystem restoration and agroforestry by landless and smallholder farmers in Tigray (North Ethiopia),,Arup Group Limited,Plan Vivo,Forest Restoration,"4,400",PVC (tCO2e),UNIT
28 Jun 2024,2023,Mikoko Pamoja,,TROPIMUNDO,Plan Vivo,Forest Conservation & Avoided Deforestation,229,PVC (tCO2e),UNIT
04 Mar 2026,2023,Mikoko Pamoja,,CWS,Plan Vivo,Forest Conservation & Avoided Deforestation,198,PVC (tCO2e),UNIT
03 Sep 2024,2023,Mikoko Pamoja,,Levin Sources,Plan Vivo,Forest Conservation & Avoided Deforestation,42,PVC (tCO2e),UNIT
06 Sep 2024,2022,gula gula food forest program,,"Siemens Ltd., China",Plan Vivo,Afforestation / Reforestation,6,PVC (tCO2e),UNIT
04 Dec 2024,2023,Mikoko Pamoja,,MSc Marine and Lacustrine Science and Management (Oceans & Lakes),Plan Vivo,Forest Conservation & Avoided Deforestation,50,PVC (tCO2e),UNIT
23 Dec 2024,2022,Trees for Global Benefits,,DCA,Plan Vivo,Afforestation / Reforestation,900,PVC (tCO2e),UNIT
31 Dec 2024,2022,Trees for Global Benefits,,ZGF ARCHITECTS LLP,Plan Vivo,Afforestation / Reforestation,810,PVC (tCO2e),UNIT
06 Jan 2025,2023 - 2024,EthioTrees: Ecosystem restoration and agroforestry by landless and smallholder farmers in Tigray (North Ethiopia),,Deloitte NSE Services Limited,Plan Vivo,Forest Restoration,"18,000",PVC (tCO2e),UNIT
12 Mar 2021,2020 - 2021,EthioTrees: Ecosystem restoration and agroforestry by landless and smallholder farmers in Tigray (North Ethiopia),,Helexia Flanders,Plan Vivo,Forest Restoration,9,PVC (tCO2e),UNIT
19 Sep 2022,2020 - 2021,EthioTrees: Ecosystem restoration and agroforestry by landless and smallholder farmers in Tigray (North Ethiopia),,Qframe nv,Plan Vivo,Forest Restoration,32,PVC (tCO2e),UNIT
17 Mar 2021,2017,Khasi Hills Community REDD+ Project: Restoring and Conserving Meghalaya's Hill ForestsThrough Community Action,,HNST,Plan Vivo,REDD,29,PVC (tCO2e),UNIT
22 Mar 2021,2019 - 2020,The CommuniTree Carbon Program (formerly Limay Community Carbon Project),,myclimate,Plan Vivo,Forest,"5,053",PVC (tCO2e),UNIT
23 Mar 2021,2016,Trees for Global Benefits,,myclimate,Plan Vivo,Afforestation / Reforestation,169,PVC (tCO2e),UNIT
23 Mar 2021,2016,Trees for Global Benefits,,myclimate,Plan Vivo,Afforestation / Reforestation,"3,402",PVC (tCO2e),UNIT
23 Mar 2021,2014,The CommuniTree Carbon Program (formerly Limay Community Carbon Project),,myclimate,Plan Vivo,Forest,207,PVC (tCO2e),UNIT
23 Mar 2021,2015,The CommuniTree Carbon Program (formerly Limay Community Carbon Project),,myclimate,Plan Vivo,Forest,5,PVC (tCO2e),UNIT
23 Mar 2021,2016,The CommuniTree Carbon Program (formerly Limay Community Carbon Project),,myclimate,Plan Vivo,Forest,9,PVC (tCO2e),UNIT
23 Mar 2021,2017 - 2018,The CommuniTree Carbon Program (formerly Limay Community Carbon Project),,myclimate,Plan Vivo,Forest,"3,669",PVC (tCO2e),UNIT
23 Mar 2021,2018 - 2019,The CommuniTree Carbon Program (formerly Limay Community Carbon Project),,myclimate,Plan Vivo,Forest,"7,334",PVC (tCO2e),UNIT
23 Mar 2021,2019 - 2020,The CommuniTree Carbon Program (formerly Limay Community Carbon Project),,myclimate,Plan Vivo,Forest,"21,300",PVC (tCO2e),UNIT
23 Mar 2021,2016 - 2017,The CommuniTree Carbon Program (formerly Limay Community Carbon Project),,myclimate,Plan Vivo,Forest,"3,401",PVC (tCO2e),UNIT
23 Mar 2021,2017 - 2018,The CommuniTree Carbon Program (formerly Limay Community Carbon Project),,myclimate,Plan Vivo,Forest,"5,673",PVC (tCO2e),UNIT
23 Mar 2021,2018 - 2019,The CommuniTree Carbon Program (formerly Limay Community Carbon Project),,myclimate,Plan Vivo,Forest,"2,099",PVC (tCO2e),UNIT
09 Dec 2022,2018,Rarakau Rainforest Carbon Project,,,Plan Vivo,Improved forest management,26,PVC (tCO2e),UNIT
09 Dec 2022,2018,Rarakau Rainforest Carbon Project,,,Plan Vivo,Improved forest management,8,PVC (tCO2e),UNIT
09 Dec 2022,2018,Rarakau Rainforest Carbon Project,,,Plan Vivo,Improved forest management,592,PVC (tCO2e),UNIT
11 Jul 2017,2014,Trees of Hope,,,Plan Vivo,Afforestation / Reforestation,"1,287",PVC (tCO2e),UNIT
11 Jul 2017,2014,Trees of Hope,,,Plan Vivo,Afforestation / Reforestation,"1,343",PVC (tCO2e),UNIT
11 Jul 2017,2014,Trees of Hope,,,Plan Vivo,Afforestation / Reforestation,"1,400",PVC (tCO2e),UNIT
11 Jul 2017,2014,Trees of Hope,,,Plan Vivo,Afforestation / Reforestation,14,PVC (tCO2e),UNIT
09 Dec 2022,2018,Rarakau Rainforest Carbon Project,,,Plan Vivo,Improved forest management,4,PVC (tCO2e),UNIT
09 Dec 2022,2018,Rarakau Rainforest Carbon Project,,,Plan Vivo,Improved forest management,4,PVC (tCO2e),UNIT
11 Jul 2017,2014,Trees of Hope,,,Plan Vivo,Afforestation / Reforestation,715,PVC (tCO2e),UNIT
11 Jul 2017,2014,Trees of Hope,,,Plan Vivo,Afforestation / Reforestation,682,PVC (tCO2e),UNIT
09 Dec 2022,2018,Rarakau Rainforest Carbon Project,,,Plan Vivo,Improved forest management,4,PVC (tCO2e),UNIT
09 Dec 2022,2018,Rarakau Rainforest Carbon Project,,,Plan Vivo,Improved forest management,4,PVC (tCO2e),UNIT
09 Dec 2022,2018,Rarakau Rainforest Carbon Project,,,Plan Vivo,Improved forest management,15,PVC (tCO2e),UNIT
11 Jul 2017,2014,Trees of Hope,,,Plan Vivo,Afforestation / Reforestation,379,PVC (tCO2e),UNIT
03 Jan 2022,2019 - 2020,The CommuniTree Carbon Program (formerly Limay Community Carbon Project),,,Plan Vivo,Forest,2,PVC (tCO2e),UNIT
03 Jan 2022,2019 - 2020,The CommuniTree Carbon Program (formerly Limay Community Carbon Project),,,Plan Vivo,Forest,104,PVC (tCO2e),UNIT
12 Mar 2021,2020 - 2021,EthioTrees: Ecosystem restoration and agroforestry by landless and smallholder farmers in Tigray (North Ethiopia),,Helexia Flanders,Plan Vivo,Forest Restoration,9,PVC (tCO2e),UNIT
23 Dec 2024,2022,Trees for Global Benefits,,DCA,Plan Vivo,Afforestation / Reforestation,900,PVC (tCO2e),UNIT
23 Dec 2024,2021,Trees for Global Benefits,,Miele & Cie. KG,Plan Vivo,Afforestation / Reforestation,"10,000",PVC (tCO2e),UNIT
23 Dec 2024,2020,Trees for Global Benefits,,Miele & Cie. KG,Plan Vivo,Afforestation / Reforestation,"10,000",PVC (tCO2e),UNIT
31 Dec 2024,2022,Trees for Global Benefits,,ZGF ARCHITECTS LLP,Plan Vivo,Afforestation / Reforestation,810,PVC (tCO2e),UNIT
06 Jan 2025,2023 - 2024,EthioTrees: Ecosystem restoration and agroforestry by landless and smallholder farmers in Tigray (North Ethiopia),,Deloitte NSE Services Limited,Plan Vivo,Forest Restoration,"18,000",PVC (tCO2e),UNIT
09 Jan 2025,2023 - 2024,EthioTrees: Ecosystem restoration and agroforestry by landless and smallholder farmers in Tigray (North Ethiopia),,Deloitte NSE Services Limited,Plan Vivo,Forest Restoration,109,PVC (tCO2e),UNIT
03 Jan 2022,2019 - 2020,The CommuniTree Carbon Program (formerly Limay Community Carbon Project),,,Plan Vivo,Forest,63,PVC (tCO2e),UNIT
16 Oct 2025,2022 - 2023,The Yaeda-Eyasi Landscape REDD project,,Grosvenor Property UK,Plan Vivo,REDD,433,PVC (tCO2e),UNIT
22 Feb 2021,2016 - 2017,"Pasture Conservation and Climate Action , Mongolia",,Pala Investments ltd,Plan Vivo,Agriculture land management,50,PVC (tCO2e),UNIT
21 Apr 2023,2022,The CommuniTree Carbon Program (formerly Limay Community Carbon Project),,Spotify AB,Plan Vivo,Forest,193,PVC (tCO2e),UNIT
09 Dec 2016,2015,Khasi Hills Community REDD+ Project: Restoring and Conserving Meghalaya's Hill ForestsThrough Community Action,,,Plan Vivo,REDD,"2,075",PVC (tCO2e),UNIT
21 Apr 2023,2021,The CommuniTree Carbon Program (formerly Limay Community Carbon Project),,Block Inc,Plan Vivo,Forest,"4,200",PVC (tCO2e),UNIT
29 Mar 2023,2020 - 2021,The Yaeda-Eyasi Landscape REDD project(old),,"Retired on behalf of Native, a Public Benefit Corporation supporter",Plan Vivo,REDD,135,PVC (tCO2e),UNIT
29 Mar 2023,2019 - 2020,The Yaeda-Eyasi Landscape REDD project(old),,"Retired on behalf of Native, a Public Benefit Corporation supporter",Plan Vivo,REDD,750,PVC (tCO2e),UNIT
27 Sep 2016,2011,ArBolivia,,,Plan Vivo,Afforestation / Reforestation,38,PVC (tCO2e),UNIT
22 Mar 2019,2014,The Yaeda-Eyasi Landscape REDD project(old),,NativeEnergy's clients,Plan Vivo,REDD,"2,000",PVC (tCO2e),UNIT
02 Oct 2017,2014,Trees for Global Benefits,,,Plan Vivo,Afforestation / Reforestation,84,PVC (tCO2e),UNIT
28 Sep 2016,2013,Trees for Global Benefits,,,Plan Vivo,Afforestation / Reforestation,"1,680",PVC (tCO2e),UNIT
29 Mar 2023,2020 - 2021,The Yaeda-Eyasi Landscape REDD project(old),,"Retired on behalf of Native, a Public Benefit Corporation supporter",Plan Vivo,REDD,"1,448",PVC (tCO2e),UNIT
09 Dec 2016,2015,Khasi Hills Community REDD+ Project: Restoring and Conserving Meghalaya's Hill ForestsThrough Community Action,,,Plan Vivo,REDD,"2,075",PVC (tCO2e),UNIT
29 Mar 2023,2020 - 2021,The Yaeda-Eyasi Landscape REDD project(old),,"Retired on behalf of Native, a Public Benefit Corporation supporter",Plan Vivo,REDD,405,PVC (tCO2e),UNIT
29 Mar 2023,2020 - 2021,The Yaeda-Eyasi Landscape REDD project(old),,"Retired on behalf of Native, a Public Benefit Corporation supporter",Plan Vivo,REDD,874,PVC (tCO2e),UNIT
29 Mar 2023,2020 - 2021,The Yaeda-Eyasi Landscape REDD project(old),,"Retired on behalf of Native, a Public Benefit Corporation supporter",Plan Vivo,REDD,"1,602",PVC (tCO2e),UNIT
29 Mar 2023,2020 - 2021,The Yaeda-Eyasi Landscape REDD project(old),,"Retired on behalf of Native, a Public Benefit Corporation supporter",Plan Vivo,REDD,"1,347",PVC (tCO2e),UNIT
29 Mar 2023,2020 - 2021,The Yaeda-Eyasi Landscape REDD project(old),,"Retired on behalf of Native, a Public Benefit Corporation supporter",Plan Vivo,REDD,65,PVC (tCO2e),UNIT
29 Mar 2023,2020 - 2021,The Yaeda-Eyasi Landscape REDD project(old),,"Retired on behalf of Native, a Public Benefit Corporation supporter",Plan Vivo,REDD,"2,601",PVC (tCO2e),UNIT
29 Mar 2023,2020 - 2021,The Yaeda-Eyasi Landscape REDD project(old),,"Retired on behalf of Native, a Public Benefit Corporation supporter",Plan Vivo,REDD,300,PVC (tCO2e),UNIT
06 Apr 2023,2019,Khasi Hills Community REDD+ Project: Restoring and Conserving Meghalaya's Hill ForestsThrough Community Action,,C Level,Plan Vivo,REDD,547,PVC (tCO2e),UNIT
30 Jun 2025,2024 - 2025,EthioTrees: Ecosystem restoration and agroforestry by landless and smallholder farmers in Tigray (North Ethiopia),,Shopify Inc.,Plan Vivo,Forest Restoration,"10,000",PVC (tCO2e),UNIT
08 Jul 2020,2019 - 2020,EthioTrees: Ecosystem restoration and agroforestry by landless and smallholder farmers in Tigray (North Ethiopia),,Climate Lab,Plan Vivo,Forest Restoration,4,PVC (tCO2e),UNIT
10 Jul 2020,2012,Rarakau Rainforest Carbon Project,,,Plan Vivo,Improved forest management,10,PVC (tCO2e),UNIT
11 Jul 2020,2017,Khasi Hills Community REDD+ Project: Restoring and Conserving Meghalaya's Hill ForestsThrough Community Action,,Provamel,Plan Vivo,REDD,"2,460",PVC (tCO2e),UNIT
13 Jul 2020,2016,Rarakau Rainforest Carbon Project,,,Plan Vivo,Improved forest management,123,PVC (tCO2e),UNIT
19 Sep 2022,2020,Vanga Blue Forest,,Arcadia,Plan Vivo,Forest Conservation & Avoided Deforestation,651,PVC (tCO2e),UNIT
18 Jun 2025,2020 - 2021,EthioTrees: Ecosystem restoration and agroforestry by landless and smallholder farmers in Tigray (North Ethiopia),,Danone,Plan Vivo,Forest Restoration,348,PVC (tCO2e),UNIT
08 Mar 2022,2016,The CommuniTree Carbon Program (formerly Limay Community Carbon Project),,myclimate,Plan Vivo,Forest,48,PVC (tCO2e),UNIT
08 Mar 2022,2018 - 2019,The CommuniTree Carbon Program (formerly Limay Community Carbon Project),,illwerke vkw AG,Plan Vivo,Forest,50,PVC (tCO2e),UNIT
08 Mar 2022,2019 - 2020,The CommuniTree Carbon Program (formerly Limay Community Carbon Project),,illwerke vkw AG,Plan Vivo,Forest,"5,516",PVC (tCO2e),UNIT
08 Mar 2022,2015 - 2016,"Pasture Conservation and Climate Action , Mongolia",,myclimate,Plan Vivo,Agriculture land management,11,PVC (tCO2e),UNIT
08 Mar 2022,2013 - 2014,Drawa Rainforest Carbon Project,,myclimate,Plan Vivo,Improved forest management,"3,798",PVC (tCO2e),UNIT
10 Jun 2025,2019,Babatana Rainforest Conservation Project (Sirebe),,dvs - Deutscher Versand Service GmbH,Plan Vivo,Improved forest management,721,PVC (tCO2e),UNIT
10 Jun 2025,2019,Babatana Rainforest Conservation Project (Sirebe),,dvs Deutscher Versand Service GmbH,Plan Vivo,Improved forest management,"2,000",PVC (tCO2e),UNIT
11 Dec 2022,2017,Rarakau Rainforest Carbon Project,,,Plan Vivo,Improved forest management,33,PVC (tCO2e),UNIT
11 Dec 2022,2017,Rarakau Rainforest Carbon Project,,,Plan Vivo,Improved forest management,7,PVC (tCO2e),UNIT
11 Dec 2022,2017,Rarakau Rainforest Carbon Project,,,Plan Vivo,Improved forest management,30,PVC (tCO2e),UNIT
11 Dec 2022,2017,Rarakau Rainforest Carbon Project,,,Plan Vivo,Improved forest management,90,PVC (tCO2e),UNIT
11 Dec 2022,2017,Rarakau Rainforest Carbon Project,,,Plan Vivo,Improved forest management,90,PVC (tCO2e),UNIT
11 Dec 2022,2017,Rarakau Rainforest Carbon Project,,,Plan Vivo,Improved forest management,18,PVC (tCO2e),UNIT
12 Dec 2022,2017,Rarakau Rainforest Carbon Project,,,Plan Vivo,Improved forest management,12,PVC (tCO2e),UNIT
12 Dec 2022,2017,Rarakau Rainforest Carbon Project,,,Plan Vivo,Improved forest management,99,PVC (tCO2e),UNIT
12 Dec 2022,2017,Rarakau Rainforest Carbon Project,,,Plan Vivo,Improved forest management,31,PVC (tCO2e),UNIT
12 Dec 2022,2017,Rarakau Rainforest Carbon Project,,,Plan Vivo,Improved forest management,33,PVC (tCO2e),UNIT
12 Dec 2022,2017,Rarakau Rainforest Carbon Project,,,Plan Vivo,Improved forest management,26,PVC (tCO2e),UNIT
12 Dec 2022,2017,Rarakau Rainforest Carbon Project,,,Plan Vivo,Improved forest management,8,PVC (tCO2e),UNIT
12 Dec 2022,2017,Rarakau Rainforest Carbon Project,,,Plan Vivo,Improved forest management,58,PVC (tCO2e),UNIT
12 Dec 2022,2017,Rarakau Rainforest Carbon Project,,,Plan Vivo,Improved forest management,11,PVC (tCO2e),UNIT
21 Apr 2023,2019,gula gula food forest program,,CEEZER client,Plan Vivo,Afforestation / Reforestation,104,PVC (tCO2e),UNIT
09 Jul 2017,2016,The CommuniTree Carbon Program (formerly Limay Community Carbon Project),,,Plan Vivo,Forest,69,PVC (tCO2e),UNIT
09 Jul 2017,2016,The CommuniTree Carbon Program (formerly Limay Community Carbon Project),,,Plan Vivo,Forest,37,PVC (tCO2e),UNIT
09 Jul 2017,2016,The CommuniTree Carbon Program (formerly Limay Community Carbon Project),,,Plan Vivo,Forest,48,PVC (tCO2e),UNIT
06 May 2020,2018,Scolel té Natural Resources Management and Carbon Sequestration Project (Scolel té Natural Resources Management and Carbon Sequestration Project),,Vision,Plan Vivo,Afforestation / Reforestation,143,PVC (tCO2e),UNIT
09 Jul 2017,2016,The CommuniTree Carbon Program (formerly Limay Community Carbon Project),,,Plan Vivo,Forest,128,PVC (tCO2e),UNIT
09 Jul 2017,2016,The CommuniTree Carbon Program (formerly Limay Community Carbon Project),,,Plan Vivo,Forest,52,PVC (tCO2e),UNIT
09 Jul 2017,2016,The CommuniTree Carbon Program (formerly Limay Community Carbon Project),,,Plan Vivo,Forest,28,PVC (tCO2e),UNIT
06 May 2020,2018,Scolel té Natural Resources Management and Carbon Sequestration Project (Scolel té Natural Resources Management and Carbon Sequestration Project),,Smiling Faces,Plan Vivo,Afforestation / Reforestation,165,PVC (tCO2e),UNIT
06 May 2020,2018,Scolel té Natural Resources Management and Carbon Sequestration Project (Scolel té Natural Resources Management and Carbon Sequestration Project),,Risenta,Plan Vivo,Afforestation / Reforestation,"1,513",PVC (tCO2e),UNIT
24 Apr 2020,2018,ArBolivia,,Oslo University,Plan Vivo,Afforestation / Reforestation,4,PVC (tCO2e),UNIT
24 Apr 2020,2018,ArBolivia,,YMR Kommunikation,Plan Vivo,Afforestation / Reforestation,36,PVC (tCO2e),UNIT
24 Apr 2020,2018,ArBolivia,,Vindfanan,Plan Vivo,Afforestation / Reforestation,20,PVC (tCO2e),UNIT
24 Apr 2020,2018,ArBolivia,,Margareta Ellnebo,Plan Vivo,Afforestation / Reforestation,21,PVC (tCO2e),UNIT
24 Apr 2020,2018,ArBolivia,,Trans Skandic,Plan Vivo,Afforestation / Reforestation,112,PVC (tCO2e),UNIT
24 Apr 2020,2018,ArBolivia,,Embedded Artists,Plan Vivo,Afforestation / Reforestation,118,PVC (tCO2e),UNIT
13 May 2021,2020,Vanga Blue Forest,,Himaya Skincare Limited,Plan Vivo,Forest Conservation & Avoided Deforestation,12,PVC (tCO2e),UNIT
03 Jun 2021,2015 - 2016,"Pasture Conservation and Climate Action , Mongolia",,myclimate,Plan Vivo,Agriculture land management,"2,933",PVC (tCO2e),UNIT
24 Jun 2021,2020,Mikoko Pamoja,,Ocean Bottle,Plan Vivo,Forest Conservation & Avoided Deforestation,31,PVC (tCO2e),UNIT
24 Jun 2021,2020,Mikoko Pamoja,,Common Seas,Plan Vivo,Forest Conservation & Avoided Deforestation,7,PVC (tCO2e),UNIT
16 Jul 2021,2020,Mikoko Pamoja,,"the Association of Surfing Professionals, LLC d/b/a World Surf League",Plan Vivo,Forest Conservation & Avoided Deforestation,100,PVC (tCO2e),UNIT
27 Jul 2021,2016 - 2017,Rehabilitation and sustainable management by AGED of degraded pastures in the Sahel region of Burkina Faso,,Customers of CO2logic,Plan Vivo,Afforestation / Reforestation,145,PVC (tCO2e),UNIT
08 Sep 2023,2021 - 2022,The Yaeda-Eyasi Landscape REDD project,,Grosvenor Property UK,Plan Vivo,REDD,287,PVC (tCO2e),UNIT
14 Sep 2023,2022,Vanga Blue Forest,,Donald Snodgrass,Plan Vivo,Forest Conservation & Avoided Deforestation,8,PVC (tCO2e),UNIT
20 Sep 2023,2021,gula gula food forest program,,Games Forest Club gGmbH,Plan Vivo,Afforestation / Reforestation,75,PVC (tCO2e),UNIT
21 Oct 2023,2021 - 2022,The Yaeda-Eyasi Landscape REDD project,,Sustainable Travel International,Plan Vivo,REDD,250,PVC (tCO2e),UNIT
31 Oct 2023,2022,gula gula food forest program,,Sellhelp AB,Plan Vivo,Afforestation / Reforestation,627,PVC (tCO2e),UNIT
31 Oct 2023,2022,gula gula food forest program,,Sellhelp AB,Plan Vivo,Afforestation / Reforestation,750,PVC (tCO2e),UNIT
31 Oct 2023,2022,Trees for Global Benefits,,Maria Nila,Plan Vivo,Afforestation / Reforestation,54,PVC (tCO2e),UNIT
31 Oct 2023,2022,Trees for Global Benefits,,Compassion in World Farming International,Plan Vivo,Afforestation / Reforestation,110,PVC (tCO2e),UNIT
04 Dec 2023,2022,Khasi Hills Community REDD+ Project: Restoring and Conserving Meghalaya's Hill ForestsThrough Community Action,,Nordströms Bygghandel AB,Plan Vivo,REDD,"9,773",PVC (tCO2e),UNIT
17 Aug 2016,2011,Emiti Nibwo Bulora,,,Plan Vivo,Afforestation / Reforestation,20,PVC (tCO2e),UNIT
17 Aug 2016,2011,Emiti Nibwo Bulora,,,Plan Vivo,Afforestation / Reforestation,228,PVC (tCO2e),UNIT
16 Jul 2021,2020,Mikoko Pamoja,,"the Association of Surfing Professionals, LLC d/b/a World Surf League",Plan Vivo,Forest Conservation & Avoided Deforestation,100,PVC (tCO2e),UNIT
17 Aug 2016,2011,Emiti Nibwo Bulora,,,Plan Vivo,Afforestation / Reforestation,123,PVC (tCO2e),UNIT
13 Mar 2023,2015,The Yaeda-Eyasi Landscape REDD project(old),,Carbon Tanzania,Plan Vivo,REDD,1,PVC (tCO2e),UNIT
25 Aug 2016,2013 - 2014,Loru Forest Project,,,Plan Vivo,Reduced emissions from deforestation & degradation,"1,137",PVC (tCO2e),UNIT
24 Jun 2021,2020,Mikoko Pamoja,,Common Seas,Plan Vivo,Forest Conservation & Avoided Deforestation,7,PVC (tCO2e),UNIT
24 Jun 2021,2020,Mikoko Pamoja,,Ocean Bottle,Plan Vivo,Forest Conservation & Avoided Deforestation,31,PVC (tCO2e),UNIT
04 Jun 2021,2019 - 2020,The Yaeda-Eyasi Landscape REDD project(old),,Fidelis Insurance,Plan Vivo,REDD,184,PVC (tCO2e),UNIT
04 Jun 2021,2018 - 2019,The Yaeda-Eyasi Landscape REDD project(old),,Group Partners,Plan Vivo,REDD,52,PVC (tCO2e),UNIT
04 Jun 2021,2018 - 2019,The Yaeda-Eyasi Landscape REDD project(old),,Paradigm Norton Financial Planning,Plan Vivo,REDD,53,PVC (tCO2e),UNIT
04 Jun 2021,2018 - 2019,The Yaeda-Eyasi Landscape REDD project(old),,Prot2col,Plan Vivo,REDD,5,PVC (tCO2e),UNIT
04 Jun 2021,2019,Khasi Hills Community REDD+ Project: Restoring and Conserving Meghalaya's Hill ForestsThrough Community Action,,Twenty Twenty Productions,Plan Vivo,REDD,90,PVC (tCO2e),UNIT
04 Jun 2021,2018 - 2019,The Yaeda-Eyasi Landscape REDD project(old),,Twenty Twenty Productions,Plan Vivo,REDD,10,PVC (tCO2e),UNIT
04 Jun 2021,2018 - 2019,The Yaeda-Eyasi Landscape REDD project(old),,Kloeber,Plan Vivo,REDD,375,PVC (tCO2e),UNIT
11 Nov 2025,2022,Trees for Global Benefits,,Unitas,Plan Vivo,Afforestation / Reforestation,157,PVC (tCO2e),UNIT
11 Nov 2025,2022,Trees for Global Benefits,,DCA,Plan Vivo,Afforestation / Reforestation,"1,288",PVC (tCO2e),UNIT
11 Nov 2025,2016,Trees for Global Benefits,,Classic Africa Safaris,Plan Vivo,Afforestation / Reforestation,51,PVC (tCO2e),UNIT
06 Nov 2025,2024,Vanga Blue Forest,,Teignmouth Maritime Services Limited,Plan Vivo,Forest Conservation & Avoided Deforestation,250,PVC (tCO2e),UNIT
06 Nov 2025,2024,Mikoko Pamoja,,Emily Fripp and Associates Ltd. (trading as Efeca),Plan Vivo,Forest Conservation & Avoided Deforestation,12,PVC (tCO2e),UNIT
09 Oct 2025,2023 - 2024,The Yaeda-Eyasi Landscape REDD project,,Africa Safari Experts,Plan Vivo,Forest Conservation & Avoided Deforestation,25,PVC (tCO2e),UNIT
01 Oct 2025,2023 - 2024,EthioTrees: Ecosystem restoration and agroforestry by landless and smallholder farmers in Tigray (North Ethiopia),,Victor Buyck Steel Construction,Plan Vivo,Forest Restoration,16,PVC (tCO2e),UNIT
01 Oct 2025,2024 - 2025,EthioTrees: Ecosystem restoration and agroforestry by landless and smallholder farmers in Tigray (North Ethiopia),,"Triginta NV, Rijvisschestraat 126, B-9052 Ghent, Belgium",Plan Vivo,Forest Restoration,873,PVC (tCO2e),UNIT
26 Sep 2025,2024,Mikoko Pamoja,,TROPIMUNDO Erasmus Mundus,Plan Vivo,Forest Conservation & Avoided Deforestation,257,PVC (tCO2e),UNIT
12 Sep 2025,2024,Mikoko Pamoja,,Christiane Statham,Plan Vivo,Forest Conservation & Avoided Deforestation,6,PVC (tCO2e),UNIT
03 Feb 2025,2022,Trees for Global Benefits,,Brill N.V.,Plan Vivo,Afforestation / Reforestation,200,PVC (tCO2e),UNIT
21 Nov 2018,2015 - 2016,"Pasture Conservation and Climate Action , Mongolia",,ZeroMission AB,Plan Vivo,Agriculture land management,44,PVC (tCO2e),UNIT
21 Nov 2018,2016 - 2017,The Yaeda-Eyasi Landscape REDD project(old),,Smedja Järneken,Plan Vivo,REDD,2,PVC (tCO2e),UNIT
21 Nov 2018,2016 - 2017,The Yaeda-Eyasi Landscape REDD project(old),,Combitech,Plan Vivo,REDD,6,PVC (tCO2e),UNIT
21 Nov 2018,2016 - 2017,The Yaeda-Eyasi Landscape REDD project(old),,Warner Sweden,Plan Vivo,REDD,151,PVC (tCO2e),UNIT
26 Jun 2017,2015 - 2016,Loru Forest Project,,,Plan Vivo,Reduced emissions from deforestation & degradation,25,PVC (tCO2e),UNIT
12 Sep 2019,2016,Trees for Global Benefits,,ZeroMission,Plan Vivo,Afforestation / Reforestation,2,PVC (tCO2e),UNIT
06 Jul 2017,2012,Khasi Hills Community REDD+ Project: Restoring and Conserving Meghalaya's Hill ForestsThrough Community Action,,,Plan Vivo,REDD,"2,994",PVC (tCO2e),UNIT
06 Jul 2017,2015,Khasi Hills Community REDD+ Project: Restoring and Conserving Meghalaya's Hill ForestsThrough Community Action,,,Plan Vivo,REDD,"6,680",PVC (tCO2e),UNIT
09 Jul 2017,2016,The CommuniTree Carbon Program (formerly Limay Community Carbon Project),,,Plan Vivo,Forest,"11,500",PVC (tCO2e),UNIT
09 Jul 2017,2016,The CommuniTree Carbon Program (formerly Limay Community Carbon Project),,,Plan Vivo,Forest,"14,578",PVC (tCO2e),UNIT
09 Jul 2017,2014,The CommuniTree Carbon Program (formerly Limay Community Carbon Project),,,Plan Vivo,Forest,5,PVC (tCO2e),UNIT
09 Jul 2017,2014,The CommuniTree Carbon Program (formerly Limay Community Carbon Project),,,Plan Vivo,Forest,3,PVC (tCO2e),UNIT
09 Jul 2017,2016,The CommuniTree Carbon Program (formerly Limay Community Carbon Project),,,Plan Vivo,Forest,138,PVC (tCO2e),UNIT
09 Jul 2017,2016,The CommuniTree Carbon Program (formerly Limay Community Carbon Project),,,Plan Vivo,Forest,747,PVC (tCO2e),UNIT
20 Dec 2018,2017,Mikoko Pamoja,,Citizen Zoo CIC,Plan Vivo,Forest Conservation & Avoided Deforestation,9,PVC (tCO2e),UNIT
09 Dec 2020,2016 - 2017,The Yaeda-Eyasi Landscape REDD project(old),,National Geographic Expeditions,Plan Vivo,REDD,"16,000",PVC (tCO2e),UNIT
22 Mar 2018,2012,Trees for Global Benefits,,,Plan Vivo,Afforestation / Reforestation,"2,261",PVC (tCO2e),UNIT
22 Mar 2018,2014,The CommuniTree Carbon Program (formerly Limay Community Carbon Project),,,Plan Vivo,Forest,"3,362",PVC (tCO2e),UNIT
22 Mar 2018,2016,The CommuniTree Carbon Program (formerly Limay Community Carbon Project),,,Plan Vivo,Forest,"3,149",PVC (tCO2e),UNIT
28 Jan 2025,2022,Trees for Global Benefits,,Mizuho International PLC,Plan Vivo,Afforestation / Reforestation,100,PVC (tCO2e),UNIT
30 Jan 2025,2022,Trees for Global Benefits,,time:matters (Shanghai) International Freight Forwarding Ltd.,Plan Vivo,Afforestation / Reforestation,"1,134",PVC (tCO2e),UNIT
30 Jan 2025,2022,Trees for Global Benefits,,time:matters (Shanghai) International Freight Forwarding Ltd.,Plan Vivo,Afforestation / Reforestation,"5,289",PVC (tCO2e),UNIT
30 Jan 2025,2022,Trees for Global Benefits,,Mizuho International PLC,Plan Vivo,Afforestation / Reforestation,80,PVC (tCO2e),UNIT
30 Jan 2025,2022,Trees for Global Benefits,,Mizuho International PLC,Plan Vivo,Afforestation / Reforestation,60,PVC (tCO2e),UNIT
30 Jan 2025,2022,Trees for Global Benefits,,Aegis London,Plan Vivo,Afforestation / Reforestation,50,PVC (tCO2e),UNIT
30 Jan 2025,2022,Trees for Global Benefits,,Mizuho International PLC,Plan Vivo,Afforestation / Reforestation,20,PVC (tCO2e),UNIT
30 Jan 2025,2019,Trees for Global Benefits,,Autor,Plan Vivo,Afforestation / Reforestation,43,PVC (tCO2e),UNIT
30 Jan 2025,2014,Trees for Global Benefits,,Laban Arkitekt,Plan Vivo,Afforestation / Reforestation,38,PVC (tCO2e),UNIT
30 Jan 2025,2014,Trees for Global Benefits,,Verdo,Plan Vivo,Afforestation / Reforestation,30,PVC (tCO2e),UNIT
30 Jan 2025,2016,Trees for Global Benefits,,Operate,Plan Vivo,Afforestation / Reforestation,128,PVC (tCO2e),UNIT
30 Jan 2025,2016,Trees for Global Benefits,,DCA,Plan Vivo,Afforestation / Reforestation,338,PVC (tCO2e),UNIT
30 Jan 2025,2022,Trees for Global Benefits,,AGF,Plan Vivo,Afforestation / Reforestation,726,PVC (tCO2e),UNIT
31 Jan 2025,2022,Trees for Global Benefits,,SQUAKE,Plan Vivo,Afforestation / Reforestation,"16,339",PVC (tCO2e),UNIT
03 Feb 2025,2022,Trees for Global Benefits,,Koninklijke Vezet B.V.,Plan Vivo,Afforestation / Reforestation,320,PVC (tCO2e),UNIT
18 Feb 2014,2010,ArBolivia,,,Plan Vivo,Afforestation / Reforestation,292,PVC (tCO2e),UNIT
18 Feb 2014,2010,ArBolivia,,,Plan Vivo,Afforestation / Reforestation,228,PVC (tCO2e),UNIT
18 Feb 2014,2010,ArBolivia,,,Plan Vivo,Afforestation / Reforestation,31,PVC (tCO2e),UNIT
04 Mar 2026,2022 - 2023,The Yaeda-Eyasi Landscape REDD project,,Bengt Dahlgren Göteborg,Plan Vivo,REDD,19,PVC (tCO2e),UNIT
14 May 2014,2012,Khasi Hills Community REDD+ Project: Restoring and Conserving Meghalaya's Hill ForestsThrough Community Action,,,Plan Vivo,REDD,70,PVC (tCO2e),UNIT
21 Jul 2014,2010,Trees of Hope,,,Plan Vivo,Afforestation / Reforestation,"3,082",PVC (tCO2e),UNIT
28 Dec 2016,2010,Scolel té Natural Resources Management and Carbon Sequestration Project (Scolel té Natural Resources Management and Carbon Sequestration Project),,,Plan Vivo,Afforestation / Reforestation,28,PVC (tCO2e),UNIT
12 Aug 2014,2011,Trees for Global Benefits,,,Plan Vivo,Afforestation / Reforestation,"10,000",PVC (tCO2e),UNIT
16 Jun 2015,2010,Scolel té Natural Resources Management and Carbon Sequestration Project (Scolel té Natural Resources Management and Carbon Sequestration Project),,,Plan Vivo,Afforestation / Reforestation,10,PVC (tCO2e),UNIT
25 Jun 2015,2010,Scolel té Natural Resources Management and Carbon Sequestration Project (Scolel té Natural Resources Management and Carbon Sequestration Project),,,Plan Vivo,Afforestation / Reforestation,1,PVC (tCO2e),UNIT
25 Jun 2015,2010,Scolel té Natural Resources Management and Carbon Sequestration Project (Scolel té Natural Resources Management and Carbon Sequestration Project),,,Plan Vivo,Afforestation / Reforestation,15,PVC (tCO2e),UNIT
25 Jun 2015,2010,Scolel té Natural Resources Management and Carbon Sequestration Project (Scolel té Natural Resources Management and Carbon Sequestration Project),,,Plan Vivo,Afforestation / Reforestation,12,PVC (tCO2e),UNIT
25 Jun 2015,2010,Scolel té Natural Resources Management and Carbon Sequestration Project (Scolel té Natural Resources Management and Carbon Sequestration Project),,,Plan Vivo,Afforestation / Reforestation,12,PVC (tCO2e),UNIT
25 Jun 2015,2010,Scolel té Natural Resources Management and Carbon Sequestration Project (Scolel té Natural Resources Management and Carbon Sequestration Project),,,Plan Vivo,Afforestation / Reforestation,12,PVC (tCO2e),UNIT
25 Jun 2015,2010,Scolel té Natural Resources Management and Carbon Sequestration Project (Scolel té Natural Resources Management and Carbon Sequestration Project),,,Plan Vivo,Afforestation / Reforestation,10,PVC (tCO2e),UNIT
21 Jul 2022,2011 - 2019,HALO VERDE TIMOR COMMUNITY FOREST CARBON,,"Klimate ApS Hauser Plads 30a, st. 1127 Copenhagen K, Denmark, attention: Simon Bager",Plan Vivo,Afforestation / Reforestation,"1,000",PVC (tCO2e),UNIT
02 Aug 2022,2019 - 2020,EthioTrees: Ecosystem restoration and agroforestry by landless and smallholder farmers in Tigray (North Ethiopia),,Davines S.p.A.,Plan Vivo,Forest Restoration,46,PVC (tCO2e),UNIT
09 Aug 2022,2015,Babatana Rainforest Conservation Project (Sirebe),,,Plan Vivo,Improved forest management,"1,407",PVC (tCO2e),UNIT
11 Aug 2022,2011 - 2019,HALO VERDE TIMOR COMMUNITY FOREST CARBON,,TapTree GmbH Campus A1 2 66123 Saarbrücken Germany,Plan Vivo,Afforestation / Reforestation,500,PVC (tCO2e),UNIT
30 May 2023,2021,Trees for Global Benefits,,Långholmen Hotell & Restaurang,Plan Vivo,Afforestation / Reforestation,58,PVC (tCO2e),UNIT
28 Aug 2022,2021,Vanga Blue Forest,,The Behavioural Insights Team,Plan Vivo,Forest Conservation & Avoided Deforestation,325,PVC (tCO2e),UNIT
28 Aug 2022,2021,Vanga Blue Forest,,Levin Sources,Plan Vivo,Forest Conservation & Avoided Deforestation,37,PVC (tCO2e),UNIT
28 Aug 2022,2021,Mikoko Pamoja,,Hannah Lee,Plan Vivo,Forest Conservation & Avoided Deforestation,5,PVC (tCO2e),UNIT
09 Sep 2022,2016 - 2017,Rehabilitation and sustainable management by AGED of degraded pastures in the Sahel region of Burkina Faso,,Customers CO2logic,Plan Vivo,Afforestation / Reforestation,70,PVC (tCO2e),UNIT
19 Sep 2022,2021,Mikoko Pamoja,,TROPIMUNDO,Plan Vivo,Forest Conservation & Avoided Deforestation,101,PVC (tCO2e),UNIT
02 Nov 2022,2021,Mikoko Pamoja,,Ocean Bottle,Plan Vivo,Forest Conservation & Avoided Deforestation,300,PVC (tCO2e),UNIT
08 Dec 2022,2020,Khasi Hills Community REDD+ Project: Restoring and Conserving Meghalaya's Hill ForestsThrough Community Action,,,Plan Vivo,REDD,315,PVC (tCO2e),UNIT
23 Aug 2023,2022,Vanga Blue Forest,,Levin Sources,Plan Vivo,Forest Conservation & Avoided Deforestation,11,PVC (tCO2e),UNIT
29 Aug 2023,2022,Mikoko Pamoja,,TROPIMUNDO,Plan Vivo,Forest Conservation & Avoided Deforestation,173,PVC (tCO2e),UNIT
29 Aug 2023,2020 - 2021,"Pasture Conservation and Climate Action , Mongolia",,Pelle Halling,Plan Vivo,Agriculture land management,10,PVC (tCO2e),UNIT
09 Jul 2022,2021,Vanga Blue Forest,,Charles and Kate Hussey,Plan Vivo,Forest Conservation & Avoided Deforestation,60,PVC (tCO2e),UNIT
09 Jul 2022,2021,Vanga Blue Forest,,"The CORRIENTE XXI project, Vrije Universiteit Brussel",Plan Vivo,Forest Conservation & Avoided Deforestation,15,PVC (tCO2e),UNIT
09 Jul 2022,2021,Vanga Blue Forest,,Superflex,Plan Vivo,Forest Conservation & Avoided Deforestation,42,PVC (tCO2e),UNIT
02 Aug 2022,2020 - 2021,EthioTrees: Ecosystem restoration and agroforestry by landless and smallholder farmers in Tigray (North Ethiopia),,Davines S.p.A.,Plan Vivo,Forest Restoration,"4,868",PVC (tCO2e),UNIT
29 Aug 2023,2021,Vanga Blue Forest,,Menigo Foodservice AB,Plan Vivo,Forest Conservation & Avoided Deforestation,438,PVC (tCO2e),UNIT
28 Aug 2022,2021,Vanga Blue Forest,,Citizen Zoo,Plan Vivo,Forest Conservation & Avoided Deforestation,5,PVC (tCO2e),UNIT
28 Aug 2022,2021,Vanga Blue Forest,,Nico Koedam,Plan Vivo,Forest Conservation & Avoided Deforestation,20,PVC (tCO2e),UNIT
28 Aug 2022,2021,Vanga Blue Forest,,Miriam Cannella,Plan Vivo,Forest Conservation & Avoided Deforestation,2,PVC (tCO2e),UNIT
19 Sep 2022,2020 - 2021,EthioTrees: Ecosystem restoration and agroforestry by landless and smallholder farmers in Tigray (North Ethiopia),,Qframe nv,Plan Vivo,Forest Restoration,32,PVC (tCO2e),UNIT
05 Jul 2023,2017 - 2018,Drawa Rainforest Carbon Project,,Nordax Group,Plan Vivo,Improved forest management,13,PVC (tCO2e),UNIT
29 Oct 2022,2021,Mikoko Pamoja,,TROPIMUNDO,Plan Vivo,Forest Conservation & Avoided Deforestation,183,PVC (tCO2e),UNIT
02 Nov 2022,2021,Vanga Blue Forest,,Alison Baker,Plan Vivo,Forest Conservation & Avoided Deforestation,10,PVC (tCO2e),UNIT
02 Nov 2022,2021,Vanga Blue Forest,,Levin Sources,Plan Vivo,Forest Conservation & Avoided Deforestation,4,PVC (tCO2e),UNIT
02 Nov 2022,2021,Vanga Blue Forest,,Ocean Bottle,Plan Vivo,Forest Conservation & Avoided Deforestation,700,PVC (tCO2e),UNIT
04 Nov 2022,2021,gula gula food forest program,,Mondaine Watch Ltd,Plan Vivo,Afforestation / Reforestation,11,PVC (tCO2e),UNIT
09 Jan 2026,2022,gula gula food forest program,,Siemens AG,Plan Vivo,Afforestation / Reforestation,22,PVC (tCO2e),UNIT
28 Aug 2022,2021,Vanga Blue Forest,,Levin Sources,Plan Vivo,Forest Conservation & Avoided Deforestation,37,PVC (tCO2e),UNIT
24 Dec 2025,2023,Trees for Global Benefits,,Regreener Community,Plan Vivo,Afforestation / Reforestation,721,PVC (tCO2e),UNIT
24 Dec 2025,2023,Trees for Global Benefits,,Brill N.V,Plan Vivo,Afforestation / Reforestation,200,PVC (tCO2e),UNIT
15 Jan 2026,2023 - 2024,"Paskaia Mosquitia, Honduras",,Hogan Lovells,Plan Vivo,Forest Restoration,"2,524",PVC (tCO2e),UNIT
19 Dec 2025,2024,Mikoko Pamoja,,Pelorus Foundation,Plan Vivo,Forest Conservation & Avoided Deforestation,40,PVC (tCO2e),UNIT
19 Dec 2025,2024,Vanga Blue Forest,,Pelorus Foundation,Plan Vivo,Forest Conservation & Avoided Deforestation,60,PVC (tCO2e),UNIT
19 Dec 2025,2024,Mikoko Pamoja,,Citizen Zoo,Plan Vivo,Forest Conservation & Avoided Deforestation,33,PVC (tCO2e),UNIT
19 Dec 2025,2024,Vanga Blue Forest,,Global Earthquake Model,Plan Vivo,Forest Conservation & Avoided Deforestation,50,PVC (tCO2e),UNIT
19 Dec 2025,2024,Mikoko Pamoja,,Global Earthquake Model,Plan Vivo,Forest Conservation & Avoided Deforestation,50,PVC (tCO2e),UNIT
19 Dec 2025,2024,Mikoko Pamoja,,Vrije Universiteit Brussel,Plan Vivo,Forest Conservation & Avoided Deforestation,50,PVC (tCO2e),UNIT
19 Dec 2025,2024,Mikoko Pamoja,,Space Intelligence,Plan Vivo,Forest Conservation & Avoided Deforestation,52,PVC (tCO2e),UNIT
14 May 2016,2012,Khasi Hills Community REDD+ Project: Restoring and Conserving Meghalaya's Hill ForestsThrough Community Action,,,Plan Vivo,REDD,183,PVC (tCO2e),UNIT
14 May 2016,2012,Khasi Hills Community REDD+ Project: Restoring and Conserving Meghalaya's Hill ForestsThrough Community Action,,,Plan Vivo,REDD,40,PVC (tCO2e),UNIT
14 May 2016,2012,Khasi Hills Community REDD+ Project: Restoring and Conserving Meghalaya's Hill ForestsThrough Community Action,,,Plan Vivo,REDD,80,PVC (tCO2e),UNIT
24 Dec 2025,2023,Trees for Global Benefits,,Brill N.V,Plan Vivo,Afforestation / Reforestation,200,PVC (tCO2e),UNIT
15 Jan 2026,2023 - 2024,"Paskaia Mosquitia, Honduras",,Hogan Lovells,Plan Vivo,Forest Restoration,"2,524",PVC (tCO2e),UNIT
19 Dec 2025,2024,Mikoko Pamoja,,Pelorus Foundation,Plan Vivo,Forest Conservation & Avoided Deforestation,40,PVC (tCO2e),UNIT
19 Dec 2025,2024,Vanga Blue Forest,,Pelorus Foundation,Plan Vivo,Forest Conservation & Avoided Deforestation,60,PVC (tCO2e),UNIT
19 Dec 2025,2024,Mikoko Pamoja,,Citizen Zoo,Plan Vivo,Forest Conservation & Avoided Deforestation,33,PVC (tCO2e),UNIT
19 Dec 2025,2024,Vanga Blue Forest,,Global Earthquake Model,Plan Vivo,Forest Conservation & Avoided Deforestation,50,PVC (tCO2e),UNIT
01 Sep 2023,2021,Khasi Hills Community REDD+ Project: Restoring and Conserving Meghalaya's Hill ForestsThrough Community Action,,Hyresgästföreningen,Plan Vivo,REDD,4,PVC (tCO2e),UNIT
01 Sep 2023,2021,Trees for Global Benefits,,Maria Nila,Plan Vivo,Afforestation / Reforestation,487,PVC (tCO2e),UNIT
19 Dec 2025,2024,Mikoko Pamoja,,Global Earthquake Model,Plan Vivo,Forest Conservation & Avoided Deforestation,50,PVC (tCO2e),UNIT
27 Apr 2020,2017 - 2018,The CommuniTree Carbon Program (formerly Limay Community Carbon Project),,Anders Sancho,Plan Vivo,Forest,3,PVC (tCO2e),UNIT
01 Sep 2023,2021,Trees for Global Benefits,,ICANIWILL AB,Plan Vivo,Afforestation / Reforestation,"1,600",PVC (tCO2e),UNIT
29 Dec 2023,2022 - 2023,The Yaeda-Eyasi Landscape REDD project,,East African Voyage,Plan Vivo,REDD,18,PVC (tCO2e),UNIT
19 Dec 2025,2024,Mikoko Pamoja,,Vrije Universiteit Brussel,Plan Vivo,Forest Conservation & Avoided Deforestation,50,PVC (tCO2e),UNIT
19 Dec 2025,2024,Mikoko Pamoja,,Space Intelligence,Plan Vivo,Forest Conservation & Avoided Deforestation,52,PVC (tCO2e),UNIT
18 Dec 2025,2023,Trees for Global Benefits,,Verdo,Plan Vivo,Afforestation / Reforestation,54,PVC (tCO2e),UNIT
27 Nov 2017,2015,Scolel té Natural Resources Management and Carbon Sequestration Project (Scolel té Natural Resources Management and Carbon Sequestration Project),,,Plan Vivo,Afforestation / Reforestation,25,PVC (tCO2e),UNIT
27 Nov 2017,2015,Scolel té Natural Resources Management and Carbon Sequestration Project (Scolel té Natural Resources Management and Carbon Sequestration Project),,,Plan Vivo,Afforestation / Reforestation,8,PVC (tCO2e),UNIT
08 Apr 2020,2019 - 2020,EthioTrees: Ecosystem restoration and agroforestry by landless and smallholder farmers in Tigray (North Ethiopia),,Arvid Nordquist,Plan Vivo,Forest Restoration,"5,696",PVC (tCO2e),UNIT
27 Nov 2017,2015,Scolel té Natural Resources Management and Carbon Sequestration Project (Scolel té Natural Resources Management and Carbon Sequestration Project),,,Plan Vivo,Afforestation / Reforestation,275,PVC (tCO2e),UNIT
29 Mar 2023,2019 - 2020,The Yaeda-Eyasi Landscape REDD project(old),,"Retired on behalf of Native, a Public Benefit Corporation supporter",Plan Vivo,REDD,326,PVC (tCO2e),UNIT
27 Nov 2017,2015,Scolel té Natural Resources Management and Carbon Sequestration Project (Scolel té Natural Resources Management and Carbon Sequestration Project),,,Plan Vivo,Afforestation / Reforestation,6,PVC (tCO2e),UNIT
27 Nov 2017,2015,Scolel té Natural Resources Management and Carbon Sequestration Project (Scolel té Natural Resources Management and Carbon Sequestration Project),,,Plan Vivo,Afforestation / Reforestation,114,PVC (tCO2e),UNIT
27 Nov 2017,2015,Scolel té Natural Resources Management and Carbon Sequestration Project (Scolel té Natural Resources Management and Carbon Sequestration Project),,,Plan Vivo,Afforestation / Reforestation,55,PVC (tCO2e),UNIT
27 Nov 2017,2015,Scolel té Natural Resources Management and Carbon Sequestration Project (Scolel té Natural Resources Management and Carbon Sequestration Project),,,Plan Vivo,Afforestation / Reforestation,27,PVC (tCO2e),UNIT
01 Dec 2017,2016,Mikoko Pamoja,,,Plan Vivo,Forest Conservation & Avoided Deforestation,371,PVC (tCO2e),UNIT
29 Aug 2023,2014,Durian Rambun,,Menigo Foodservice AB,Plan Vivo,REDD,378,PVC (tCO2e),UNIT
12 Sep 2019,2016 - 2017,The Yaeda-Eyasi Landscape REDD project(old),,Bengt Dahlgren Göteborg,Plan Vivo,REDD,2,PVC (tCO2e),UNIT
13 Mar 2023,2019 - 2020,The Yaeda-Eyasi Landscape REDD project(old),,Carbon Tanzania,Plan Vivo,REDD,8,PVC (tCO2e),UNIT
19 Jan 2018,2015 - 2016,Rehabilitation and sustainable management by REACH Italia of degraded pastures in the Sahel region of Burkina Faso,,,Plan Vivo,Afforestation / Reforestation,22,PVC (tCO2e),UNIT
27 Mar 2020,2017 - 2018,The Yaeda-Eyasi Landscape REDD project(old),,BioGaia,Plan Vivo,REDD,62,PVC (tCO2e),UNIT
03 Sep 2025,2023 - 2024,EthioTrees: Ecosystem restoration and agroforestry by landless and smallholder farmers in Tigray (North Ethiopia),,Davines Group,Plan Vivo,Forest Restoration,32,PVC (tCO2e),UNIT
03 Sep 2025,2023 - 2024,EthioTrees: Ecosystem restoration and agroforestry by landless and smallholder farmers in Tigray (North Ethiopia),,Davines Group,Plan Vivo,Forest Restoration,178,PVC (tCO2e),UNIT
03 Sep 2025,2023 - 2024,EthioTrees: Ecosystem restoration and agroforestry by landless and smallholder farmers in Tigray (North Ethiopia),,Davines Group,Plan Vivo,Forest Restoration,166,PVC (tCO2e),UNIT
08 Dec 2021,2016 - 2017,"Pasture Conservation and Climate Action , Mongolia",,BeZero,Plan Vivo,Agriculture land management,117,PVC (tCO2e),UNIT
04 Jul 2013,2010,Scolel té Natural Resources Management and Carbon Sequestration Project (Scolel té Natural Resources Management and Carbon Sequestration Project),,,Plan Vivo,Afforestation / Reforestation,4,PVC (tCO2e),UNIT
06 Nov 2025,2024,Mikoko Pamoja,,Emily Fripp and Associates Ltd. (trading as Efeca),Plan Vivo,Forest Conservation & Avoided Deforestation,12,PVC (tCO2e),UNIT
03 Nov 2021,2019,Trees for Global Benefits,,Philip Morris International Services LLC,Plan Vivo,Afforestation / Reforestation,"1,610",PVC (tCO2e),UNIT
17 Oct 2021,2016,Rarakau Rainforest Carbon Project,,,Plan Vivo,Improved forest management,10,PVC (tCO2e),UNIT
21 Jul 2014,2010,Trees of Hope,,,Plan Vivo,Afforestation / Reforestation,"6,918",PVC (tCO2e),UNIT
18 Mar 2019,2012,The CommuniTree Carbon Program (formerly Limay Community Carbon Project),,myclimate,Plan Vivo,Forest,"1,274",PVC (tCO2e),UNIT
06 Apr 2023,2020,Khasi Hills Community REDD+ Project: Restoring and Conserving Meghalaya's Hill ForestsThrough Community Action,,C Level,Plan Vivo,REDD,"2,000",PVC (tCO2e),UNIT
04 Oct 2021,2018 - 2019,EthioTrees: Ecosystem restoration and agroforestry by landless and smallholder farmers in Tigray (North Ethiopia),,Victor Buyck Steel Construction NV,Plan Vivo,Forest Restoration,41,PVC (tCO2e),UNIT
04 Jun 2013,2012,The CommuniTree Carbon Program (formerly Limay Community Carbon Project),,,Plan Vivo,Forest,50,PVC (tCO2e),UNIT
14 May 2013,2010,Scolel té Natural Resources Management and Carbon Sequestration Project (Scolel té Natural Resources Management and Carbon Sequestration Project),,,Plan Vivo,Afforestation / Reforestation,2,PVC (tCO2e),UNIT
18 Feb 2014,2010,ArBolivia,,,Plan Vivo,Afforestation / Reforestation,"2,463",PVC (tCO2e),UNIT
12 Jul 2017,2016,Mikoko Pamoja,,,Plan Vivo,Forest Conservation & Avoided Deforestation,29,PVC (tCO2e),UNIT
30 May 2017,2015 - 2016,Loru Forest Project,,,Plan Vivo,Reduced emissions from deforestation & degradation,21,PVC (tCO2e),UNIT
30 May 2017,2015 - 2016,Loru Forest Project,,,Plan Vivo,Reduced emissions from deforestation & degradation,18,PVC (tCO2e),UNIT
30 May 2017,2015 - 2016,Loru Forest Project,,,Plan Vivo,Reduced emissions from deforestation & degradation,270,PVC (tCO2e),UNIT
30 May 2017,2015 - 2016,Loru Forest Project,,,Plan Vivo,Reduced emissions from deforestation & degradation,72,PVC (tCO2e),UNIT
30 May 2017,2015 - 2016,Loru Forest Project,,,Plan Vivo,Reduced emissions from deforestation & degradation,10,PVC (tCO2e),UNIT
06 Jul 2017,2015,Khasi Hills Community REDD+ Project: Restoring and Conserving Meghalaya's Hill ForestsThrough Community Action,,,Plan Vivo,REDD,"8,099",PVC (tCO2e),UNIT
26 Jun 2017,2015 - 2016,Loru Forest Project,,,Plan Vivo,Reduced emissions from deforestation & degradation,25,PVC (tCO2e),UNIT
12 Sep 2019,2016,Trees for Global Benefits,,ZeroMission,Plan Vivo,Afforestation / Reforestation,2,PVC (tCO2e),UNIT
06 Jul 2017,2012,Khasi Hills Community REDD+ Project: Restoring and Conserving Meghalaya's Hill ForestsThrough Community Action,,,Plan Vivo,REDD,"2,994",PVC (tCO2e),UNIT
06 Jul 2017,2015,Khasi Hills Community REDD+ Project: Restoring and Conserving Meghalaya's Hill ForestsThrough Community Action,,,Plan Vivo,REDD,"6,680",PVC (tCO2e),UNIT
09 Jul 2017,2016,The CommuniTree Carbon Program (formerly Limay Community Carbon Project),,,Plan Vivo,Forest,"11,500",PVC (tCO2e),UNIT
09 Jul 2017,2016,The CommuniTree Carbon Program (formerly Limay Community Carbon Project),,,Plan Vivo,Forest,"14,578",PVC (tCO2e),UNIT
09 Jul 2017,2014,The CommuniTree Carbon Program (formerly Limay Community Carbon Project),,,Plan Vivo,Forest,5,PVC (tCO2e),UNIT
09 Jul 2017,2014,The CommuniTree Carbon Program (formerly Limay Community Carbon Project),,,Plan Vivo,Forest,3,PVC (tCO2e),UNIT
03 Jul 2017,2015,Mikoko Pamoja,,,Plan Vivo,Forest Conservation & Avoided Deforestation,700,PVC (tCO2e),UNIT
03 Mar 2016,2014,Mikoko Pamoja,,,Plan Vivo,Forest Conservation & Avoided Deforestation,189,PVC (tCO2e),UNIT
21 Jul 2022,2011 - 2019,HALO VERDE TIMOR COMMUNITY FOREST CARBON,,"Klimate ApS Hauser Plads 30a, st. 1127 Copenhagen K, Denmark, attention: Simon Bager",Plan Vivo,Afforestation / Reforestation,"1,000",PVC (tCO2e),UNIT
17 Mar 2016,2012,The CommuniTree Carbon Program (formerly Limay Community Carbon Project),,,Plan Vivo,Forest,5,PVC (tCO2e),UNIT
17 Mar 2016,2013,The CommuniTree Carbon Program (formerly Limay Community Carbon Project),,,Plan Vivo,Forest,"1,622",PVC (tCO2e),UNIT
17 Mar 2016,2014,The CommuniTree Carbon Program (formerly Limay Community Carbon Project),,,Plan Vivo,Forest,"2,111",PVC (tCO2e),UNIT
18 Mar 2016,2013,The Yaeda-Eyasi Landscape REDD project(old),,,Plan Vivo,REDD,154,PVC (tCO2e),UNIT
18 Mar 2016,2013,The Yaeda-Eyasi Landscape REDD project(old),,,Plan Vivo,REDD,314,PVC (tCO2e),UNIT
18 Mar 2016,2013,The Yaeda-Eyasi Landscape REDD project(old),,,Plan Vivo,REDD,749,PVC (tCO2e),UNIT
18 Mar 2016,2013,The Yaeda-Eyasi Landscape REDD project(old),,,Plan Vivo,REDD,36,PVC (tCO2e),UNIT
18 Mar 2016,2013,The Yaeda-Eyasi Landscape REDD project(old),,,Plan Vivo,REDD,115,PVC (tCO2e),UNIT
18 Mar 2016,2013,The Yaeda-Eyasi Landscape REDD project(old),,,Plan Vivo,REDD,340,PVC (tCO2e),UNIT
18 Mar 2016,2013,The Yaeda-Eyasi Landscape REDD project(old),,,Plan Vivo,REDD,954,PVC (tCO2e),UNIT
18 Mar 2016,2013,The Yaeda-Eyasi Landscape REDD project(old),,,Plan Vivo,REDD,76,PVC (tCO2e),UNIT
18 Mar 2016,2013,The Yaeda-Eyasi Landscape REDD project(old),,,Plan Vivo,REDD,117,PVC (tCO2e),UNIT
17 Apr 2020,2012 - 2013,Drawa Rainforest Carbon Project,,Opus Bilprovning customers,Plan Vivo,Improved forest management,700,PVC (tCO2e),UNIT
21 Apr 2020,2018,Mikoko Pamoja,,Fredrik Dafgård,Plan Vivo,Forest Conservation & Avoided Deforestation,270,PVC (tCO2e),UNIT
21 Apr 2020,2017,Mikoko Pamoja,,Sustainergies,Plan Vivo,Forest Conservation & Avoided Deforestation,20,PVC (tCO2e),UNIT
22 Apr 2020,2018,ArBolivia,,GodEl,Plan Vivo,Afforestation / Reforestation,"7,343",PVC (tCO2e),UNIT
22 Apr 2020,2018,ArBolivia,,Golvkedjan,Plan Vivo,Afforestation / Reforestation,"2,414",PVC (tCO2e),UNIT
24 Apr 2020,2018,ArBolivia,,Adam/Albin,Plan Vivo,Afforestation / Reforestation,4,PVC (tCO2e),UNIT
24 Apr 2020,2018,ArBolivia,,Arcona AB,Plan Vivo,Afforestation / Reforestation,2,PVC (tCO2e),UNIT
28 Jul 2025,2019,Mikoko Pamoja,,Chooose,Plan Vivo,Forest Conservation & Avoided Deforestation,41,PVC (tCO2e),UNIT
27 Apr 2020,2018 - 2019,The CommuniTree Carbon Program (formerly Limay Community Carbon Project),,MAX Burgers AB,Plan Vivo,Forest,"48,264",PVC (tCO2e),UNIT
27 Apr 2020,2018 - 2019,The CommuniTree Carbon Program (formerly Limay Community Carbon Project),,Freys Express,Plan Vivo,Forest,82,PVC (tCO2e),UNIT
27 Apr 2020,2018 - 2019,The CommuniTree Carbon Program (formerly Limay Community Carbon Project),,Fontana Food,Plan Vivo,Forest,150,PVC (tCO2e),UNIT
27 Apr 2020,2016,Khasi Hills Community REDD+ Project: Restoring and Conserving Meghalaya's Hill ForestsThrough Community Action,,Gotlandsägg,Plan Vivo,REDD,392,PVC (tCO2e),UNIT
27 Apr 2020,2016,Khasi Hills Community REDD+ Project: Restoring and Conserving Meghalaya's Hill ForestsThrough Community Action,,Blick Möteskonsult,Plan Vivo,REDD,221,PVC (tCO2e),UNIT
27 Apr 2020,2016,Khasi Hills Community REDD+ Project: Restoring and Conserving Meghalaya's Hill ForestsThrough Community Action,,Storytel,Plan Vivo,REDD,182,PVC (tCO2e),UNIT
27 Apr 2020,2016,Khasi Hills Community REDD+ Project: Restoring and Conserving Meghalaya's Hill ForestsThrough Community Action,,Brigbys,Plan Vivo,REDD,52,PVC (tCO2e),UNIT
24 Oct 2018,2017,Trees for Global Benefits,,Warner DK,Plan Vivo,Afforestation / Reforestation,109,PVC (tCO2e),UNIT
09 Oct 2018,2017,Trees for Global Benefits,,Antalis,Plan Vivo,Afforestation / Reforestation,700,PVC (tCO2e),UNIT
24 Oct 2018,2017,Trees for Global Benefits,,LFC Dressyr,Plan Vivo,Afforestation / Reforestation,12,PVC (tCO2e),UNIT
24 Oct 2018,2017,Trees for Global Benefits,,LFC Dressyr,Plan Vivo,Afforestation / Reforestation,7,PVC (tCO2e),UNIT
15 Aug 2018,2015 - 2016,"Pasture Conservation and Climate Action , Mongolia",,,Plan Vivo,Agriculture land management,702,PVC (tCO2e),UNIT
15 Aug 2018,2015 - 2016,"Pasture Conservation and Climate Action , Mongolia",,,Plan Vivo,Agriculture land management,170,PVC (tCO2e),UNIT
15 Aug 2018,2015 - 2016,"Pasture Conservation and Climate Action , Mongolia",,,Plan Vivo,Agriculture land management,119,PVC (tCO2e),UNIT
15 Aug 2018,2015 - 2016,"Pasture Conservation and Climate Action , Mongolia",,,Plan Vivo,Agriculture land management,110,PVC (tCO2e),UNIT
15 Aug 2018,2015 - 2016,"Pasture Conservation and Climate Action , Mongolia",,,Plan Vivo,Agriculture land management,15,PVC (tCO2e),UNIT
15 Aug 2018,2015 - 2016,"Pasture Conservation and Climate Action , Mongolia",,,Plan Vivo,Agriculture land management,3,PVC (tCO2e),UNIT
04 Jun 2021,2018 - 2019,The Yaeda-Eyasi Landscape REDD project(old),,Kloeber,Plan Vivo,REDD,375,PVC (tCO2e),UNIT
04 Jun 2021,2019,Khasi Hills Community REDD+ Project: Restoring and Conserving Meghalaya's Hill ForestsThrough Community Action,,Twenty Twenty Productions,Plan Vivo,REDD,90,PVC (tCO2e),UNIT
14 May 2016,2012,Khasi Hills Community REDD+ Project: Restoring and Conserving Meghalaya's Hill ForestsThrough Community Action,,,Plan Vivo,REDD,7,PVC (tCO2e),UNIT
14 May 2016,2012,Khasi Hills Community REDD+ Project: Restoring and Conserving Meghalaya's Hill ForestsThrough Community Action,,,Plan Vivo,REDD,127,PVC (tCO2e),UNIT
14 May 2016,2012,Khasi Hills Community REDD+ Project: Restoring and Conserving Meghalaya's Hill ForestsThrough Community Action,,,Plan Vivo,REDD,3,PVC (tCO2e),UNIT
30 May 2023,2021,Trees for Global Benefits,,Fraktus AB,Plan Vivo,Afforestation / Reforestation,311,PVC (tCO2e),UNIT
25 Jun 2015,2010,Scolel té Natural Resources Management and Carbon Sequestration Project (Scolel té Natural Resources Management and Carbon Sequestration Project),,,Plan Vivo,Afforestation / Reforestation,12,PVC (tCO2e),UNIT
25 Jun 2015,2010,Scolel té Natural Resources Management and Carbon Sequestration Project (Scolel té Natural Resources Management and Carbon Sequestration Project),,,Plan Vivo,Afforestation / Reforestation,12,PVC (tCO2e),UNIT
25 Jun 2015,2010,Scolel té Natural Resources Management and Carbon Sequestration Project (Scolel té Natural Resources Management and Carbon Sequestration Project),,,Plan Vivo,Afforestation / Reforestation,12,PVC (tCO2e),UNIT
25 Jun 2015,2010,Scolel té Natural Resources Management and Carbon Sequestration Project (Scolel té Natural Resources Management and Carbon Sequestration Project),,,Plan Vivo,Afforestation / Reforestation,10,PVC (tCO2e),UNIT
07 Jan 2019,2016 - 2017,The Yaeda-Eyasi Landscape REDD project(old),,Smedja Järneken,Plan Vivo,REDD,3,PVC (tCO2e),UNIT
03 Feb 2025,2022,Trees for Global Benefits,,Brill N.V.,Plan Vivo,Afforestation / Reforestation,200,PVC (tCO2e),UNIT
03 Feb 2025,2022,Trees for Global Benefits,,Koninklijke Vezet B.V.,Plan Vivo,Afforestation / Reforestation,320,PVC (tCO2e),UNIT
31 Jan 2025,2022,Trees for Global Benefits,,SQUAKE,Plan Vivo,Afforestation / Reforestation,"16,339",PVC (tCO2e),UNIT
30 Jan 2025,2022,Trees for Global Benefits,,AGF,Plan Vivo,Afforestation / Reforestation,726,PVC (tCO2e),UNIT
30 Jan 2025,2016,Trees for Global Benefits,,DCA,Plan Vivo,Afforestation / Reforestation,338,PVC (tCO2e),UNIT
30 Jan 2025,2016,Trees for Global Benefits,,Operate,Plan Vivo,Afforestation / Reforestation,128,PVC (tCO2e),UNIT
30 Jan 2025,2014,Trees for Global Benefits,,Verdo,Plan Vivo,Afforestation / Reforestation,30,PVC (tCO2e),UNIT
30 Jan 2025,2014,Trees for Global Benefits,,Laban Arkitekt,Plan Vivo,Afforestation / Reforestation,38,PVC (tCO2e),UNIT
30 Jan 2025,2019,Trees for Global Benefits,,Autor,Plan Vivo,Afforestation / Reforestation,43,PVC (tCO2e),UNIT
15 Aug 2018,2015 - 2016,"Pasture Conservation and Climate Action , Mongolia",,,Plan Vivo,Agriculture land management,"2,437",PVC (tCO2e),UNIT
15 Aug 2018,2015 - 2016,"Pasture Conservation and Climate Action , Mongolia",,,Plan Vivo,Agriculture land management,35,PVC (tCO2e),UNIT
05 Sep 2018,2016,Khasi Hills Community REDD+ Project: Restoring and Conserving Meghalaya's Hill ForestsThrough Community Action,,Arvid Nordquist HAB,Plan Vivo,REDD,9,PVC (tCO2e),UNIT
08 Mar 2022,2018 - 2019,The CommuniTree Carbon Program (formerly Limay Community Carbon Project),,illwerke vkw AG,Plan Vivo,Forest,50,PVC (tCO2e),UNIT
24 Aug 2018,2016,Khasi Hills Community REDD+ Project: Restoring and Conserving Meghalaya's Hill ForestsThrough Community Action,,UCPA Resor and their customers,Plan Vivo,REDD,200,PVC (tCO2e),UNIT
24 Aug 2018,2016,Khasi Hills Community REDD+ Project: Restoring and Conserving Meghalaya's Hill ForestsThrough Community Action,,Pond Design AB,Plan Vivo,REDD,11,PVC (tCO2e),UNIT
24 Aug 2018,2016,Khasi Hills Community REDD+ Project: Restoring and Conserving Meghalaya's Hill ForestsThrough Community Action,,Another Textile Company Sthlm AB,Plan Vivo,REDD,80,PVC (tCO2e),UNIT
17 Mar 2016,2014,The CommuniTree Carbon Program (formerly Limay Community Carbon Project),,,Plan Vivo,Forest,"2,111",PVC (tCO2e),UNIT
06 Jul 2017,2014,Khasi Hills Community REDD+ Project: Restoring and Conserving Meghalaya's Hill ForestsThrough Community Action,,,Plan Vivo,REDD,98,PVC (tCO2e),UNIT
17 Jun 2022,2021 - 2022,The Yaeda-Eyasi Landscape REDD project,,ARCADIA,Plan Vivo,REDD,"5,940",PVC (tCO2e),UNIT
28 Jun 2022,2011 - 2019,HALO VERDE TIMOR COMMUNITY FOREST CARBON,,"Klimate ApS Hauser Plads 30a, st. 1127 Copenhagen K, Denmark attention Simon Bager",Plan Vivo,Afforestation / Reforestation,"1,000",PVC (tCO2e),UNIT
26 Apr 2022,2011 - 2019,HALO VERDE TIMOR COMMUNITY FOREST CARBON,,"DALBERG DEVELOPMENT ADVSORS PVT. LTD, , The atrium, Chaka road, Kilimani, Nairobi",Plan Vivo,Afforestation / Reforestation,350,PVC (tCO2e),UNIT
28 Jun 2022,2019,gula gula food forest program,,Bink lustrum reis,Plan Vivo,Afforestation / Reforestation,30,PVC (tCO2e),UNIT
09 Jul 2022,2021,Mikoko Pamoja,,Ruth Malleson,Plan Vivo,Forest Conservation & Avoided Deforestation,17,PVC (tCO2e),UNIT
21 Jul 2022,2011 - 2019,HALO VERDE TIMOR COMMUNITY FOREST CARBON,,"Klimate ApS Hauser Plads 30a, st. 1127 Copenhagen K, Denmark, attention: Simon Bager",Plan Vivo,Afforestation / Reforestation,"1,000",PVC (tCO2e),UNIT
19 Aug 2024,2023,Vanga Blue Forest,,Edinburgh Napier University,Plan Vivo,Forest Conservation & Avoided Deforestation,"2,500",PVC (tCO2e),UNIT
12 Mar 2020,2018,Khasi Hills Community REDD+ Project: Restoring and Conserving Meghalaya's Hill ForestsThrough Community Action,,Gotlandsägg,Plan Vivo,REDD,"1,810",PVC (tCO2e),UNIT
08 Apr 2020,2019 - 2020,EthioTrees: Ecosystem restoration and agroforestry by landless and smallholder farmers in Tigray (North Ethiopia),,S-Group Holding,Plan Vivo,Forest Restoration,"2,000",PVC (tCO2e),UNIT
22 Mar 2020,2016 - 2017,The CommuniTree Carbon Program (formerly Limay Community Carbon Project),,myclimate,Plan Vivo,Forest,"3,186",PVC (tCO2e),UNIT
29 Mar 2023,2019 - 2020,The Yaeda-Eyasi Landscape REDD project(old),,"Retired on behalf of Native, a Public Benefit Corporation supporter",Plan Vivo,REDD,326,PVC (tCO2e),UNIT
16 Aug 2024,2022,The CommuniTree Carbon Program (formerly Limay Community Carbon Project),,Lufthansa Group,Plan Vivo,Forest,"11,060",PVC (tCO2e),UNIT
08 Apr 2020,2019 - 2020,EthioTrees: Ecosystem restoration and agroforestry by landless and smallholder farmers in Tigray (North Ethiopia),,Arvid Nordquist,Plan Vivo,Forest Restoration,"5,696",PVC (tCO2e),UNIT
08 Apr 2020,2019 - 2020,EthioTrees: Ecosystem restoration and agroforestry by landless and smallholder farmers in Tigray (North Ethiopia),,Arvid Nordquist,Plan Vivo,Forest Restoration,210,PVC (tCO2e),UNIT
16 Apr 2020,2016,Bujang Raba Community PES Project,,Göteborgs stift,Plan Vivo,REDD,8,PVC (tCO2e),UNIT
16 Apr 2020,2016 - 2017,"Pasture Conservation and Climate Action , Mongolia",,Probi,Plan Vivo,Agriculture land management,507,PVC (tCO2e),UNIT
16 Apr 2020,2016 - 2017,"Pasture Conservation and Climate Action , Mongolia",,LFC Jumping,Plan Vivo,Agriculture land management,50,PVC (tCO2e),UNIT
17 Apr 2020,2012 - 2013,Drawa Rainforest Carbon Project,,Enjoy Wine & Spirits,Plan Vivo,Improved forest management,"1,647",PVC (tCO2e),UNIT
17 Apr 2020,2012 - 2013,Drawa Rainforest Carbon Project,,Opus Bilprovning customers,Plan Vivo,Improved forest management,700,PVC (tCO2e),UNIT
16 Aug 2024,2022 - 2023,The Yaeda-Eyasi Landscape REDD project,,Lufthansa Group,Plan Vivo,REDD,"2,000",PVC (tCO2e),UNIT
21 Apr 2020,2018,Mikoko Pamoja,,Fredrik Dafgård,Plan Vivo,Forest Conservation & Avoided Deforestation,270,PVC (tCO2e),UNIT
19 Aug 2024,2023,Vanga Blue Forest,,Edinburgh Napier University,Plan Vivo,Forest Conservation & Avoided Deforestation,"2,500",PVC (tCO2e),UNIT
01 Sep 2023,2021,Trees for Global Benefits,,J. Huggins and Sons Limited,Plan Vivo,Afforestation / Reforestation,"3,946",PVC (tCO2e),UNIT
16 Aug 2024,2022,The CommuniTree Carbon Program (formerly Limay Community Carbon Project),,Lufthansa Group,Plan Vivo,Forest,"11,060",PVC (tCO2e),UNIT
09 Jul 2017,2016,The CommuniTree Carbon Program (formerly Limay Community Carbon Project),,,Plan Vivo,Forest,747,PVC (tCO2e),UNIT
09 Jul 2017,2016,The CommuniTree Carbon Program (formerly Limay Community Carbon Project),,,Plan Vivo,Forest,138,PVC (tCO2e),UNIT
22 Mar 2018,2010,Trees for Global Benefits,,,Plan Vivo,Afforestation / Reforestation,"1,433",PVC (tCO2e),UNIT
01 Jun 2018,2011,Sofala Community Carbon Project (formerly the N'hambita Community Carbon Project),,,Plan Vivo,Forest,16,PVC (tCO2e),UNIT
16 Aug 2024,2022 - 2023,The Yaeda-Eyasi Landscape REDD project,,Lufthansa Group,Plan Vivo,REDD,"2,000",PVC (tCO2e),UNIT
16 Aug 2024,2022 - 2023,The Yaeda-Eyasi Landscape REDD project,,Lufthansa Group,Plan Vivo,REDD,"12,600",PVC (tCO2e),UNIT
16 Aug 2024,2022 - 2023,The Yaeda-Eyasi Landscape REDD project,,Lufthansa Group,Plan Vivo,REDD,"3,700",PVC (tCO2e),UNIT
16 Aug 2024,2016 - 2018,"Pasture Conservation and Climate Action , Mongolia",,Lufthansa Group,Plan Vivo,Agriculture land management,"4,200",PVC (tCO2e),UNIT
12 Aug 2024,2023,Vanga Blue Forest,,Sarah Pettem,Plan Vivo,Forest Conservation & Avoided Deforestation,5,PVC (tCO2e),UNIT
09 Jul 2017,2014,The CommuniTree Carbon Program (formerly Limay Community Carbon Project),,,Plan Vivo,Forest,3,PVC (tCO2e),UNIT
09 Jul 2017,2014,The CommuniTree Carbon Program (formerly Limay Community Carbon Project),,,Plan Vivo,Forest,5,PVC (tCO2e),UNIT
09 Jul 2017,2016,The CommuniTree Carbon Program (formerly Limay Community Carbon Project),,,Plan Vivo,Forest,"14,578",PVC (tCO2e),UNIT
29 Mar 2023,2020 - 2021,The Yaeda-Eyasi Landscape REDD project(old),,"Retired on behalf of Native, a Public Benefit Corporation supporter",Plan Vivo,REDD,"1,221",PVC (tCO2e),UNIT
29 Mar 2023,2020 - 2021,The Yaeda-Eyasi Landscape REDD project(old),,"Retired on behalf of Native, a Public Benefit Corporation supporter",Plan Vivo,REDD,300,PVC (tCO2e),UNIT
29 Mar 2023,2020 - 2021,The Yaeda-Eyasi Landscape REDD project(old),,"Retired on behalf of Native, a Public Benefit Corporation supporter",Plan Vivo,REDD,"2,601",PVC (tCO2e),UNIT
29 Mar 2023,2020 - 2021,The Yaeda-Eyasi Landscape REDD project(old),,"Retired on behalf of Native, a Public Benefit Corporation supporter",Plan Vivo,REDD,65,PVC (tCO2e),UNIT
29 Mar 2023,2020 - 2021,The Yaeda-Eyasi Landscape REDD project(old),,"Retired on behalf of Native, a Public Benefit Corporation supporter",Plan Vivo,REDD,"1,347",PVC (tCO2e),UNIT
29 Mar 2023,2020 - 2021,The Yaeda-Eyasi Landscape REDD project(old),,"Retired on behalf of Native, a Public Benefit Corporation supporter",Plan Vivo,REDD,"1,602",PVC (tCO2e),UNIT
29 Mar 2023,2020 - 2021,The Yaeda-Eyasi Landscape REDD project(old),,"Retired on behalf of Native, a Public Benefit Corporation supporter",Plan Vivo,REDD,874,PVC (tCO2e),UNIT
29 Mar 2023,2020 - 2021,The Yaeda-Eyasi Landscape REDD project(old),,"Retired on behalf of Native, a Public Benefit Corporation supporter",Plan Vivo,REDD,405,PVC (tCO2e),UNIT
29 Mar 2023,2020 - 2021,The Yaeda-Eyasi Landscape REDD project(old),,"Retired on behalf of Native, a Public Benefit Corporation supporter",Plan Vivo,REDD,"1,448",PVC (tCO2e),UNIT
29 Mar 2023,2019 - 2020,The Yaeda-Eyasi Landscape REDD project(old),,"Retired on behalf of Native, a Public Benefit Corporation supporter",Plan Vivo,REDD,750,PVC (tCO2e),UNIT
29 Mar 2023,2020 - 2021,The Yaeda-Eyasi Landscape REDD project(old),,"Retired on behalf of Native, a Public Benefit Corporation supporter",Plan Vivo,REDD,135,PVC (tCO2e),UNIT
29 Mar 2023,2019 - 2020,The Yaeda-Eyasi Landscape REDD project(old),,"Retired on behalf of Native, a Public Benefit Corporation supporter",Plan Vivo,REDD,"1,550",PVC (tCO2e),UNIT
29 Mar 2023,2019 - 2020,The Yaeda-Eyasi Landscape REDD project(old),,"Retired on behalf of Native, a Public Benefit Corporation supporter",Plan Vivo,REDD,"1,320",PVC (tCO2e),UNIT
29 Mar 2023,2019 - 2020,The Yaeda-Eyasi Landscape REDD project(old),,"Retired on behalf of Native, a Public Benefit Corporation supporter",Plan Vivo,REDD,953,PVC (tCO2e),UNIT
29 Mar 2023,2017 - 2018,The Yaeda-Eyasi Landscape REDD project(old),,"Retired on behalf of Native, a Public Benefit Corporation supporter",Plan Vivo,REDD,"8,775",PVC (tCO2e),UNIT
22 Jul 2025,2022,gula gula food forest program,,"Siemens Numerical Control Ltd., Nanjing",Plan Vivo,Afforestation / Reforestation,18,PVC (tCO2e),UNIT
21 Jul 2025,2023 - 2024,"Paskaia Mosquitia, Honduras",,Copenhagen Airports A/S,Plan Vivo,Forest Restoration,"23,000",PVC (tCO2e),UNIT
17 Jul 2025,2024 - 2025,EthioTrees: Ecosystem restoration and agroforestry by landless and smallholder farmers in Tigray (North Ethiopia),,WORLD CARDS DE MEXICO (INNODAIS),Plan Vivo,Forest Restoration,60,PVC (tCO2e),UNIT
16 Jul 2025,2016,Trees for Global Benefits,,DCA,Plan Vivo,Afforestation / Reforestation,31,PVC (tCO2e),UNIT
16 Jul 2025,2022,Trees for Global Benefits,,Unitas,Plan Vivo,Afforestation / Reforestation,157,PVC (tCO2e),UNIT
14 Jul 2025,2022,Trees for Global Benefits,,TLT LLP,Plan Vivo,Afforestation / Reforestation,38,PVC (tCO2e),UNIT
27 Apr 2020,2017 - 2018,The CommuniTree Carbon Program (formerly Limay Community Carbon Project),,Anders Sancho,Plan Vivo,Forest,3,PVC (tCO2e),UNIT
14 Jul 2025,2022,Trees for Global Benefits,,Future Leap Festival of Sustainable Business,Plan Vivo,Afforestation / Reforestation,8,PVC (tCO2e),UNIT
30 Jun 2025,2024 - 2025,EthioTrees: Ecosystem restoration and agroforestry by landless and smallholder farmers in Tigray (North Ethiopia),,Shopify Inc.,Plan Vivo,Forest Restoration,"10,000",PVC (tCO2e),UNIT
18 Jun 2025,2020 - 2021,EthioTrees: Ecosystem restoration and agroforestry by landless and smallholder farmers in Tigray (North Ethiopia),,Danone,Plan Vivo,Forest Restoration,348,PVC (tCO2e),UNIT
10 Jun 2025,2019,Babatana Rainforest Conservation Project (Sirebe),,dvs - Deutscher Versand Service GmbH,Plan Vivo,Improved forest management,721,PVC (tCO2e),UNIT
10 Jun 2025,2019,Babatana Rainforest Conservation Project (Sirebe),,dvs Deutscher Versand Service GmbH,Plan Vivo,Improved forest management,"2,000",PVC (tCO2e),UNIT
05 Jun 2025,2019 - 2020,"Pasture Conservation and Climate Action , Mongolia",,katherine@cloverly.com,Plan Vivo,Agriculture land management,9,PVC (tCO2e),UNIT
07 Mar 2019,2017 - 2018,The CommuniTree Carbon Program (formerly Limay Community Carbon Project),,JM AB,Plan Vivo,Forest,458,PVC (tCO2e),UNIT
18 Mar 2019,2012,Trees for Global Benefits,,myclimate,Plan Vivo,Afforestation / Reforestation,130,PVC (tCO2e),UNIT
27 Nov 2017,2015,Scolel té Natural Resources Management and Carbon Sequestration Project (Scolel té Natural Resources Management and Carbon Sequestration Project),,,Plan Vivo,Afforestation / Reforestation,64,PVC (tCO2e),UNIT
27 Nov 2017,2015,Scolel té Natural Resources Management and Carbon Sequestration Project (Scolel té Natural Resources Management and Carbon Sequestration Project),,,Plan Vivo,Afforestation / Reforestation,37,PVC (tCO2e),UNIT
27 Nov 2017,2015,Scolel té Natural Resources Management and Carbon Sequestration Project (Scolel té Natural Resources Management and Carbon Sequestration Project),,,Plan Vivo,Afforestation / Reforestation,14,PVC (tCO2e),UNIT
27 Nov 2017,2015,Scolel té Natural Resources Management and Carbon Sequestration Project (Scolel té Natural Resources Management and Carbon Sequestration Project),,,Plan Vivo,Afforestation / Reforestation,10,PVC (tCO2e),UNIT
27 Nov 2017,2015,Scolel té Natural Resources Management and Carbon Sequestration Project (Scolel té Natural Resources Management and Carbon Sequestration Project),,,Plan Vivo,Afforestation / Reforestation,367,PVC (tCO2e),UNIT
27 Nov 2017,2015,Scolel té Natural Resources Management and Carbon Sequestration Project (Scolel té Natural Resources Management and Carbon Sequestration Project),,,Plan Vivo,Afforestation / Reforestation,138,PVC (tCO2e),UNIT
27 Nov 2017,2015,Scolel té Natural Resources Management and Carbon Sequestration Project (Scolel té Natural Resources Management and Carbon Sequestration Project),,,Plan Vivo,Afforestation / Reforestation,14,PVC (tCO2e),UNIT
27 Nov 2017,2015,Scolel té Natural Resources Management and Carbon Sequestration Project (Scolel té Natural Resources Management and Carbon Sequestration Project),,,Plan Vivo,Afforestation / Reforestation,96,PVC (tCO2e),UNIT
27 Nov 2017,2015,Scolel té Natural Resources Management and Carbon Sequestration Project (Scolel té Natural Resources Management and Carbon Sequestration Project),,,Plan Vivo,Afforestation / Reforestation,25,PVC (tCO2e),UNIT
27 Nov 2017,2015,Scolel té Natural Resources Management and Carbon Sequestration Project (Scolel té Natural Resources Management and Carbon Sequestration Project),,,Plan Vivo,Afforestation / Reforestation,8,PVC (tCO2e),UNIT
27 Nov 2017,2015,Scolel té Natural Resources Management and Carbon Sequestration Project (Scolel té Natural Resources Management and Carbon Sequestration Project),,,Plan Vivo,Afforestation / Reforestation,275,PVC (tCO2e),UNIT
27 Nov 2017,2015,Scolel té Natural Resources Management and Carbon Sequestration Project (Scolel té Natural Resources Management and Carbon Sequestration Project),,,Plan Vivo,Afforestation / Reforestation,6,PVC (tCO2e),UNIT
27 Nov 2017,2015,Scolel té Natural Resources Management and Carbon Sequestration Project (Scolel té Natural Resources Management and Carbon Sequestration Project),,,Plan Vivo,Afforestation / Reforestation,114,PVC (tCO2e),UNIT
27 Nov 2017,2015,Scolel té Natural Resources Management and Carbon Sequestration Project (Scolel té Natural Resources Management and Carbon Sequestration Project),,,Plan Vivo,Afforestation / Reforestation,55,PVC (tCO2e),UNIT
27 Nov 2017,2015,Scolel té Natural Resources Management and Carbon Sequestration Project (Scolel té Natural Resources Management and Carbon Sequestration Project),,,Plan Vivo,Afforestation / Reforestation,27,PVC (tCO2e),UNIT
27 Nov 2017,2015,Scolel té Natural Resources Management and Carbon Sequestration Project (Scolel té Natural Resources Management and Carbon Sequestration Project),,,Plan Vivo,Afforestation / Reforestation,12,PVC (tCO2e),UNIT
27 Nov 2017,2015,Scolel té Natural Resources Management and Carbon Sequestration Project (Scolel té Natural Resources Management and Carbon Sequestration Project),,,Plan Vivo,Afforestation / Reforestation,2,PVC (tCO2e),UNIT
27 Nov 2017,2015,Scolel té Natural Resources Management and Carbon Sequestration Project (Scolel té Natural Resources Management and Carbon Sequestration Project),,,Plan Vivo,Afforestation / Reforestation,41,PVC (tCO2e),UNIT
27 Nov 2017,2015,Scolel té Natural Resources Management and Carbon Sequestration Project (Scolel té Natural Resources Management and Carbon Sequestration Project),,,Plan Vivo,Afforestation / Reforestation,139,PVC (tCO2e),UNIT
04 Nov 2022,2021,gula gula food forest program,,Mondaine Watch Ltd,Plan Vivo,Afforestation / Reforestation,11,PVC (tCO2e),UNIT
27 Nov 2017,2015,Scolel té Natural Resources Management and Carbon Sequestration Project (Scolel té Natural Resources Management and Carbon Sequestration Project),,,Plan Vivo,Afforestation / Reforestation,23,PVC (tCO2e),UNIT
02 Nov 2022,2021,Vanga Blue Forest,,Ocean Bottle,Plan Vivo,Forest Conservation & Avoided Deforestation,700,PVC (tCO2e),UNIT
27 Nov 2017,2015,Scolel té Natural Resources Management and Carbon Sequestration Project (Scolel té Natural Resources Management and Carbon Sequestration Project),,,Plan Vivo,Afforestation / Reforestation,923,PVC (tCO2e),UNIT
27 Nov 2017,2015,Scolel té Natural Resources Management and Carbon Sequestration Project (Scolel té Natural Resources Management and Carbon Sequestration Project),,,Plan Vivo,Afforestation / Reforestation,64,PVC (tCO2e),UNIT
27 Nov 2017,2015,Scolel té Natural Resources Management and Carbon Sequestration Project (Scolel té Natural Resources Management and Carbon Sequestration Project),,,Plan Vivo,Afforestation / Reforestation,37,PVC (tCO2e),UNIT
27 Nov 2017,2015,Scolel té Natural Resources Management and Carbon Sequestration Project (Scolel té Natural Resources Management and Carbon Sequestration Project),,,Plan Vivo,Afforestation / Reforestation,14,PVC (tCO2e),UNIT
27 Nov 2017,2015,Scolel té Natural Resources Management and Carbon Sequestration Project (Scolel té Natural Resources Management and Carbon Sequestration Project),,,Plan Vivo,Afforestation / Reforestation,10,PVC (tCO2e),UNIT
27 Nov 2017,2015,Scolel té Natural Resources Management and Carbon Sequestration Project (Scolel té Natural Resources Management and Carbon Sequestration Project),,,Plan Vivo,Afforestation / Reforestation,367,PVC (tCO2e),UNIT
27 Nov 2017,2015,Scolel té Natural Resources Management and Carbon Sequestration Project (Scolel té Natural Resources Management and Carbon Sequestration Project),,,Plan Vivo,Afforestation / Reforestation,138,PVC (tCO2e),UNIT
27 Nov 2017,2015,Scolel té Natural Resources Management and Carbon Sequestration Project (Scolel té Natural Resources Management and Carbon Sequestration Project),,,Plan Vivo,Afforestation / Reforestation,14,PVC (tCO2e),UNIT
02 Nov 2022,2021,Vanga Blue Forest,,Ocean Bottle,Plan Vivo,Forest Conservation & Avoided Deforestation,700,PVC (tCO2e),UNIT
02 Nov 2022,2021,Vanga Blue Forest,,Levin Sources,Plan Vivo,Forest Conservation & Avoided Deforestation,4,PVC (tCO2e),UNIT
11 Jul 2017,2014,Trees of Hope,,,Plan Vivo,Afforestation / Reforestation,114,PVC (tCO2e),UNIT
11 Jul 2017,2013,Trees of Hope,,,Plan Vivo,Afforestation / Reforestation,105,PVC (tCO2e),UNIT
02 Nov 2022,2021,Vanga Blue Forest,,Alison Baker,Plan Vivo,Forest Conservation & Avoided Deforestation,10,PVC (tCO2e),UNIT
29 Oct 2022,2021,Mikoko Pamoja,,TROPIMUNDO,Plan Vivo,Forest Conservation & Avoided Deforestation,183,PVC (tCO2e),UNIT
05 Jul 2023,2017 - 2018,Drawa Rainforest Carbon Project,,Nordax Group,Plan Vivo,Improved forest management,13,PVC (tCO2e),UNIT
19 Sep 2022,2020 - 2021,EthioTrees: Ecosystem restoration and agroforestry by landless and smallholder farmers in Tigray (North Ethiopia),,Qframe nv,Plan Vivo,Forest Restoration,32,PVC (tCO2e),UNIT
28 Aug 2022,2021,Vanga Blue Forest,,Miriam Cannella,Plan Vivo,Forest Conservation & Avoided Deforestation,2,PVC (tCO2e),UNIT
28 Aug 2022,2021,Vanga Blue Forest,,Nico Koedam,Plan Vivo,Forest Conservation & Avoided Deforestation,20,PVC (tCO2e),UNIT
28 Aug 2022,2021,Vanga Blue Forest,,Citizen Zoo,Plan Vivo,Forest Conservation & Avoided Deforestation,5,PVC (tCO2e),UNIT
29 Aug 2023,2021,Vanga Blue Forest,,Menigo Foodservice AB,Plan Vivo,Forest Conservation & Avoided Deforestation,438,PVC (tCO2e),UNIT
02 Aug 2022,2020 - 2021,EthioTrees: Ecosystem restoration and agroforestry by landless and smallholder farmers in Tigray (North Ethiopia),,Davines S.p.A.,Plan Vivo,Forest Restoration,"4,868",PVC (tCO2e),UNIT
09 Jul 2022,2021,Vanga Blue Forest,,Superflex,Plan Vivo,Forest Conservation & Avoided Deforestation,42,PVC (tCO2e),UNIT
09 Jul 2022,2021,Vanga Blue Forest,,"The CORRIENTE XXI project, Vrije Universiteit Brussel",Plan Vivo,Forest Conservation & Avoided Deforestation,15,PVC (tCO2e),UNIT
16 Apr 2020,2016,Bujang Raba Community PES Project,,Göteborgs stift,Plan Vivo,REDD,8,PVC (tCO2e),UNIT
16 Apr 2020,2016 - 2017,"Pasture Conservation and Climate Action , Mongolia",,Probi,Plan Vivo,Agriculture land management,507,PVC (tCO2e),UNIT
16 Apr 2020,2016 - 2017,"Pasture Conservation and Climate Action , Mongolia",,LFC Jumping,Plan Vivo,Agriculture land management,50,PVC (tCO2e),UNIT
17 Apr 2020,2012 - 2013,Drawa Rainforest Carbon Project,,Enjoy Wine & Spirits,Plan Vivo,Improved forest management,"1,647",PVC (tCO2e),UNIT
17 Apr 2020,2012 - 2013,Drawa Rainforest Carbon Project,,Opus Bilprovning customers,Plan Vivo,Improved forest management,700,PVC (tCO2e),UNIT
03 Sep 2025,2023 - 2024,EthioTrees: Ecosystem restoration and agroforestry by landless and smallholder farmers in Tigray (North Ethiopia),,Davines Group,Plan Vivo,Forest Restoration,49,PVC (tCO2e),UNIT
21 Apr 2020,2018,Mikoko Pamoja,,Fredrik Dafgård,Plan Vivo,Forest Conservation & Avoided Deforestation,270,PVC (tCO2e),UNIT
21 Apr 2020,2017,Mikoko Pamoja,,Sustainergies,Plan Vivo,Forest Conservation & Avoided Deforestation,20,PVC (tCO2e),UNIT
22 Apr 2020,2018,ArBolivia,,GodEl,Plan Vivo,Afforestation / Reforestation,"7,343",PVC (tCO2e),UNIT
22 Apr 2020,2018,ArBolivia,,Golvkedjan,Plan Vivo,Afforestation / Reforestation,"2,414",PVC (tCO2e),UNIT
24 Apr 2020,2018,ArBolivia,,Adam/Albin,Plan Vivo,Afforestation / Reforestation,4,PVC (tCO2e),UNIT
24 Apr 2020,2018,ArBolivia,,Arcona AB,Plan Vivo,Afforestation / Reforestation,2,PVC (tCO2e),UNIT
28 Jul 2025,2019,Mikoko Pamoja,,Chooose,Plan Vivo,Forest Conservation & Avoided Deforestation,41,PVC (tCO2e),UNIT
27 Apr 2020,2018 - 2019,The CommuniTree Carbon Program (formerly Limay Community Carbon Project),,MAX Burgers AB,Plan Vivo,Forest,"48,264",PVC (tCO2e),UNIT
17 Dec 2015,2014,Mikoko Pamoja,Association for Coastal Ecosystem Services,,Plan Vivo,Forest Conservation & Avoided Deforestation,38,PVC (tCO2e),UNIT
17 Dec 2015,2014,Mikoko Pamoja,Association for Coastal Ecosystem Services,,Plan Vivo,Forest Conservation & Avoided Deforestation,38,PVC (tCO2e),UNIT
01 Sep 2021,2015,Babatana Rainforest Conservation Project (Sirebe),Babatana Rainforest Project,,Plan Vivo,Improved forest management,400,PVC (tCO2e),UNIT
23 May 2022,2015,Babatana Rainforest Conservation Project (Sirebe),Babatana Rainforest Project,,Plan Vivo,Improved forest management,100,PVC (tCO2e),UNIT
08 Nov 2011,2008,Scolel té Natural Resources Management and Carbon Sequestration Project (Scolel té Natural Resources Management and Carbon Sequestration Project),Camco Clean Energy Plc retirement account,,Plan Vivo,Forest,91,PVC (tCO2e),UNIT
23 Jun 2023,2021,Trees for Global Benefits,Carbon Offsets To Alleviate Poverty (COTAP),Code Green,Plan Vivo,Afforestation / Reforestation,73,PVC (tCO2e),UNIT
23 Jun 2023,2021,The CommuniTree Carbon Program (formerly Limay Community Carbon Project),Carbon Offsets To Alleviate Poverty (COTAP),Code Green,Plan Vivo,Forest,73,PVC (tCO2e),UNIT
01 Mar 2019,2017 - 2018,The CommuniTree Carbon Program (formerly Limay Community Carbon Project),Carbon Offsets To Alleviate Poverty (COTAP),COTAP,Plan Vivo,Forest,7,PVC (tCO2e),UNIT
16 Jun 2023,2021,Scolel té Natural Resources Management and Carbon Sequestration Project (Scolel té Natural Resources Management and Carbon Sequestration Project),Carbon Offsets To Alleviate Poverty (COTAP),CyberKongz LLC,Plan Vivo,Afforestation / Reforestation,681,PVC (tCO2e),UNIT
16 Jun 2023,2021,Scolel té Natural Resources Management and Carbon Sequestration Project (Scolel té Natural Resources Management and Carbon Sequestration Project),Carbon Offsets To Alleviate Poverty (COTAP),TeachBoost,Plan Vivo,Afforestation / Reforestation,45,PVC (tCO2e),UNIT
16 Jun 2023,2015 - 2016,Drawa Rainforest Carbon Project,Carbon Offsets To Alleviate Poverty (COTAP),Cotappers worldwide,Plan Vivo,Improved forest management,"2,231",PVC (tCO2e),UNIT
16 Jun 2023,2015 - 2016,Drawa Rainforest Carbon Project,Carbon Offsets To Alleviate Poverty (COTAP),CyberKongz LLC,Plan Vivo,Improved forest management,681,PVC (tCO2e),UNIT
16 Jun 2023,2015 - 2016,Drawa Rainforest Carbon Project,Carbon Offsets To Alleviate Poverty (COTAP),TeachBoost,Plan Vivo,Improved forest management,45,PVC (tCO2e),UNIT
16 Jun 2023,2019,Khasi Hills Community REDD+ Project: Restoring and Conserving Meghalaya's Hill ForestsThrough Community Action,Carbon Offsets To Alleviate Poverty (COTAP),CyberKongz LLC,Plan Vivo,REDD,681,PVC (tCO2e),UNIT
16 Jun 2023,2019,Khasi Hills Community REDD+ Project: Restoring and Conserving Meghalaya's Hill ForestsThrough Community Action,Carbon Offsets To Alleviate Poverty (COTAP),TeachBoost,Plan Vivo,REDD,45,PVC (tCO2e),UNIT
16 Jun 2023,2019,Khasi Hills Community REDD+ Project: Restoring and Conserving Meghalaya's Hill ForestsThrough Community Action,Carbon Offsets To Alleviate Poverty (COTAP),Crossover Labs,Plan Vivo,REDD,100,PVC (tCO2e),UNIT
16 Jun 2023,2019,Khasi Hills Community REDD+ Project: Restoring and Conserving Meghalaya's Hill ForestsThrough Community Action,Carbon Offsets To Alleviate Poverty (COTAP),TeachBoost,Plan Vivo,REDD,45,PVC (tCO2e),UNIT
16 Jun 2023,2019,Khasi Hills Community REDD+ Project: Restoring and Conserving Meghalaya's Hill ForestsThrough Community Action,Carbon Offsets To Alleviate Poverty (COTAP),Crossover Labs,Plan Vivo,REDD,100,PVC (tCO2e),UNIT
15 Jun 2023,2020,Trees for Global Benefits,Carbon Offsets To Alleviate Poverty (COTAP),CyberKongz LLC,Plan Vivo,Afforestation / Reforestation,681,PVC (tCO2e),UNIT
15 Jun 2023,2020,Trees for Global Benefits,Carbon Offsets To Alleviate Poverty (COTAP),TeachBoost,Plan Vivo,Afforestation / Reforestation,45,PVC (tCO2e),UNIT
15 Jun 2023,2019 - 2020,The CommuniTree Carbon Program (formerly Limay Community Carbon Project),Carbon Offsets To Alleviate Poverty (COTAP),CyberKongz LLC,Plan Vivo,Forest,681,PVC (tCO2e),UNIT
15 Jun 2023,2019 - 2020,The CommuniTree Carbon Program (formerly Limay Community Carbon Project),Carbon Offsets To Alleviate Poverty (COTAP),TeachBoost,Plan Vivo,Forest,45,PVC (tCO2e),UNIT
15 Jun 2023,2019 - 2020,The CommuniTree Carbon Program (formerly Limay Community Carbon Project),Carbon Offsets To Alleviate Poverty (COTAP),Cotappers worldwide,Plan Vivo,Forest,"3,353",PVC (tCO2e),UNIT
15 Jun 2023,2020,Trees for Global Benefits,Carbon Offsets To Alleviate Poverty (COTAP),Cotappers worldwide,Plan Vivo,Afforestation / Reforestation,"2,561",PVC (tCO2e),UNIT
16 Jun 2023,2019,Khasi Hills Community REDD+ Project: Restoring and Conserving Meghalaya's Hill ForestsThrough Community Action,Carbon Offsets To Alleviate Poverty (COTAP),Cotappers worldwide,Plan Vivo,REDD,30,PVC (tCO2e),UNIT
16 Jun 2023,2017,Khasi Hills Community REDD+ Project: Restoring and Conserving Meghalaya's Hill ForestsThrough Community Action,Carbon Offsets To Alleviate Poverty (COTAP),Cotappers worldwide,Plan Vivo,REDD,"2,699",PVC (tCO2e),UNIT
23 Sep 2018,2012,Khasi Hills Community REDD+ Project: Restoring and Conserving Meghalaya's Hill ForestsThrough Community Action,Carbon Offsets To Alleviate Poverty (COTAP),COTAP,Plan Vivo,REDD,7,PVC (tCO2e),UNIT
23 Sep 2018,2012,Khasi Hills Community REDD+ Project: Restoring and Conserving Meghalaya's Hill ForestsThrough Community Action,Carbon Offsets To Alleviate Poverty (COTAP),Plan Vivo Foundation,Plan Vivo,REDD,8,PVC (tCO2e),UNIT
23 Sep 2018,2012,Khasi Hills Community REDD+ Project: Restoring and Conserving Meghalaya's Hill ForestsThrough Community Action,Carbon Offsets To Alleviate Poverty (COTAP),"WTSmed, Inc./Restorative Formulations",Plan Vivo,REDD,169,PVC (tCO2e),UNIT
23 Sep 2018,2012,Khasi Hills Community REDD+ Project: Restoring and Conserving Meghalaya's Hill ForestsThrough Community Action,Carbon Offsets To Alleviate Poverty (COTAP),Monarch Media,Plan Vivo,REDD,18,PVC (tCO2e),UNIT
23 Sep 2018,2012,Khasi Hills Community REDD+ Project: Restoring and Conserving Meghalaya's Hill ForestsThrough Community Action,Carbon Offsets To Alleviate Poverty (COTAP),Kirksey Architecture,Plan Vivo,REDD,248,PVC (tCO2e),UNIT
15 Jun 2023,2020,Trees for Global Benefits,Carbon Offsets To Alleviate Poverty (COTAP),Cotappers worldwide,Plan Vivo,Afforestation / Reforestation,"2,561",PVC (tCO2e),UNIT
16 Jun 2023,2019,Khasi Hills Community REDD+ Project: Restoring and Conserving Meghalaya's Hill ForestsThrough Community Action,Carbon Offsets To Alleviate Poverty (COTAP),Cotappers worldwide,Plan Vivo,REDD,30,PVC (tCO2e),UNIT
29 Sep 2016,2012,Khasi Hills Community REDD+ Project: Restoring and Conserving Meghalaya's Hill ForestsThrough Community Action,Carbon Offsets To Alleviate Poverty (COTAP),,Plan Vivo,REDD,21,PVC (tCO2e),UNIT
29 Sep 2016,2012,Khasi Hills Community REDD+ Project: Restoring and Conserving Meghalaya's Hill ForestsThrough Community Action,Carbon Offsets To Alleviate Poverty (COTAP),,Plan Vivo,REDD,13,PVC (tCO2e),UNIT
29 Sep 2016,2012,Khasi Hills Community REDD+ Project: Restoring and Conserving Meghalaya's Hill ForestsThrough Community Action,Carbon Offsets To Alleviate Poverty (COTAP),,Plan Vivo,REDD,30,PVC (tCO2e),UNIT
29 Sep 2016,2012,Khasi Hills Community REDD+ Project: Restoring and Conserving Meghalaya's Hill ForestsThrough Community Action,Carbon Offsets To Alleviate Poverty (COTAP),,Plan Vivo,REDD,2,PVC (tCO2e),UNIT
29 Sep 2016,2012,Khasi Hills Community REDD+ Project: Restoring and Conserving Meghalaya's Hill ForestsThrough Community Action,Carbon Offsets To Alleviate Poverty (COTAP),,Plan Vivo,REDD,38,PVC (tCO2e),UNIT
23 Sep 2018,2012,Khasi Hills Community REDD+ Project: Restoring and Conserving Meghalaya's Hill ForestsThrough Community Action,Carbon Offsets To Alleviate Poverty (COTAP),COTAP,Plan Vivo,REDD,7,PVC (tCO2e),UNIT
23 Sep 2018,2012,Khasi Hills Community REDD+ Project: Restoring and Conserving Meghalaya's Hill ForestsThrough Community Action,Carbon Offsets To Alleviate Poverty (COTAP),Plan Vivo Foundation,Plan Vivo,REDD,8,PVC (tCO2e),UNIT
23 Sep 2018,2012,Khasi Hills Community REDD+ Project: Restoring and Conserving Meghalaya's Hill ForestsThrough Community Action,Carbon Offsets To Alleviate Poverty (COTAP),"WTSmed, Inc./Restorative Formulations",Plan Vivo,REDD,169,PVC (tCO2e),UNIT
23 Sep 2018,2012,Khasi Hills Community REDD+ Project: Restoring and Conserving Meghalaya's Hill ForestsThrough Community Action,Carbon Offsets To Alleviate Poverty (COTAP),Monarch Media,Plan Vivo,REDD,18,PVC (tCO2e),UNIT
23 Sep 2018,2012,Khasi Hills Community REDD+ Project: Restoring and Conserving Meghalaya's Hill ForestsThrough Community Action,Carbon Offsets To Alleviate Poverty (COTAP),Kirksey Architecture,Plan Vivo,REDD,248,PVC (tCO2e),UNIT
04 Sep 2018,2012,Khasi Hills Community REDD+ Project: Restoring and Conserving Meghalaya's Hill ForestsThrough Community Action,Carbon Offsets To Alleviate Poverty (COTAP),TeachBoost,Plan Vivo,REDD,75,PVC (tCO2e),UNIT
04 Sep 2018,2010,Trees for Global Benefits,Carbon Offsets To Alleviate Poverty (COTAP),TeachBoost,Plan Vivo,Afforestation / Reforestation,75,PVC (tCO2e),UNIT
04 Sep 2018,2016 - 2017,The CommuniTree Carbon Program (formerly Limay Community Carbon Project),Carbon Offsets To Alleviate Poverty (COTAP),TeachBoost,Plan Vivo,Forest,75,PVC (tCO2e),UNIT
23 Sep 2018,2012,Khasi Hills Community REDD+ Project: Restoring and Conserving Meghalaya's Hill ForestsThrough Community Action,Carbon Offsets To Alleviate Poverty (COTAP),Cotappers worldwide,Plan Vivo,REDD,"1,462",PVC (tCO2e),UNIT
26 Jan 2016,2015,The CommuniTree Carbon Program (formerly Limay Community Carbon Project),Carbon Offsets To Alleviate Poverty (COTAP),,Plan Vivo,Forest,10,PVC (tCO2e),UNIT
23 Sep 2018,2012,Khasi Hills Community REDD+ Project: Restoring and Conserving Meghalaya's Hill ForestsThrough Community Action,Carbon Offsets To Alleviate Poverty (COTAP),"WTSmed, Inc./Restorative Formulations",Plan Vivo,REDD,169,PVC (tCO2e),UNIT
27 Nov 2019,2014,Khasi Hills Community REDD+ Project: Restoring and Conserving Meghalaya's Hill ForestsThrough Community Action,Carbon Offsets To Alleviate Poverty (COTAP),IIED,Plan Vivo,REDD,21,PVC (tCO2e),UNIT
27 Nov 2019,2014,Khasi Hills Community REDD+ Project: Restoring and Conserving Meghalaya's Hill ForestsThrough Community Action,Carbon Offsets To Alleviate Poverty (COTAP),Monarch Media,Plan Vivo,REDD,14,PVC (tCO2e),UNIT
27 Nov 2019,2014,Khasi Hills Community REDD+ Project: Restoring and Conserving Meghalaya's Hill ForestsThrough Community Action,Carbon Offsets To Alleviate Poverty (COTAP),IIED,Plan Vivo,REDD,84,PVC (tCO2e),UNIT
27 Nov 2019,2014,Khasi Hills Community REDD+ Project: Restoring and Conserving Meghalaya's Hill ForestsThrough Community Action,Carbon Offsets To Alleviate Poverty (COTAP),Ciaran Meagher / C ME ONLINE LIMITED,Plan Vivo,REDD,1,PVC (tCO2e),UNIT
27 Nov 2019,2014,Khasi Hills Community REDD+ Project: Restoring and Conserving Meghalaya's Hill ForestsThrough Community Action,Carbon Offsets To Alleviate Poverty (COTAP),Jane Morgan,Plan Vivo,REDD,2,PVC (tCO2e),UNIT
27 Nov 2019,2017 - 2018,The CommuniTree Carbon Program (formerly Limay Community Carbon Project),Carbon Offsets To Alleviate Poverty (COTAP),TeachBoost,Plan Vivo,Forest,100,PVC (tCO2e),UNIT
27 Nov 2019,2017 - 2018,The CommuniTree Carbon Program (formerly Limay Community Carbon Project),Carbon Offsets To Alleviate Poverty (COTAP),Wellspring Spa,Plan Vivo,Forest,28,PVC (tCO2e),UNIT
27 Nov 2019,2017 - 2018,The CommuniTree Carbon Program (formerly Limay Community Carbon Project),Carbon Offsets To Alleviate Poverty (COTAP),Biomimicry Institute,Plan Vivo,Forest,30,PVC (tCO2e),UNIT
27 Nov 2019,2017 - 2018,The CommuniTree Carbon Program (formerly Limay Community Carbon Project),Carbon Offsets To Alleviate Poverty (COTAP),Carbon Design,Plan Vivo,Forest,100,PVC (tCO2e),UNIT
27 Nov 2019,2017 - 2018,The CommuniTree Carbon Program (formerly Limay Community Carbon Project),Carbon Offsets To Alleviate Poverty (COTAP),IIED,Plan Vivo,Forest,83,PVC (tCO2e),UNIT
27 Nov 2019,2017 - 2018,The CommuniTree Carbon Program (formerly Limay Community Carbon Project),Carbon Offsets To Alleviate Poverty (COTAP),IIED,Plan Vivo,Forest,21,PVC (tCO2e),UNIT
27 Nov 2019,2017 - 2018,The CommuniTree Carbon Program (formerly Limay Community Carbon Project),Carbon Offsets To Alleviate Poverty (COTAP),Monarch Media,Plan Vivo,Forest,14,PVC (tCO2e),UNIT
09 Mar 2021,2019 - 2020,The CommuniTree Carbon Program (formerly Limay Community Carbon Project),Carbon Offsets To Alleviate Poverty (COTAP),International Society for Environmental Epidemiology (ISEE),Plan Vivo,Forest,147,PVC (tCO2e),UNIT
09 Mar 2021,2019 - 2020,The CommuniTree Carbon Program (formerly Limay Community Carbon Project),Carbon Offsets To Alleviate Poverty (COTAP),Loeber Family Foundation,Plan Vivo,Forest,506,PVC (tCO2e),UNIT
19 Mar 2015,2012,Trees for Global Benefits,Carbon Offsets To Alleviate Poverty (COTAP),,Plan Vivo,Afforestation / Reforestation,357,PVC (tCO2e),UNIT
27 Jan 2021,2014,Khasi Hills Community REDD+ Project: Restoring and Conserving Meghalaya's Hill ForestsThrough Community Action,Carbon Offsets To Alleviate Poverty (COTAP),COTAP,Plan Vivo,REDD,4,PVC (tCO2e),UNIT
10 May 2021,2019 - 2020,The CommuniTree Carbon Program (formerly Limay Community Carbon Project),Carbon Offsets To Alleviate Poverty (COTAP),International Institute for Environment and Development (IIED),Plan Vivo,Forest,351,PVC (tCO2e),UNIT
27 Jan 2021,2016,Trees for Global Benefits,Carbon Offsets To Alleviate Poverty (COTAP),Tim Whitley,Plan Vivo,Afforestation / Reforestation,7,PVC (tCO2e),UNIT
31 Jul 2014,2011,Sofala Community Carbon Project (formerly the N'hambita Community Carbon Project),Carbon Offsets To Alleviate Poverty (COTAP),,Plan Vivo,Forest,62,PVC (tCO2e),UNIT
27 Jan 2021,2014,Khasi Hills Community REDD+ Project: Restoring and Conserving Meghalaya's Hill ForestsThrough Community Action,Carbon Offsets To Alleviate Poverty (COTAP),Tim Whitley,Plan Vivo,REDD,7,PVC (tCO2e),UNIT
31 Jul 2014,2012,Khasi Hills Community REDD+ Project: Restoring and Conserving Meghalaya's Hill ForestsThrough Community Action,Carbon Offsets To Alleviate Poverty (COTAP),,Plan Vivo,REDD,67,PVC (tCO2e),UNIT
19 Mar 2015,2012,Khasi Hills Community REDD+ Project: Restoring and Conserving Meghalaya's Hill ForestsThrough Community Action,Carbon Offsets To Alleviate Poverty (COTAP),,Plan Vivo,REDD,357,PVC (tCO2e),UNIT
19 Mar 2015,2012,Khasi Hills Community REDD+ Project: Restoring and Conserving Meghalaya's Hill ForestsThrough Community Action,Carbon Offsets To Alleviate Poverty (COTAP),,Plan Vivo,REDD,12,PVC (tCO2e),UNIT
19 Mar 2015,2012,Khasi Hills Community REDD+ Project: Restoring and Conserving Meghalaya's Hill ForestsThrough Community Action,Carbon Offsets To Alleviate Poverty (COTAP),,Plan Vivo,REDD,51,PVC (tCO2e),UNIT
19 Mar 2015,2012,Khasi Hills Community REDD+ Project: Restoring and Conserving Meghalaya's Hill ForestsThrough Community Action,Carbon Offsets To Alleviate Poverty (COTAP),,Plan Vivo,REDD,25,PVC (tCO2e),UNIT
31 Jul 2014,2010,Trees of Hope,Carbon Offsets To Alleviate Poverty (COTAP),,Plan Vivo,Afforestation / Reforestation,232,PVC (tCO2e),UNIT
19 Mar 2015,2012,Khasi Hills Community REDD+ Project: Restoring and Conserving Meghalaya's Hill ForestsThrough Community Action,Carbon Offsets To Alleviate Poverty (COTAP),,Plan Vivo,REDD,1,PVC (tCO2e),UNIT
11 Mar 2021,2016,Trees for Global Benefits,Carbon Offsets To Alleviate Poverty (COTAP),Dupe VFX Ltd,Plan Vivo,Afforestation / Reforestation,59,PVC (tCO2e),UNIT
06 Oct 2016,2012,Khasi Hills Community REDD+ Project: Restoring and Conserving Meghalaya's Hill ForestsThrough Community Action,Carbon Offsets To Alleviate Poverty (COTAP),,Plan Vivo,REDD,424,PVC (tCO2e),UNIT
29 Sep 2016,2012,Khasi Hills Community REDD+ Project: Restoring and Conserving Meghalaya's Hill ForestsThrough Community Action,Carbon Offsets To Alleviate Poverty (COTAP),,Plan Vivo,REDD,38,PVC (tCO2e),UNIT
29 Sep 2016,2012,Khasi Hills Community REDD+ Project: Restoring and Conserving Meghalaya's Hill ForestsThrough Community Action,Carbon Offsets To Alleviate Poverty (COTAP),,Plan Vivo,REDD,2,PVC (tCO2e),UNIT
29 Sep 2016,2012,Khasi Hills Community REDD+ Project: Restoring and Conserving Meghalaya's Hill ForestsThrough Community Action,Carbon Offsets To Alleviate Poverty (COTAP),,Plan Vivo,REDD,30,PVC (tCO2e),UNIT
29 Sep 2016,2012,Khasi Hills Community REDD+ Project: Restoring and Conserving Meghalaya's Hill ForestsThrough Community Action,Carbon Offsets To Alleviate Poverty (COTAP),,Plan Vivo,REDD,15,PVC (tCO2e),UNIT
29 Sep 2016,2012,Khasi Hills Community REDD+ Project: Restoring and Conserving Meghalaya's Hill ForestsThrough Community Action,Carbon Offsets To Alleviate Poverty (COTAP),,Plan Vivo,REDD,13,PVC (tCO2e),UNIT
29 Sep 2016,2012,Khasi Hills Community REDD+ Project: Restoring and Conserving Meghalaya's Hill ForestsThrough Community Action,Carbon Offsets To Alleviate Poverty (COTAP),,Plan Vivo,REDD,21,PVC (tCO2e),UNIT
29 Sep 2016,2012,Khasi Hills Community REDD+ Project: Restoring and Conserving Meghalaya's Hill ForestsThrough Community Action,Carbon Offsets To Alleviate Poverty (COTAP),,Plan Vivo,REDD,76,PVC (tCO2e),UNIT
29 Sep 2016,2012,Khasi Hills Community REDD+ Project: Restoring and Conserving Meghalaya's Hill ForestsThrough Community Action,Carbon Offsets To Alleviate Poverty (COTAP),,Plan Vivo,REDD,30,PVC (tCO2e),UNIT
06 Oct 2016,2012,Khasi Hills Community REDD+ Project: Restoring and Conserving Meghalaya's Hill ForestsThrough Community Action,Carbon Offsets To Alleviate Poverty (COTAP),,Plan Vivo,REDD,5,PVC (tCO2e),UNIT
01 Mar 2019,2017 - 2018,The CommuniTree Carbon Program (formerly Limay Community Carbon Project),Carbon Offsets To Alleviate Poverty (COTAP),"WTSmed, Inc./Restorative Formulations",Plan Vivo,Forest,169,PVC (tCO2e),UNIT
01 Mar 2019,2017 - 2018,The CommuniTree Carbon Program (formerly Limay Community Carbon Project),Carbon Offsets To Alleviate Poverty (COTAP),Plan Vivo Foundation,Plan Vivo,Forest,7,PVC (tCO2e),UNIT
01 Mar 2019,2017 - 2018,The CommuniTree Carbon Program (formerly Limay Community Carbon Project),Carbon Offsets To Alleviate Poverty (COTAP),COTAP,Plan Vivo,Forest,7,PVC (tCO2e),UNIT
07 Oct 2016,2014,Trees for Global Benefits,Carbon Offsets To Alleviate Poverty (COTAP),,Plan Vivo,Afforestation / Reforestation,30,PVC (tCO2e),UNIT
01 Mar 2017,2014,The CommuniTree Carbon Program (formerly Limay Community Carbon Project),Carbon Offsets To Alleviate Poverty (COTAP),,Plan Vivo,Forest,403,PVC (tCO2e),UNIT
12 Dec 2014,2014,The CommuniTree Carbon Program (formerly Limay Community Carbon Project),Carbon Offsets To Alleviate Poverty (COTAP),,Plan Vivo,Forest,168,PVC (tCO2e),UNIT
16 Jun 2023,2013 - 2014,Drawa Rainforest Carbon Project,Carbon Offsets To Alleviate Poverty (COTAP),Cotappers worldwide,Plan Vivo,Improved forest management,49,PVC (tCO2e),UNIT
23 Sep 2018,2012,Khasi Hills Community REDD+ Project: Restoring and Conserving Meghalaya's Hill ForestsThrough Community Action,Carbon Offsets To Alleviate Poverty (COTAP),Cotappers worldwide,Plan Vivo,REDD,"1,462",PVC (tCO2e),UNIT
24 Sep 2018,2017,Trees for Global Benefits,Carbon Offsets To Alleviate Poverty (COTAP),LTS International Ltd,Plan Vivo,Afforestation / Reforestation,250,PVC (tCO2e),UNIT
27 Jan 2021,2018 - 2019,The CommuniTree Carbon Program (formerly Limay Community Carbon Project),Carbon Offsets To Alleviate Poverty (COTAP),Tim Whitley,Plan Vivo,Forest,7,PVC (tCO2e),UNIT
27 Jan 2021,2018 - 2019,The CommuniTree Carbon Program (formerly Limay Community Carbon Project),Carbon Offsets To Alleviate Poverty (COTAP),Tim Whitley,Plan Vivo,Forest,9,PVC (tCO2e),UNIT
27 Jan 2021,2018 - 2019,The CommuniTree Carbon Program (formerly Limay Community Carbon Project),Carbon Offsets To Alleviate Poverty (COTAP),COTAP,Plan Vivo,Forest,4,PVC (tCO2e),UNIT
27 Jan 2021,2018 - 2019,The CommuniTree Carbon Program (formerly Limay Community Carbon Project),Carbon Offsets To Alleviate Poverty (COTAP),TeachBoost,Plan Vivo,Forest,86,PVC (tCO2e),UNIT
01 Mar 2017,2016,The CommuniTree Carbon Program (formerly Limay Community Carbon Project),Carbon Offsets To Alleviate Poverty (COTAP),,Plan Vivo,Forest,83,PVC (tCO2e),UNIT
27 Jan 2021,2018 - 2019,The CommuniTree Carbon Program (formerly Limay Community Carbon Project),Carbon Offsets To Alleviate Poverty (COTAP),Monarch Media,Plan Vivo,Forest,12,PVC (tCO2e),UNIT
04 Sep 2018,2016 - 2017,The CommuniTree Carbon Program (formerly Limay Community Carbon Project),Carbon Offsets To Alleviate Poverty (COTAP),Monarch Media,Plan Vivo,Forest,15,PVC (tCO2e),UNIT
04 Sep 2018,2010,Trees for Global Benefits,Carbon Offsets To Alleviate Poverty (COTAP),Monarch Media,Plan Vivo,Afforestation / Reforestation,15,PVC (tCO2e),UNIT
01 Mar 2017,2016,The CommuniTree Carbon Program (formerly Limay Community Carbon Project),Carbon Offsets To Alleviate Poverty (COTAP),,Plan Vivo,Forest,13,PVC (tCO2e),UNIT
01 Mar 2017,2016,The CommuniTree Carbon Program (formerly Limay Community Carbon Project),Carbon Offsets To Alleviate Poverty (COTAP),,Plan Vivo,Forest,5,PVC (tCO2e),UNIT
15 Jun 2023,2019 - 2020,The CommuniTree Carbon Program (formerly Limay Community Carbon Project),Carbon Offsets To Alleviate Poverty (COTAP),TeachBoost,Plan Vivo,Forest,45,PVC (tCO2e),UNIT
31 Jul 2014,2010,Trees for Global Benefits,Carbon Offsets To Alleviate Poverty (COTAP),,Plan Vivo,Afforestation / Reforestation,122,PVC (tCO2e),UNIT
31 Jul 2014,2010,Trees of Hope,Carbon Offsets To Alleviate Poverty (COTAP),,Plan Vivo,Afforestation / Reforestation,232,PVC (tCO2e),UNIT
31 Jul 2014,2012,Khasi Hills Community REDD+ Project: Restoring and Conserving Meghalaya's Hill ForestsThrough Community Action,Carbon Offsets To Alleviate Poverty (COTAP),,Plan Vivo,REDD,67,PVC (tCO2e),UNIT
31 Jul 2014,2011,Sofala Community Carbon Project (formerly the N'hambita Community Carbon Project),Carbon Offsets To Alleviate Poverty (COTAP),,Plan Vivo,Forest,62,PVC (tCO2e),UNIT
08 Jul 2014,2012,Khasi Hills Community REDD+ Project: Restoring and Conserving Meghalaya's Hill ForestsThrough Community Action,Carbon Offsets To Alleviate Poverty (COTAP),,Plan Vivo,REDD,9,PVC (tCO2e),UNIT
08 Jul 2014,2011,Sofala Community Carbon Project (formerly the N'hambita Community Carbon Project),Carbon Offsets To Alleviate Poverty (COTAP),,Plan Vivo,Forest,9,PVC (tCO2e),UNIT
08 Jul 2014,2010,Trees for Global Benefits,Carbon Offsets To Alleviate Poverty (COTAP),,Plan Vivo,Afforestation / Reforestation,9,PVC (tCO2e),UNIT
08 Jul 2014,2010,Trees of Hope,Carbon Offsets To Alleviate Poverty (COTAP),,Plan Vivo,Afforestation / Reforestation,9,PVC (tCO2e),UNIT
09 Jul 2014,2012,Khasi Hills Community REDD+ Project: Restoring and Conserving Meghalaya's Hill ForestsThrough Community Action,Carbon Offsets To Alleviate Poverty (COTAP),,Plan Vivo,REDD,207,PVC (tCO2e),UNIT
09 Jul 2014,2010,Trees for Global Benefits,Carbon Offsets To Alleviate Poverty (COTAP),,Plan Vivo,Afforestation / Reforestation,207,PVC (tCO2e),UNIT
09 Jul 2014,2011,Sofala Community Carbon Project (formerly the N'hambita Community Carbon Project),Carbon Offsets To Alleviate Poverty (COTAP),,Plan Vivo,Forest,207,PVC (tCO2e),UNIT
09 Jul 2014,2010,Trees of Hope,Carbon Offsets To Alleviate Poverty (COTAP),,Plan Vivo,Afforestation / Reforestation,207,PVC (tCO2e),UNIT
31 Jul 2014,2010,Trees of Hope,Carbon Offsets To Alleviate Poverty (COTAP),,Plan Vivo,Afforestation / Reforestation,76,PVC (tCO2e),UNIT
31 Jul 2014,2011,Sofala Community Carbon Project (formerly the N'hambita Community Carbon Project),Carbon Offsets To Alleviate Poverty (COTAP),,Plan Vivo,Forest,76,PVC (tCO2e),UNIT
01 Mar 2017,2016,The CommuniTree Carbon Program (formerly Limay Community Carbon Project),Carbon Offsets To Alleviate Poverty (COTAP),,Plan Vivo,Forest,30,PVC (tCO2e),UNIT
23 Jun 2023,2021,Trees for Global Benefits,Carbon Offsets To Alleviate Poverty (COTAP),World of Women,Plan Vivo,Afforestation / Reforestation,"2,156",PVC (tCO2e),UNIT
23 Jun 2023,2021,Trees for Global Benefits,Carbon Offsets To Alleviate Poverty (COTAP),Code Green,Plan Vivo,Afforestation / Reforestation,73,PVC (tCO2e),UNIT
23 Jun 2023,2021,The CommuniTree Carbon Program (formerly Limay Community Carbon Project),Carbon Offsets To Alleviate Poverty (COTAP),Code Green,Plan Vivo,Forest,73,PVC (tCO2e),UNIT
01 Mar 2017,2016,The CommuniTree Carbon Program (formerly Limay Community Carbon Project),Carbon Offsets To Alleviate Poverty (COTAP),,Plan Vivo,Forest,6,PVC (tCO2e),UNIT
16 Jun 2023,2021,Scolel té Natural Resources Management and Carbon Sequestration Project (Scolel té Natural Resources Management and Carbon Sequestration Project),Carbon Offsets To Alleviate Poverty (COTAP),CyberKongz LLC,Plan Vivo,Afforestation / Reforestation,681,PVC (tCO2e),UNIT
16 Jun 2023,2021,Scolel té Natural Resources Management and Carbon Sequestration Project (Scolel té Natural Resources Management and Carbon Sequestration Project),Carbon Offsets To Alleviate Poverty (COTAP),TeachBoost,Plan Vivo,Afforestation / Reforestation,45,PVC (tCO2e),UNIT
16 Jun 2023,2015 - 2016,Drawa Rainforest Carbon Project,Carbon Offsets To Alleviate Poverty (COTAP),Cotappers worldwide,Plan Vivo,Improved forest management,"2,231",PVC (tCO2e),UNIT
16 Jun 2023,2015 - 2016,Drawa Rainforest Carbon Project,Carbon Offsets To Alleviate Poverty (COTAP),CyberKongz LLC,Plan Vivo,Improved forest management,681,PVC (tCO2e),UNIT
16 Jun 2023,2015 - 2016,Drawa Rainforest Carbon Project,Carbon Offsets To Alleviate Poverty (COTAP),TeachBoost,Plan Vivo,Improved forest management,45,PVC (tCO2e),UNIT
16 Jun 2023,2019,Khasi Hills Community REDD+ Project: Restoring and Conserving Meghalaya's Hill ForestsThrough Community Action,Carbon Offsets To Alleviate Poverty (COTAP),CyberKongz LLC,Plan Vivo,REDD,681,PVC (tCO2e),UNIT
16 Jun 2023,2019,Khasi Hills Community REDD+ Project: Restoring and Conserving Meghalaya's Hill ForestsThrough Community Action,Carbon Offsets To Alleviate Poverty (COTAP),TeachBoost,Plan Vivo,REDD,45,PVC (tCO2e),UNIT
16 Jun 2023,2019,Khasi Hills Community REDD+ Project: Restoring and Conserving Meghalaya's Hill ForestsThrough Community Action,Carbon Offsets To Alleviate Poverty (COTAP),Crossover Labs,Plan Vivo,REDD,100,PVC (tCO2e),UNIT
15 Jun 2023,2020,Trees for Global Benefits,Carbon Offsets To Alleviate Poverty (COTAP),CyberKongz LLC,Plan Vivo,Afforestation / Reforestation,681,PVC (tCO2e),UNIT
15 Jun 2023,2020,Trees for Global Benefits,Carbon Offsets To Alleviate Poverty (COTAP),TeachBoost,Plan Vivo,Afforestation / Reforestation,45,PVC (tCO2e),UNIT
31 Mar 2015,2012,Trees for Global Benefits,Carbon Offsets To Alleviate Poverty (COTAP),,Plan Vivo,Afforestation / Reforestation,218,PVC (tCO2e),UNIT
17 Mar 2015,2012,Trees for Global Benefits,Carbon Offsets To Alleviate Poverty (COTAP),,Plan Vivo,Afforestation / Reforestation,35,PVC (tCO2e),UNIT
17 Mar 2015,2012,Trees for Global Benefits,Carbon Offsets To Alleviate Poverty (COTAP),,Plan Vivo,Afforestation / Reforestation,12,PVC (tCO2e),UNIT
17 Mar 2015,2012,Sofala Community Carbon Project (formerly the N'hambita Community Carbon Project),Carbon Offsets To Alleviate Poverty (COTAP),,Plan Vivo,Forest,12,PVC (tCO2e),UNIT
31 Mar 2015,2012,Khasi Hills Community REDD+ Project: Restoring and Conserving Meghalaya's Hill ForestsThrough Community Action,Carbon Offsets To Alleviate Poverty (COTAP),,Plan Vivo,REDD,228,PVC (tCO2e),UNIT
19 Mar 2015,2012,Trees for Global Benefits,Carbon Offsets To Alleviate Poverty (COTAP),,Plan Vivo,Afforestation / Reforestation,357,PVC (tCO2e),UNIT
19 Mar 2015,2012,Khasi Hills Community REDD+ Project: Restoring and Conserving Meghalaya's Hill ForestsThrough Community Action,Carbon Offsets To Alleviate Poverty (COTAP),,Plan Vivo,REDD,357,PVC (tCO2e),UNIT
19 Mar 2015,2012,Khasi Hills Community REDD+ Project: Restoring and Conserving Meghalaya's Hill ForestsThrough Community Action,Carbon Offsets To Alleviate Poverty (COTAP),,Plan Vivo,REDD,12,PVC (tCO2e),UNIT
19 Mar 2015,2012,Khasi Hills Community REDD+ Project: Restoring and Conserving Meghalaya's Hill ForestsThrough Community Action,Carbon Offsets To Alleviate Poverty (COTAP),,Plan Vivo,REDD,51,PVC (tCO2e),UNIT
19 Mar 2015,2012,Khasi Hills Community REDD+ Project: Restoring and Conserving Meghalaya's Hill ForestsThrough Community Action,Carbon Offsets To Alleviate Poverty (COTAP),,Plan Vivo,REDD,25,PVC (tCO2e),UNIT
19 Mar 2015,2012,Khasi Hills Community REDD+ Project: Restoring and Conserving Meghalaya's Hill ForestsThrough Community Action,Carbon Offsets To Alleviate Poverty (COTAP),,Plan Vivo,REDD,1,PVC (tCO2e),UNIT
11 Mar 2021,2016,Trees for Global Benefits,Carbon Offsets To Alleviate Poverty (COTAP),Dupe VFX Ltd,Plan Vivo,Afforestation / Reforestation,59,PVC (tCO2e),UNIT
11 Mar 2021,2016,Khasi Hills Community REDD+ Project: Restoring and Conserving Meghalaya's Hill ForestsThrough Community Action,Carbon Offsets To Alleviate Poverty (COTAP),Dupe VFX Ltd,Plan Vivo,REDD,60,PVC (tCO2e),UNIT
12 Mar 2021,2019 - 2020,The CommuniTree Carbon Program (formerly Limay Community Carbon Project),Carbon Offsets To Alleviate Poverty (COTAP),Cotappers worldwide,Plan Vivo,Forest,"1,332",PVC (tCO2e),UNIT
28 Jan 2021,2014,Khasi Hills Community REDD+ Project: Restoring and Conserving Meghalaya's Hill ForestsThrough Community Action,Carbon Offsets To Alleviate Poverty (COTAP),Cotappers worldwide,Plan Vivo,REDD,"2,103",PVC (tCO2e),UNIT
23 Sep 2018,2017,Trees for Global Benefits,Carbon Offsets To Alleviate Poverty (COTAP),Cotappers worldwide,Plan Vivo,Afforestation / Reforestation,"1,478",PVC (tCO2e),UNIT
12 Dec 2014,2014,The CommuniTree Carbon Program (formerly Limay Community Carbon Project),Carbon Offsets To Alleviate Poverty (COTAP),,Plan Vivo,Forest,76,PVC (tCO2e),UNIT
06 Oct 2016,2014,Trees of Hope,Carbon Offsets To Alleviate Poverty (COTAP),,Plan Vivo,Afforestation / Reforestation,437,PVC (tCO2e),UNIT
26 Nov 2019,2017,Trees for Global Benefits,Carbon Offsets To Alleviate Poverty (COTAP),Monarch Media,Plan Vivo,Afforestation / Reforestation,14,PVC (tCO2e),UNIT
07 Oct 2016,2014,Trees for Global Benefits,Carbon Offsets To Alleviate Poverty (COTAP),,Plan Vivo,Afforestation / Reforestation,438,PVC (tCO2e),UNIT
27 Jan 2021,2018 - 2019,The CommuniTree Carbon Program (formerly Limay Community Carbon Project),Carbon Offsets To Alleviate Poverty (COTAP),Cotappers worldwide,Plan Vivo,Forest,"3,415",PVC (tCO2e),UNIT
06 Oct 2016,2014,Trees of Hope,Carbon Offsets To Alleviate Poverty (COTAP),,Plan Vivo,Afforestation / Reforestation,13,PVC (tCO2e),UNIT
06 Oct 2016,2014,Trees of Hope,Carbon Offsets To Alleviate Poverty (COTAP),,Plan Vivo,Afforestation / Reforestation,5,PVC (tCO2e),UNIT
06 Oct 2016,2014,Trees of Hope,Carbon Offsets To Alleviate Poverty (COTAP),,Plan Vivo,Afforestation / Reforestation,21,PVC (tCO2e),UNIT
06 Oct 2016,2014,Trees of Hope,Carbon Offsets To Alleviate Poverty (COTAP),,Plan Vivo,Afforestation / Reforestation,76,PVC (tCO2e),UNIT
06 Oct 2016,2014,Trees of Hope,Carbon Offsets To Alleviate Poverty (COTAP),,Plan Vivo,Afforestation / Reforestation,30,PVC (tCO2e),UNIT
06 Oct 2016,2014,Trees of Hope,Carbon Offsets To Alleviate Poverty (COTAP),,Plan Vivo,Afforestation / Reforestation,6,PVC (tCO2e),UNIT
07 Oct 2016,2014,Trees for Global Benefits,Carbon Offsets To Alleviate Poverty (COTAP),,Plan Vivo,Afforestation / Reforestation,13,PVC (tCO2e),UNIT
07 Oct 2016,2014,Trees for Global Benefits,Carbon Offsets To Alleviate Poverty (COTAP),,Plan Vivo,Afforestation / Reforestation,5,PVC (tCO2e),UNIT
07 Oct 2016,2014,Trees for Global Benefits,Carbon Offsets To Alleviate Poverty (COTAP),,Plan Vivo,Afforestation / Reforestation,21,PVC (tCO2e),UNIT
27 Jan 2021,2014,Khasi Hills Community REDD+ Project: Restoring and Conserving Meghalaya's Hill ForestsThrough Community Action,Carbon Offsets To Alleviate Poverty (COTAP),Tim Whitley,Plan Vivo,REDD,7,PVC (tCO2e),UNIT
27 Nov 2019,2017 - 2018,The CommuniTree Carbon Program (formerly Limay Community Carbon Project),Carbon Offsets To Alleviate Poverty (COTAP),Cotappers worldwide,Plan Vivo,Forest,"1,538",PVC (tCO2e),UNIT
27 Jan 2021,2018 - 2019,The CommuniTree Carbon Program (formerly Limay Community Carbon Project),Carbon Offsets To Alleviate Poverty (COTAP),Bathing Culture,Plan Vivo,Forest,42,PVC (tCO2e),UNIT
01 Mar 2017,2016,The CommuniTree Carbon Program (formerly Limay Community Carbon Project),Carbon Offsets To Alleviate Poverty (COTAP),,Plan Vivo,Forest,83,PVC (tCO2e),UNIT
27 Jan 2021,2016,Trees for Global Benefits,Carbon Offsets To Alleviate Poverty (COTAP),Bathing Culture,Plan Vivo,Afforestation / Reforestation,42,PVC (tCO2e),UNIT
27 Jan 2021,2014,Khasi Hills Community REDD+ Project: Restoring and Conserving Meghalaya's Hill ForestsThrough Community Action,Carbon Offsets To Alleviate Poverty (COTAP),Bathing Culture,Plan Vivo,REDD,43,PVC (tCO2e),UNIT
28 Jan 2021,2016,Trees for Global Benefits,Carbon Offsets To Alleviate Poverty (COTAP),Cotappers worldwide,Plan Vivo,Afforestation / Reforestation,"4,751",PVC (tCO2e),UNIT
04 Sep 2018,2016 - 2017,The CommuniTree Carbon Program (formerly Limay Community Carbon Project),Carbon Offsets To Alleviate Poverty (COTAP),Cotappers worldwide,Plan Vivo,Forest,"1,126",PVC (tCO2e),UNIT
28 Jan 2021,2016,Khasi Hills Community REDD+ Project: Restoring and Conserving Meghalaya's Hill ForestsThrough Community Action,Carbon Offsets To Alleviate Poverty (COTAP),Cotappers worldwide,Plan Vivo,REDD,"1,752",PVC (tCO2e),UNIT
26 Nov 2019,2017,Trees for Global Benefits,Carbon Offsets To Alleviate Poverty (COTAP),Biomimicry Institute,Plan Vivo,Afforestation / Reforestation,30,PVC (tCO2e),UNIT
26 Nov 2019,2017,Trees for Global Benefits,Carbon Offsets To Alleviate Poverty (COTAP),Wellspring Spa,Plan Vivo,Afforestation / Reforestation,28,PVC (tCO2e),UNIT
27 Nov 2019,2017 - 2018,The CommuniTree Carbon Program (formerly Limay Community Carbon Project),Carbon Offsets To Alleviate Poverty (COTAP),TeachBoost,Plan Vivo,Forest,100,PVC (tCO2e),UNIT
27 Nov 2019,2014,Khasi Hills Community REDD+ Project: Restoring and Conserving Meghalaya's Hill ForestsThrough Community Action,Carbon Offsets To Alleviate Poverty (COTAP),Carbon Design,Plan Vivo,REDD,100,PVC (tCO2e),UNIT
23 Jun 2023,2021,Trees for Global Benefits,Carbon Offsets To Alleviate Poverty (COTAP),Code Green,Plan Vivo,Afforestation / Reforestation,73,PVC (tCO2e),UNIT
15 Jun 2023,2019 - 2020,The CommuniTree Carbon Program (formerly Limay Community Carbon Project),Carbon Offsets To Alleviate Poverty (COTAP),TeachBoost,Plan Vivo,Forest,45,PVC (tCO2e),UNIT
06 Oct 2016,2012,Khasi Hills Community REDD+ Project: Restoring and Conserving Meghalaya's Hill ForestsThrough Community Action,Carbon Offsets To Alleviate Poverty (COTAP),,Plan Vivo,REDD,424,PVC (tCO2e),UNIT
10 May 2021,2016,Trees for Global Benefits,Carbon Offsets To Alleviate Poverty (COTAP),LTS International Ltd,Plan Vivo,Afforestation / Reforestation,331,PVC (tCO2e),UNIT
28 Jan 2021,2016,Khasi Hills Community REDD+ Project: Restoring and Conserving Meghalaya's Hill ForestsThrough Community Action,Carbon Offsets To Alleviate Poverty (COTAP),Cotappers worldwide,Plan Vivo,REDD,722,PVC (tCO2e),UNIT
04 Sep 2018,2012,Khasi Hills Community REDD+ Project: Restoring and Conserving Meghalaya's Hill ForestsThrough Community Action,Carbon Offsets To Alleviate Poverty (COTAP),Cotappers worldwide,Plan Vivo,REDD,"1,103",PVC (tCO2e),UNIT
10 May 2021,2019 - 2020,The CommuniTree Carbon Program (formerly Limay Community Carbon Project),Carbon Offsets To Alleviate Poverty (COTAP),International Institute for Environment and Development (IIED),Plan Vivo,Forest,351,PVC (tCO2e),UNIT
28 Jan 2016,2010,Trees for Global Benefits,Carbon Offsets To Alleviate Poverty (COTAP),,Plan Vivo,Afforestation / Reforestation,186,PVC (tCO2e),UNIT
09 Mar 2021,2019 - 2020,The CommuniTree Carbon Program (formerly Limay Community Carbon Project),Carbon Offsets To Alleviate Poverty (COTAP),Loeber Family Foundation,Plan Vivo,Forest,506,PVC (tCO2e),UNIT
09 Mar 2021,2019 - 2020,The CommuniTree Carbon Program (formerly Limay Community Carbon Project),Carbon Offsets To Alleviate Poverty (COTAP),International Society for Environmental Epidemiology (ISEE),Plan Vivo,Forest,147,PVC (tCO2e),UNIT
09 Mar 2021,2016,Trees for Global Benefits,Carbon Offsets To Alleviate Poverty (COTAP),International Society for Environmental Epidemiology (ISEE),Plan Vivo,Afforestation / Reforestation,147,PVC (tCO2e),UNIT
27 Jan 2021,2014,Khasi Hills Community REDD+ Project: Restoring and Conserving Meghalaya's Hill ForestsThrough Community Action,Carbon Offsets To Alleviate Poverty (COTAP),Bathing Culture,Plan Vivo,REDD,43,PVC (tCO2e),UNIT
27 Jan 2021,2016,Trees for Global Benefits,Carbon Offsets To Alleviate Poverty (COTAP),Bathing Culture,Plan Vivo,Afforestation / Reforestation,42,PVC (tCO2e),UNIT
27 Jan 2021,2014,Khasi Hills Community REDD+ Project: Restoring and Conserving Meghalaya's Hill ForestsThrough Community Action,Carbon Offsets To Alleviate Poverty (COTAP),Tim Whitley,Plan Vivo,REDD,7,PVC (tCO2e),UNIT
27 Jan 2021,2016,Trees for Global Benefits,Carbon Offsets To Alleviate Poverty (COTAP),Tim Whitley,Plan Vivo,Afforestation / Reforestation,7,PVC (tCO2e),UNIT
27 Jan 2021,2014,Khasi Hills Community REDD+ Project: Restoring and Conserving Meghalaya's Hill ForestsThrough Community Action,Carbon Offsets To Alleviate Poverty (COTAP),Tim Whitley,Plan Vivo,REDD,9,PVC (tCO2e),UNIT
09 Mar 2021,2016,Khasi Hills Community REDD+ Project: Restoring and Conserving Meghalaya's Hill ForestsThrough Community Action,Carbon Offsets To Alleviate Poverty (COTAP),International Society for Environmental Epidemiology (ISEE),Plan Vivo,REDD,147,PVC (tCO2e),UNIT
23 Sep 2018,2012,Khasi Hills Community REDD+ Project: Restoring and Conserving Meghalaya's Hill ForestsThrough Community Action,Carbon Offsets To Alleviate Poverty (COTAP),COTAP,Plan Vivo,REDD,7,PVC (tCO2e),UNIT
27 Nov 2019,2014,Khasi Hills Community REDD+ Project: Restoring and Conserving Meghalaya's Hill ForestsThrough Community Action,Carbon Offsets To Alleviate Poverty (COTAP),Wellspring Spa,Plan Vivo,REDD,29,PVC (tCO2e),UNIT
27 Nov 2019,2014,Khasi Hills Community REDD+ Project: Restoring and Conserving Meghalaya's Hill ForestsThrough Community Action,Carbon Offsets To Alleviate Poverty (COTAP),Biomimicry Institute,Plan Vivo,REDD,30,PVC (tCO2e),UNIT
27 Nov 2019,2014,Khasi Hills Community REDD+ Project: Restoring and Conserving Meghalaya's Hill ForestsThrough Community Action,Carbon Offsets To Alleviate Poverty (COTAP),Carbon Design,Plan Vivo,REDD,100,PVC (tCO2e),UNIT
27 Nov 2019,2014,Khasi Hills Community REDD+ Project: Restoring and Conserving Meghalaya's Hill ForestsThrough Community Action,Carbon Offsets To Alleviate Poverty (COTAP),IIED,Plan Vivo,REDD,84,PVC (tCO2e),UNIT
27 Nov 2019,2014,Khasi Hills Community REDD+ Project: Restoring and Conserving Meghalaya's Hill ForestsThrough Community Action,Carbon Offsets To Alleviate Poverty (COTAP),IIED,Plan Vivo,REDD,21,PVC (tCO2e),UNIT
27 Nov 2019,2014,Khasi Hills Community REDD+ Project: Restoring and Conserving Meghalaya's Hill ForestsThrough Community Action,Carbon Offsets To Alleviate Poverty (COTAP),Monarch Media,Plan Vivo,REDD,14,PVC (tCO2e),UNIT
27 Nov 2019,2014,Khasi Hills Community REDD+ Project: Restoring and Conserving Meghalaya's Hill ForestsThrough Community Action,Carbon Offsets To Alleviate Poverty (COTAP),Sustineo,Plan Vivo,REDD,18,PVC (tCO2e),UNIT
27 Nov 2019,2014,Khasi Hills Community REDD+ Project: Restoring and Conserving Meghalaya's Hill ForestsThrough Community Action,Carbon Offsets To Alleviate Poverty (COTAP),Ciaran Meagher / C ME ONLINE LIMITED,Plan Vivo,REDD,1,PVC (tCO2e),UNIT
27 Nov 2019,2014,Khasi Hills Community REDD+ Project: Restoring and Conserving Meghalaya's Hill ForestsThrough Community Action,Carbon Offsets To Alleviate Poverty (COTAP),Jane Morgan,Plan Vivo,REDD,2,PVC (tCO2e),UNIT
27 Nov 2019,2017 - 2018,The CommuniTree Carbon Program (formerly Limay Community Carbon Project),Carbon Offsets To Alleviate Poverty (COTAP),TeachBoost,Plan Vivo,Forest,100,PVC (tCO2e),UNIT
27 Nov 2019,2017 - 2018,The CommuniTree Carbon Program (formerly Limay Community Carbon Project),Carbon Offsets To Alleviate Poverty (COTAP),Wellspring Spa,Plan Vivo,Forest,28,PVC (tCO2e),UNIT
27 Nov 2019,2017 - 2018,The CommuniTree Carbon Program (formerly Limay Community Carbon Project),Carbon Offsets To Alleviate Poverty (COTAP),Biomimicry Institute,Plan Vivo,Forest,30,PVC (tCO2e),UNIT
27 Nov 2019,2017 - 2018,The CommuniTree Carbon Program (formerly Limay Community Carbon Project),Carbon Offsets To Alleviate Poverty (COTAP),Carbon Design,Plan Vivo,Forest,100,PVC (tCO2e),UNIT
27 Nov 2019,2017 - 2018,The CommuniTree Carbon Program (formerly Limay Community Carbon Project),Carbon Offsets To Alleviate Poverty (COTAP),IIED,Plan Vivo,Forest,83,PVC (tCO2e),UNIT
31 Mar 2015,2012,Trees for Global Benefits,Carbon Offsets To Alleviate Poverty (COTAP),,Plan Vivo,Afforestation / Reforestation,218,PVC (tCO2e),UNIT
01 Mar 2017,2016,The CommuniTree Carbon Program (formerly Limay Community Carbon Project),Carbon Offsets To Alleviate Poverty (COTAP),,Plan Vivo,Forest,83,PVC (tCO2e),UNIT
17 Mar 2015,2012,Trees for Global Benefits,Carbon Offsets To Alleviate Poverty (COTAP),,Plan Vivo,Afforestation / Reforestation,35,PVC (tCO2e),UNIT
17 Mar 2015,2012,Trees for Global Benefits,Carbon Offsets To Alleviate Poverty (COTAP),,Plan Vivo,Afforestation / Reforestation,12,PVC (tCO2e),UNIT
17 Mar 2015,2013,Trees of Hope,Carbon Offsets To Alleviate Poverty (COTAP),,Plan Vivo,Afforestation / Reforestation,12,PVC (tCO2e),UNIT
17 Mar 2015,2012,Sofala Community Carbon Project (formerly the N'hambita Community Carbon Project),Carbon Offsets To Alleviate Poverty (COTAP),,Plan Vivo,Forest,12,PVC (tCO2e),UNIT
17 Mar 2015,2012,Trees for Global Benefits,Carbon Offsets To Alleviate Poverty (COTAP),,Plan Vivo,Afforestation / Reforestation,51,PVC (tCO2e),UNIT
17 Mar 2015,2013,Trees of Hope,Carbon Offsets To Alleviate Poverty (COTAP),,Plan Vivo,Afforestation / Reforestation,51,PVC (tCO2e),UNIT
31 Mar 2015,2012,Khasi Hills Community REDD+ Project: Restoring and Conserving Meghalaya's Hill ForestsThrough Community Action,Carbon Offsets To Alleviate Poverty (COTAP),,Plan Vivo,REDD,228,PVC (tCO2e),UNIT
19 Mar 2015,2012,Trees for Global Benefits,Carbon Offsets To Alleviate Poverty (COTAP),,Plan Vivo,Afforestation / Reforestation,357,PVC (tCO2e),UNIT
19 Mar 2015,2013,Trees of Hope,Carbon Offsets To Alleviate Poverty (COTAP),,Plan Vivo,Afforestation / Reforestation,357,PVC (tCO2e),UNIT
19 Mar 2015,2012,Khasi Hills Community REDD+ Project: Restoring and Conserving Meghalaya's Hill ForestsThrough Community Action,Carbon Offsets To Alleviate Poverty (COTAP),,Plan Vivo,REDD,357,PVC (tCO2e),UNIT
19 Mar 2015,2012,Khasi Hills Community REDD+ Project: Restoring and Conserving Meghalaya's Hill ForestsThrough Community Action,Carbon Offsets To Alleviate Poverty (COTAP),,Plan Vivo,REDD,12,PVC (tCO2e),UNIT
19 Mar 2015,2012,Khasi Hills Community REDD+ Project: Restoring and Conserving Meghalaya's Hill ForestsThrough Community Action,Carbon Offsets To Alleviate Poverty (COTAP),,Plan Vivo,REDD,51,PVC (tCO2e),UNIT
19 Mar 2015,2012,Khasi Hills Community REDD+ Project: Restoring and Conserving Meghalaya's Hill ForestsThrough Community Action,Carbon Offsets To Alleviate Poverty (COTAP),,Plan Vivo,REDD,25,PVC (tCO2e),UNIT
27 Jan 2021,2016,Trees for Global Benefits,Carbon Offsets To Alleviate Poverty (COTAP),Tim Whitley,Plan Vivo,Afforestation / Reforestation,7,PVC (tCO2e),UNIT
21 Oct 2025,2023 - 2024,The Yaeda-Eyasi Landscape REDD project,Carbon Tanzania,Terra Carbon LLC,Plan Vivo,Forest Conservation & Avoided Deforestation,50,PVC (tCO2e),UNIT
21 Aug 2025,2023 - 2024,The Yaeda-Eyasi Landscape REDD project,Carbon Tanzania,African Safari Experts,Plan Vivo,Forest Conservation & Avoided Deforestation,129,PVC (tCO2e),UNIT
30 Oct 2025,2024 - 2025,The Yaeda-Eyasi Landscape REDD project,Carbon Tanzania,Singita Grumeti Reserves,Plan Vivo,Forest Conservation & Avoided Deforestation,"1,053",PVC (tCO2e),UNIT
28 Jul 2024,2022 - 2023,The Yaeda-Eyasi Landscape REDD project,Carbon Tanzania,African Safari Experts,Plan Vivo,REDD,21,PVC (tCO2e),UNIT
28 Jul 2024,2022 - 2023,The Yaeda-Eyasi Landscape REDD project,Carbon Tanzania,Africome,Plan Vivo,REDD,975,PVC (tCO2e),UNIT
28 Jul 2024,2022 - 2023,The Yaeda-Eyasi Landscape REDD project,Carbon Tanzania,Carbon Tanzania,Plan Vivo,REDD,22,PVC (tCO2e),UNIT
17 Feb 2021,2018 - 2019,The Yaeda-Eyasi Landscape REDD project(old),Carbon Tanzania,Northern Air,Plan Vivo,REDD,413,PVC (tCO2e),UNIT
28 Jul 2024,2022 - 2023,The Yaeda-Eyasi Landscape REDD project,Carbon Tanzania,Grumeti Air,Plan Vivo,REDD,209,PVC (tCO2e),UNIT
28 Jul 2024,2022 - 2023,The Yaeda-Eyasi Landscape REDD project,Carbon Tanzania,Passage to Africa,Plan Vivo,REDD,42,PVC (tCO2e),UNIT
28 Jul 2024,2022 - 2023,The Yaeda-Eyasi Landscape REDD project,Carbon Tanzania,Royal African Safaris,Plan Vivo,REDD,500,PVC (tCO2e),UNIT
17 Feb 2021,2018 - 2019,The Yaeda-Eyasi Landscape REDD project(old),Carbon Tanzania,Serengeti Balloon Safaris,Plan Vivo,REDD,756,PVC (tCO2e),UNIT
02 Jun 2025,2022 - 2023,The Yaeda-Eyasi Landscape REDD project,Carbon Tanzania,Askace Safaris Limited - GreenHippo Travels,Plan Vivo,REDD,32,PVC (tCO2e),UNIT
17 Feb 2021,2018 - 2019,The Yaeda-Eyasi Landscape REDD project(old),Carbon Tanzania,African Environments,Plan Vivo,REDD,157,PVC (tCO2e),UNIT
22 Nov 2024,2022 - 2023,The Yaeda-Eyasi Landscape REDD project,Carbon Tanzania,African Safari Experts,Plan Vivo,REDD,12,PVC (tCO2e),UNIT
30 Jan 2020,2017 - 2018,The Yaeda-Eyasi Landscape REDD project(old),Carbon Tanzania,Acacia Natural Resource Consultants,Plan Vivo,REDD,7,PVC (tCO2e),UNIT
30 May 2025,2023 - 2024,The Yaeda-Eyasi Landscape REDD project,Carbon Tanzania,PWC Tanzania,Plan Vivo,Forest Conservation & Avoided Deforestation,1,PVC (tCO2e),UNIT
28 Jul 2024,2022 - 2023,The Yaeda-Eyasi Landscape REDD project,Carbon Tanzania,Passage to Africa,Plan Vivo,REDD,42,PVC (tCO2e),UNIT
28 Jul 2024,2022 - 2023,The Yaeda-Eyasi Landscape REDD project,Carbon Tanzania,Royal African Safaris,Plan Vivo,REDD,500,PVC (tCO2e),UNIT
02 Jun 2025,2023 - 2024,The Yaeda-Eyasi Landscape REDD project,Carbon Tanzania,Askace Safaris Limited - GreenHippo Travels,Plan Vivo,Forest Conservation & Avoided Deforestation,92,PVC (tCO2e),UNIT
02 Jun 2025,2023 - 2024,The Yaeda-Eyasi Landscape REDD project,Carbon Tanzania,The Map's Edge,Plan Vivo,Forest Conservation & Avoided Deforestation,66,PVC (tCO2e),UNIT
28 Jul 2024,2022 - 2023,The Yaeda-Eyasi Landscape REDD project,Carbon Tanzania,Africome,Plan Vivo,REDD,975,PVC (tCO2e),UNIT
28 Jul 2024,2022 - 2023,The Yaeda-Eyasi Landscape REDD project,Carbon Tanzania,African Safari Experts,Plan Vivo,REDD,21,PVC (tCO2e),UNIT
02 Jun 2025,2023 - 2024,The Yaeda-Eyasi Landscape REDD project,Carbon Tanzania,Africa Safari Experts,Plan Vivo,Forest Conservation & Avoided Deforestation,12,PVC (tCO2e),UNIT
02 Jun 2025,2023 - 2024,The Yaeda-Eyasi Landscape REDD project,Carbon Tanzania,Afrcian Safari Experts,Plan Vivo,Forest Conservation & Avoided Deforestation,16,PVC (tCO2e),UNIT
02 Jun 2025,2023 - 2024,The Yaeda-Eyasi Landscape REDD project,Carbon Tanzania,African Safari Experts,Plan Vivo,Forest Conservation & Avoided Deforestation,23,PVC (tCO2e),UNIT
02 Jun 2025,2023 - 2024,The Yaeda-Eyasi Landscape REDD project,Carbon Tanzania,Ajabu Adventures,Plan Vivo,Forest Conservation & Avoided Deforestation,31,PVC (tCO2e),UNIT
02 Jun 2025,2023 - 2024,The Yaeda-Eyasi Landscape REDD project,Carbon Tanzania,Carbon Tanzania,Plan Vivo,Forest Conservation & Avoided Deforestation,51,PVC (tCO2e),UNIT
28 Jul 2024,2022 - 2023,The Yaeda-Eyasi Landscape REDD project,Carbon Tanzania,Carbon Tanzania,Plan Vivo,REDD,22,PVC (tCO2e),UNIT
02 Jun 2025,2023 - 2024,The Yaeda-Eyasi Landscape REDD project,Carbon Tanzania,Fair Travel Tanzania,Plan Vivo,Forest Conservation & Avoided Deforestation,154,PVC (tCO2e),UNIT
30 Jan 2020,2018 - 2019,The Yaeda-Eyasi Landscape REDD project(old),Carbon Tanzania,Carbon Tanzania,Plan Vivo,REDD,621,PVC (tCO2e),UNIT
17 Feb 2021,2018 - 2019,The Yaeda-Eyasi Landscape REDD project(old),Carbon Tanzania,Northern Air,Plan Vivo,REDD,413,PVC (tCO2e),UNIT
17 Feb 2021,2018 - 2019,The Yaeda-Eyasi Landscape REDD project(old),Carbon Tanzania,Carbon Tanzania,Plan Vivo,REDD,42,PVC (tCO2e),UNIT
21 Oct 2025,2023 - 2024,The Yaeda-Eyasi Landscape REDD project,Carbon Tanzania,Terra Carbon LLC,Plan Vivo,Forest Conservation & Avoided Deforestation,50,PVC (tCO2e),UNIT
30 Jan 2020,2013,The Yaeda-Eyasi Landscape REDD project(old),Carbon Tanzania,Katherine McAlpine,Plan Vivo,REDD,14,PVC (tCO2e),UNIT
17 Feb 2021,2019 - 2020,The Yaeda-Eyasi Landscape REDD project(old),Carbon Tanzania,Wildlife Explorer UK,Plan Vivo,REDD,132,PVC (tCO2e),UNIT
21 Mar 2024,2022 - 2023,The Yaeda-Eyasi Landscape REDD project,Carbon Tanzania,Royal African Safaris,Plan Vivo,REDD,268,PVC (tCO2e),UNIT
21 Mar 2024,2022 - 2023,The Yaeda-Eyasi Landscape REDD project,Carbon Tanzania,Passage To Africa,Plan Vivo,REDD,40,PVC (tCO2e),UNIT
18 Mar 2016,2012,The Yaeda-Eyasi Landscape REDD project(old),Carbon Tanzania,,Plan Vivo,REDD,17,PVC (tCO2e),UNIT
24 Apr 2014,2012,The Yaeda-Eyasi Landscape REDD project(old),Carbon Tanzania,,Plan Vivo,REDD,41,PVC (tCO2e),UNIT
30 Jan 2020,2012,The Yaeda-Eyasi Landscape REDD project(old),Carbon Tanzania,Naipenda Safaris,Plan Vivo,REDD,19,PVC (tCO2e),UNIT
17 Feb 2021,2019 - 2020,The Yaeda-Eyasi Landscape REDD project(old),Carbon Tanzania,Tarangire Safari Lodge,Plan Vivo,REDD,103,PVC (tCO2e),UNIT
17 Feb 2021,2019 - 2020,The Yaeda-Eyasi Landscape REDD project(old),Carbon Tanzania,The Map's Edge,Plan Vivo,REDD,88,PVC (tCO2e),UNIT
17 Feb 2021,2019 - 2020,The Yaeda-Eyasi Landscape REDD project(old),Carbon Tanzania,Grumeti Air,Plan Vivo,REDD,193,PVC (tCO2e),UNIT
22 Feb 2026,2024 - 2025,The Yaeda-Eyasi Landscape REDD project,Carbon Tanzania,Aslia Camps and Lodges,Plan Vivo,Forest Conservation & Avoided Deforestation,419,PVC (tCO2e),UNIT
30 Jan 2020,2018 - 2019,The Yaeda-Eyasi Landscape REDD project(old),Carbon Tanzania,The Map's Edge,Plan Vivo,REDD,"1,229",PVC (tCO2e),UNIT
24 Apr 2014,2012,The Yaeda-Eyasi Landscape REDD project(old),Carbon Tanzania,,Plan Vivo,REDD,41,PVC (tCO2e),UNIT
30 Jan 2020,2013,The Yaeda-Eyasi Landscape REDD project(old),Carbon Tanzania,Katherine McAlpine,Plan Vivo,REDD,14,PVC (tCO2e),UNIT
02 Jun 2025,2022 - 2023,The Yaeda-Eyasi Landscape REDD project,Carbon Tanzania,Askace Safaris Limited - GreenHippo Travels,Plan Vivo,REDD,32,PVC (tCO2e),UNIT
14 Dec 2020,2019 - 2020,The Yaeda-Eyasi Landscape REDD project(old),Carbon Tanzania,Rituals Cosmetics Enterprise,Plan Vivo,REDD,250,PVC (tCO2e),UNIT
30 Oct 2025,2024 - 2025,The Yaeda-Eyasi Landscape REDD project,Carbon Tanzania,Singita Grumeti Reserves,Plan Vivo,Forest Conservation & Avoided Deforestation,"1,053",PVC (tCO2e),UNIT
11 Apr 2024,2022 - 2023,The Yaeda-Eyasi Landscape REDD project,Carbon Tanzania,Cato Investments Ltd,Plan Vivo,REDD,42,PVC (tCO2e),UNIT
11 Apr 2024,2022 - 2023,The Yaeda-Eyasi Landscape REDD project,Carbon Tanzania,SkySafaris - Elewana Travel Ltd,Plan Vivo,REDD,237,PVC (tCO2e),UNIT
11 Apr 2024,2022 - 2023,The Yaeda-Eyasi Landscape REDD project,Carbon Tanzania,SkySafaris - Elewana Travel Ltd,Plan Vivo,REDD,283,PVC (tCO2e),UNIT
11 Apr 2024,2022 - 2023,The Yaeda-Eyasi Landscape REDD project,Carbon Tanzania,Askance Safaris Ltd GreenHippo Travels,Plan Vivo,REDD,39,PVC (tCO2e),UNIT
11 Apr 2024,2022 - 2023,The Yaeda-Eyasi Landscape REDD project,Carbon Tanzania,Africa Safari Experts,Plan Vivo,REDD,15,PVC (tCO2e),UNIT
11 Apr 2024,2022 - 2023,The Yaeda-Eyasi Landscape REDD project,Carbon Tanzania,Nature Discovery,Plan Vivo,REDD,159,PVC (tCO2e),UNIT
11 Apr 2024,2022 - 2023,The Yaeda-Eyasi Landscape REDD project,Carbon Tanzania,Carbon Tanzania,Plan Vivo,REDD,14,PVC (tCO2e),UNIT
30 Jan 2020,2018 - 2019,The Yaeda-Eyasi Landscape REDD project(old),Carbon Tanzania,Nature Discovery,Plan Vivo,REDD,71,PVC (tCO2e),UNIT
17 Feb 2021,2018 - 2019,The Yaeda-Eyasi Landscape REDD project(old),Carbon Tanzania,Carbon Tanzania,Plan Vivo,REDD,42,PVC (tCO2e),UNIT
30 Jan 2020,2012,The Yaeda-Eyasi Landscape REDD project(old),Carbon Tanzania,East African Voyage,Plan Vivo,REDD,21,PVC (tCO2e),UNIT
30 Jan 2020,2014,The Yaeda-Eyasi Landscape REDD project(old),Carbon Tanzania,Forrest 2020,Plan Vivo,REDD,7,PVC (tCO2e),UNIT
30 Jan 2020,2013,The Yaeda-Eyasi Landscape REDD project(old),Carbon Tanzania,Katherine McAlpine,Plan Vivo,REDD,14,PVC (tCO2e),UNIT
30 Jan 2020,2017 - 2018,The Yaeda-Eyasi Landscape REDD project(old),Carbon Tanzania,Acacia Natural Resource Consultants,Plan Vivo,REDD,7,PVC (tCO2e),UNIT
21 Mar 2024,2022 - 2023,The Yaeda-Eyasi Landscape REDD project,Carbon Tanzania,Royal African Safaris,Plan Vivo,REDD,268,PVC (tCO2e),UNIT
21 Mar 2024,2022 - 2023,The Yaeda-Eyasi Landscape REDD project,Carbon Tanzania,Passage To Africa,Plan Vivo,REDD,40,PVC (tCO2e),UNIT
09 Sep 2025,2023 - 2024,The Yaeda-Eyasi Landscape REDD project,Carbon Tanzania,The Map's Edge,Plan Vivo,Forest Conservation & Avoided Deforestation,199,PVC (tCO2e),UNIT
17 Feb 2021,2018 - 2019,The Yaeda-Eyasi Landscape REDD project(old),Carbon Tanzania,African Environments,Plan Vivo,REDD,157,PVC (tCO2e),UNIT
21 Oct 2025,2023 - 2024,The Yaeda-Eyasi Landscape REDD project,Carbon Tanzania,Terra Carbon LLC,Plan Vivo,Forest Conservation & Avoided Deforestation,50,PVC (tCO2e),UNIT
21 Aug 2025,2023 - 2024,The Yaeda-Eyasi Landscape REDD project,Carbon Tanzania,African Safari Experts,Plan Vivo,Forest Conservation & Avoided Deforestation,129,PVC (tCO2e),UNIT
02 Jun 2025,2023 - 2024,The Yaeda-Eyasi Landscape REDD project,Carbon Tanzania,Maliasili Initiatives,Plan Vivo,Forest Conservation & Avoided Deforestation,240,PVC (tCO2e),UNIT
02 Jun 2025,2023 - 2024,The Yaeda-Eyasi Landscape REDD project,Carbon Tanzania,Liz Claiborne Art Ortenberg Foundation,Plan Vivo,Forest Conservation & Avoided Deforestation,106,PVC (tCO2e),UNIT
02 Jun 2025,2023 - 2024,The Yaeda-Eyasi Landscape REDD project,Carbon Tanzania,Zara Tanzania Adventures,Plan Vivo,Forest Conservation & Avoided Deforestation,57,PVC (tCO2e),UNIT
02 Jun 2025,2023 - 2024,The Yaeda-Eyasi Landscape REDD project,Carbon Tanzania,The Map's Edge,Plan Vivo,Forest Conservation & Avoided Deforestation,195,PVC (tCO2e),UNIT
02 Jun 2025,2023 - 2024,The Yaeda-Eyasi Landscape REDD project,Carbon Tanzania,SkySafaris - Elewana Travel Limited,Plan Vivo,Forest Conservation & Avoided Deforestation,176,PVC (tCO2e),UNIT
30 Oct 2025,2024 - 2025,The Yaeda-Eyasi Landscape REDD project,Carbon Tanzania,Singita Grumeti Reserves,Plan Vivo,Forest Conservation & Avoided Deforestation,"1,053",PVC (tCO2e),UNIT
21 Oct 2025,2023 - 2024,The Yaeda-Eyasi Landscape REDD project,Carbon Tanzania,Terra Carbon LLC,Plan Vivo,Forest Conservation & Avoided Deforestation,50,PVC (tCO2e),UNIT
28 Jul 2024,2022 - 2023,The Yaeda-Eyasi Landscape REDD project,Carbon Tanzania,Carbon Tanzania,Plan Vivo,REDD,22,PVC (tCO2e),UNIT
28 Jul 2024,2022 - 2023,The Yaeda-Eyasi Landscape REDD project,Carbon Tanzania,Africome,Plan Vivo,REDD,975,PVC (tCO2e),UNIT
22 Nov 2024,2023 - 2024,The Yaeda-Eyasi Landscape REDD project,Carbon Tanzania,African Safari Experts,Plan Vivo,Forest Conservation & Avoided Deforestation,41,PVC (tCO2e),UNIT
11 Apr 2024,2022 - 2023,The Yaeda-Eyasi Landscape REDD project,Carbon Tanzania,Cato Investments Ltd,Plan Vivo,REDD,42,PVC (tCO2e),UNIT
28 Jul 2024,2022 - 2023,The Yaeda-Eyasi Landscape REDD project,Carbon Tanzania,African Safari Experts,Plan Vivo,REDD,21,PVC (tCO2e),UNIT
11 Apr 2024,2022 - 2023,The Yaeda-Eyasi Landscape REDD project,Carbon Tanzania,Carbon Tanzania,Plan Vivo,REDD,14,PVC (tCO2e),UNIT
21 Aug 2025,2023 - 2024,The Yaeda-Eyasi Landscape REDD project,Carbon Tanzania,African Safari Experts,Plan Vivo,Forest Conservation & Avoided Deforestation,129,PVC (tCO2e),UNIT
11 Apr 2024,2022 - 2023,The Yaeda-Eyasi Landscape REDD project,Carbon Tanzania,Nature Discovery,Plan Vivo,REDD,159,PVC (tCO2e),UNIT
11 Apr 2024,2022 - 2023,The Yaeda-Eyasi Landscape REDD project,Carbon Tanzania,SkySafaris - Elewana Travel Ltd,Plan Vivo,REDD,237,PVC (tCO2e),UNIT
11 Apr 2024,2022 - 2023,The Yaeda-Eyasi Landscape REDD project,Carbon Tanzania,Africa Safari Experts,Plan Vivo,REDD,15,PVC (tCO2e),UNIT
22 Nov 2024,2023 - 2024,The Yaeda-Eyasi Landscape REDD project,Carbon Tanzania,African Safari Experts,Plan Vivo,Forest Conservation & Avoided Deforestation,35,PVC (tCO2e),UNIT
22 Nov 2024,2022 - 2023,The Yaeda-Eyasi Landscape REDD project,Carbon Tanzania,African Safari Experts,Plan Vivo,REDD,12,PVC (tCO2e),UNIT
28 Jul 2024,2021 - 2022,The Yaeda-Eyasi Landscape REDD project,Carbon Tanzania,Carbon Tanzania,Plan Vivo,REDD,1,PVC (tCO2e),UNIT
22 Jan 2026,2023 - 2024,The Yaeda-Eyasi Landscape REDD project,Carbon Tanzania,Blue Horizons,Plan Vivo,Forest Conservation & Avoided Deforestation,36,PVC (tCO2e),UNIT
22 Jan 2026,2023 - 2024,The Yaeda-Eyasi Landscape REDD project,Carbon Tanzania,Passage to Africa,Plan Vivo,Forest Conservation & Avoided Deforestation,263,PVC (tCO2e),UNIT
22 Jan 2026,2023 - 2024,The Yaeda-Eyasi Landscape REDD project,Carbon Tanzania,Carbon Tanzania,Plan Vivo,Forest Conservation & Avoided Deforestation,47,PVC (tCO2e),UNIT
22 Jan 2026,2023 - 2024,The Yaeda-Eyasi Landscape REDD project,Carbon Tanzania,The Map's Edge,Plan Vivo,Forest Conservation & Avoided Deforestation,222,PVC (tCO2e),UNIT
22 Jan 2026,2024 - 2025,The Yaeda-Eyasi Landscape REDD project,Carbon Tanzania,The Map's Edge,Plan Vivo,Forest Conservation & Avoided Deforestation,425,PVC (tCO2e),UNIT
28 Jul 2024,2021 - 2022,The Yaeda-Eyasi Landscape REDD project,Carbon Tanzania,Carbon Tanzania,Plan Vivo,REDD,1,PVC (tCO2e),UNIT
21 Aug 2024,2023 - 2024,The Yaeda-Eyasi Landscape REDD project,Carbon Tanzania,Sustainable Travel International,Plan Vivo,Forest Conservation & Avoided Deforestation,250,PVC (tCO2e),UNIT
09 Oct 2018,2017 - 2018,The Yaeda-Eyasi Landscape REDD project(old),Carbon Tanzania,Hidde Bakhuizen,Plan Vivo,REDD,663,PVC (tCO2e),UNIT
15 Sep 2025,2024 - 2025,The Yaeda-Eyasi Landscape REDD project,Carbon Tanzania,The Map's Edge,Plan Vivo,Forest Conservation & Avoided Deforestation,146,PVC (tCO2e),UNIT
15 Sep 2025,2023 - 2024,The Yaeda-Eyasi Landscape REDD project,Carbon Tanzania,"SkySafaris - Elewana Travel Limited, Kenya",Plan Vivo,Forest Conservation & Avoided Deforestation,207,PVC (tCO2e),UNIT
15 Sep 2025,2023 - 2024,The Yaeda-Eyasi Landscape REDD project,Carbon Tanzania,Kilimanjaro Experts,Plan Vivo,Forest Conservation & Avoided Deforestation,47,PVC (tCO2e),UNIT
15 Sep 2025,2023 - 2024,The Yaeda-Eyasi Landscape REDD project,Carbon Tanzania,Carbon Tanzania,Plan Vivo,Forest Conservation & Avoided Deforestation,55,PVC (tCO2e),UNIT
09 Sep 2025,2023 - 2024,The Yaeda-Eyasi Landscape REDD project,Carbon Tanzania,The Map's Edge,Plan Vivo,Forest Conservation & Avoided Deforestation,199,PVC (tCO2e),UNIT
07 Jun 2012,2010,Sofala Community Carbon Project (formerly the N'hambita Community Carbon Project),CC Denmark,,Plan Vivo,Forest,"1,000",PVC (tCO2e),UNIT
20 Nov 2013,2010,Sofala Community Carbon Project (formerly the N'hambita Community Carbon Project),CC Denmark,,Plan Vivo,Forest,"28,000",PVC (tCO2e),UNIT
23 Apr 2025,2022,gula gula food forest program,CEEZER,"Siemens Ltd, Binh Duong Branch No.02, Street 10, VSIP 1, Thuan An, Binh Duong, Viet Nam",Plan Vivo,Afforestation / Reforestation,4,PVC (tCO2e),UNIT
25 Apr 2024,2022,gula gula food forest program,CEEZER,Siemens AG,Plan Vivo,Afforestation / Reforestation,36,PVC (tCO2e),UNIT
20 Dec 2024,2022,gula gula food forest program,CEEZER,Siemens AG,Plan Vivo,Afforestation / Reforestation,280,PVC (tCO2e),UNIT
10 Jun 2019,2017,Trees for Global Benefits,Clarkson University,Clarkson University,Plan Vivo,Afforestation / Reforestation,124,PVC (tCO2e),UNIT
10 Jun 2019,2017,Trees for Global Benefits,Clarkson University,Clarkson University,Plan Vivo,Afforestation / Reforestation,13,PVC (tCO2e),UNIT
01 Apr 2012,2010,The CommuniTree Carbon Program (formerly Limay Community Carbon Project),Clearway Sustainability Resources Ltd,,Plan Vivo,Forest,24,PVC (tCO2e),UNIT
01 Apr 2012,2010,The CommuniTree Carbon Program (formerly Limay Community Carbon Project),Clearway Sustainability Resources Ltd,,Plan Vivo,Forest,1,PVC (tCO2e),UNIT
24 Apr 2012,2010,ArBolivia,Clearway Sustainability Resources Ltd,,Plan Vivo,Afforestation / Reforestation,100,PVC (tCO2e),UNIT
01 Apr 2012,2010,The CommuniTree Carbon Program (formerly Limay Community Carbon Project),Clearway Sustainability Resources Ltd,,Plan Vivo,Forest,9,PVC (tCO2e),UNIT
01 Apr 2012,2010,The CommuniTree Carbon Program (formerly Limay Community Carbon Project),Clearway Sustainability Resources Ltd,,Plan Vivo,Forest,1,PVC (tCO2e),UNIT
01 Apr 2012,2010,The CommuniTree Carbon Program (formerly Limay Community Carbon Project),Clearway Sustainability Resources Ltd,,Plan Vivo,Forest,39,PVC (tCO2e),UNIT
01 Apr 2012,2010,The CommuniTree Carbon Program (formerly Limay Community Carbon Project),Clearway Sustainability Resources Ltd,,Plan Vivo,Forest,21,PVC (tCO2e),UNIT
24 Apr 2012,2008,Trees for Global Benefits,Clearway Sustainability Resources Ltd,,Plan Vivo,Afforestation / Reforestation,100,PVC (tCO2e),UNIT
24 Apr 2012,2008,Scolel té Natural Resources Management and Carbon Sequestration Project (Scolel té Natural Resources Management and Carbon Sequestration Project),Clearway Sustainability Resources Ltd,,Plan Vivo,Forest,100,PVC (tCO2e),UNIT
26 Apr 2012,2008,Trees for Global Benefits,ClearWorld Climate Action HK Ltd,,Plan Vivo,Afforestation / Reforestation,230,PVC (tCO2e),UNIT
30 Sep 2011,2008,Trees for Global Benefits,ClearWorld Climate Action HK Ltd,,Plan Vivo,Afforestation / Reforestation,1,PVC (tCO2e),UNIT
24 Jun 2012,2008,Trees for Global Benefits,ClearWorld Climate Action HK Ltd,,Plan Vivo,Afforestation / Reforestation,326,PVC (tCO2e),UNIT
26 Apr 2012,2008,Trees for Global Benefits,ClearWorld Climate Action HK Ltd,,Plan Vivo,Afforestation / Reforestation,230,PVC (tCO2e),UNIT
16 Feb 2011,2010,Sofala Community Carbon Project (formerly the N'hambita Community Carbon Project),ClearWorld Climate Action HK Ltd,,Plan Vivo,Forest,12,PVC (tCO2e),UNIT
16 Feb 2011,2010,Sofala Community Carbon Project (formerly the N'hambita Community Carbon Project),ClearWorld Climate Action HK Ltd,,Plan Vivo,Forest,3,PVC (tCO2e),UNIT
16 Feb 2011,2010,Sofala Community Carbon Project (formerly the N'hambita Community Carbon Project),ClearWorld Climate Action HK Ltd,,Plan Vivo,Forest,1,PVC (tCO2e),UNIT
09 Aug 2010,2008,Trees for Global Benefits,ClearWorld Climate Action HK Ltd,,Plan Vivo,Afforestation / Reforestation,15,PVC (tCO2e),UNIT
09 Aug 2010,2008,Scolel té Natural Resources Management and Carbon Sequestration Project (Scolel té Natural Resources Management and Carbon Sequestration Project),ClearWorld Climate Action HK Ltd,,Plan Vivo,Forest,3,PVC (tCO2e),UNIT
11 Feb 2022,2019 - 2020,The CommuniTree Carbon Program (formerly Limay Community Carbon Project),CLevel,STARLING BANK,Plan Vivo,Forest,143,PVC (tCO2e),UNIT
28 Jan 2022,2019 - 2020,The CommuniTree Carbon Program (formerly Limay Community Carbon Project),CLevel,Ground Control Limited,Plan Vivo,Forest,"1,500",PVC (tCO2e),UNIT
23 Jan 2013,2010 - 2011,The CommuniTree Carbon Program (formerly Limay Community Carbon Project),CLevel,,Plan Vivo,Forest,580,PVC (tCO2e),UNIT
02 Jul 2025,2022,Trees for Global Benefits,CLevel,Zurich Insurance Company Ltd,Plan Vivo,Afforestation / Reforestation,"2,965",PVC (tCO2e),UNIT
02 Jul 2025,2022,Trees for Global Benefits,CLevel,Zurich Insurance Company Ltd,Plan Vivo,Afforestation / Reforestation,301,PVC (tCO2e),UNIT
23 Jan 2013,2010,The CommuniTree Carbon Program (formerly Limay Community Carbon Project),CLevel,,Plan Vivo,Forest,431,PVC (tCO2e),UNIT
16 May 2025,2022,Scolel té Natural Resources Management and Carbon Sequestration Project (Scolel té Natural Resources Management and Carbon Sequestration Project),CLevel,FIA Foundation,Plan Vivo,Afforestation / Reforestation,791,PVC (tCO2e),UNIT
01 Aug 2019,2012,Khasi Hills Community REDD+ Project: Restoring and Conserving Meghalaya's Hill ForestsThrough Community Action,CLevel,Dav Bamrah,Plan Vivo,REDD,1,PVC (tCO2e),UNIT
19 Oct 2022,2021,The CommuniTree Carbon Program (formerly Limay Community Carbon Project),CLevel,Robinhood Markets Inc,Plan Vivo,Forest,"1,000",PVC (tCO2e),UNIT
19 Oct 2022,2021,The CommuniTree Carbon Program (formerly Limay Community Carbon Project),CLevel,Kainos Software Limited,Plan Vivo,Forest,140,PVC (tCO2e),UNIT
19 Oct 2022,2021,The CommuniTree Carbon Program (formerly Limay Community Carbon Project),CLevel,"Eventbrite, Inc",Plan Vivo,Forest,82,PVC (tCO2e),UNIT
12 Jan 2023,2021 - 2022,The Yaeda-Eyasi Landscape REDD project,CLevel,Grosvenor Property UK,Plan Vivo,REDD,682,PVC (tCO2e),UNIT
16 May 2025,2022,Scolel té Natural Resources Management and Carbon Sequestration Project (Scolel té Natural Resources Management and Carbon Sequestration Project),CLevel,FIA Foundation,Plan Vivo,Afforestation / Reforestation,791,PVC (tCO2e),UNIT
23 Jan 2013,2010,The CommuniTree Carbon Program (formerly Limay Community Carbon Project),CLevel,,Plan Vivo,Forest,431,PVC (tCO2e),UNIT
12 Jun 2020,2012,Khasi Hills Community REDD+ Project: Restoring and Conserving Meghalaya's Hill ForestsThrough Community Action,CLevel,Ecometrica,Plan Vivo,REDD,36,PVC (tCO2e),UNIT
04 Oct 2013,2010,Scolel té Natural Resources Management and Carbon Sequestration Project (Scolel té Natural Resources Management and Carbon Sequestration Project),CLevel,,Plan Vivo,Afforestation / Reforestation,1,PVC (tCO2e),UNIT
17 Mar 2026,2023,The CommuniTree Carbon Program (formerly Limay Community Carbon Project),CLevel,Kimerafilm srl,Plan Vivo,Forest,30,PVC (tCO2e),UNIT
07 Aug 2013,2010,The CommuniTree Carbon Program (formerly Limay Community Carbon Project),CLevel,,Plan Vivo,Forest,90,PVC (tCO2e),UNIT
24 Feb 2014,2010 - 2011,The CommuniTree Carbon Program (formerly Limay Community Carbon Project),CLevel,,Plan Vivo,Forest,521,PVC (tCO2e),UNIT
04 Jun 2021,2019 - 2020,The CommuniTree Carbon Program (formerly Limay Community Carbon Project),CLevel,Springer Nature Group,Plan Vivo,Forest,"10,000",PVC (tCO2e),UNIT
12 Jun 2020,2015 - 2016,"Pasture Conservation and Climate Action , Mongolia",CLevel,Wildstride,Plan Vivo,Agriculture land management,2,PVC (tCO2e),UNIT
12 Jun 2020,2015,The CommuniTree Carbon Program (formerly Limay Community Carbon Project),CLevel,Bright Local,Plan Vivo,Forest,84,PVC (tCO2e),UNIT
12 Jun 2020,2013,The Yaeda-Eyasi Landscape REDD project(old),CLevel,Electric Square,Plan Vivo,REDD,62,PVC (tCO2e),UNIT
27 Jul 2015,2012,The CommuniTree Carbon Program (formerly Limay Community Carbon Project),CLevel,,Plan Vivo,Forest,535,PVC (tCO2e),UNIT
27 Jul 2015,2012,The CommuniTree Carbon Program (formerly Limay Community Carbon Project),CLevel,,Plan Vivo,Forest,110,PVC (tCO2e),UNIT
27 Jul 2015,2012,The CommuniTree Carbon Program (formerly Limay Community Carbon Project),CLevel,,Plan Vivo,Forest,126,PVC (tCO2e),UNIT
27 Jul 2015,2012,The CommuniTree Carbon Program (formerly Limay Community Carbon Project),CLevel,,Plan Vivo,Forest,78,PVC (tCO2e),UNIT
27 Jul 2015,2013,The CommuniTree Carbon Program (formerly Limay Community Carbon Project),CLevel,,Plan Vivo,Forest,60,PVC (tCO2e),UNIT
27 Jul 2015,2013,The CommuniTree Carbon Program (formerly Limay Community Carbon Project),CLevel,,Plan Vivo,Forest,465,PVC (tCO2e),UNIT
04 Jun 2021,2015,The CommuniTree Carbon Program (formerly Limay Community Carbon Project),CLevel,Bridge Partnership,Plan Vivo,Forest,426,PVC (tCO2e),UNIT
12 Jun 2020,2013,The Yaeda-Eyasi Landscape REDD project(old),CLevel,Kloeber,Plan Vivo,REDD,300,PVC (tCO2e),UNIT
04 Jun 2021,2016,The CommuniTree Carbon Program (formerly Limay Community Carbon Project),CLevel,Bridge Partnership,Plan Vivo,Forest,216,PVC (tCO2e),UNIT
12 Jun 2020,2014,The Yaeda-Eyasi Landscape REDD project(old),CLevel,Kloeber,Plan Vivo,REDD,150,PVC (tCO2e),UNIT
04 Jun 2021,2016,Scolel té Natural Resources Management and Carbon Sequestration Project (Scolel té Natural Resources Management and Carbon Sequestration Project),CLevel,Source Sustainable,Plan Vivo,Afforestation / Reforestation,28,PVC (tCO2e),UNIT
11 Sep 2018,2016,Scolel té Natural Resources Management and Carbon Sequestration Project (Scolel té Natural Resources Management and Carbon Sequestration Project),CLevel,Source Sustainable Supply Chains,Plan Vivo,Afforestation / Reforestation,8,PVC (tCO2e),UNIT
12 Jun 2020,2015 - 2016,"Pasture Conservation and Climate Action , Mongolia",CLevel,Panoramic Journeys,Plan Vivo,Agriculture land management,140,PVC (tCO2e),UNIT
12 Jun 2020,2014,The Yaeda-Eyasi Landscape REDD project(old),CLevel,Kloeber,Plan Vivo,REDD,100,PVC (tCO2e),UNIT
19 Oct 2022,2021,The CommuniTree Carbon Program (formerly Limay Community Carbon Project),CLevel,Kainos Software Limited,Plan Vivo,Forest,140,PVC (tCO2e),UNIT
19 Oct 2022,2021,The CommuniTree Carbon Program (formerly Limay Community Carbon Project),CLevel,"Eventbrite, Inc",Plan Vivo,Forest,82,PVC (tCO2e),UNIT
15 Jun 2017,2016,The CommuniTree Carbon Program (formerly Limay Community Carbon Project),CLevel,,Plan Vivo,Forest,200,PVC (tCO2e),UNIT
15 Jun 2017,2015,Khasi Hills Community REDD+ Project: Restoring and Conserving Meghalaya's Hill ForestsThrough Community Action,CLevel,,Plan Vivo,REDD,200,PVC (tCO2e),UNIT
09 May 2022,2021,The CommuniTree Carbon Program (formerly Limay Community Carbon Project),CLevel,Springer Nature Group,Plan Vivo,Forest,"10,000",PVC (tCO2e),UNIT
02 Jul 2025,2022,Trees for Global Benefits,CLevel,Zurich Insurance Company Ltd,Plan Vivo,Afforestation / Reforestation,"2,965",PVC (tCO2e),UNIT
02 Jul 2025,2022,Trees for Global Benefits,CLevel,Zurich Insurance Company Ltd,Plan Vivo,Afforestation / Reforestation,301,PVC (tCO2e),UNIT
12 Jun 2020,2015,The CommuniTree Carbon Program (formerly Limay Community Carbon Project),CLevel,SCPOD,Plan Vivo,Forest,20,PVC (tCO2e),UNIT
12 Jun 2020,2015,The CommuniTree Carbon Program (formerly Limay Community Carbon Project),CLevel,Eyenetwork,Plan Vivo,Forest,70,PVC (tCO2e),UNIT
12 Jun 2020,2016 - 2017,"Pasture Conservation and Climate Action , Mongolia",CLevel,Wildstride,Plan Vivo,Agriculture land management,23,PVC (tCO2e),UNIT
12 Jun 2020,2015,The CommuniTree Carbon Program (formerly Limay Community Carbon Project),CLevel,Sawdays Canopy & Stars,Plan Vivo,Forest,54,PVC (tCO2e),UNIT
12 Jun 2020,2015,The CommuniTree Carbon Program (formerly Limay Community Carbon Project),CLevel,Protocol,Plan Vivo,Forest,20,PVC (tCO2e),UNIT
12 Jun 2020,2015,The CommuniTree Carbon Program (formerly Limay Community Carbon Project),CLevel,Lighting Designs,Plan Vivo,Forest,25,PVC (tCO2e),UNIT
12 Jun 2020,2015 - 2016,"Pasture Conservation and Climate Action , Mongolia",CLevel,Panoramic Journeys,Plan Vivo,Agriculture land management,8,PVC (tCO2e),UNIT
12 Jun 2020,2016,Scolel té Natural Resources Management and Carbon Sequestration Project (Scolel té Natural Resources Management and Carbon Sequestration Project),CLevel,Source Sustainable,Plan Vivo,Afforestation / Reforestation,20,PVC (tCO2e),UNIT
12 Jun 2020,2013,The CommuniTree Carbon Program (formerly Limay Community Carbon Project),CLevel,Bridge Partnership,Plan Vivo,Forest,236,PVC (tCO2e),UNIT
23 Jan 2013,2010 - 2011,The CommuniTree Carbon Program (formerly Limay Community Carbon Project),CLevel,,Plan Vivo,Forest,580,PVC (tCO2e),UNIT
23 Jan 2013,2010,The CommuniTree Carbon Program (formerly Limay Community Carbon Project),CLevel,,Plan Vivo,Forest,431,PVC (tCO2e),UNIT
12 Jun 2020,2016 - 2017,"Pasture Conservation and Climate Action , Mongolia",CLevel,Wildstride,Plan Vivo,Agriculture land management,23,PVC (tCO2e),UNIT
04 Jun 2021,2015,The CommuniTree Carbon Program (formerly Limay Community Carbon Project),CLevel,Bridge Partnership,Plan Vivo,Forest,426,PVC (tCO2e),UNIT
24 Feb 2014,2010 - 2011,The CommuniTree Carbon Program (formerly Limay Community Carbon Project),CLevel,,Plan Vivo,Forest,521,PVC (tCO2e),UNIT
27 Jul 2015,2013,The CommuniTree Carbon Program (formerly Limay Community Carbon Project),CLevel,,Plan Vivo,Forest,465,PVC (tCO2e),UNIT
27 Jul 2015,2013,The CommuniTree Carbon Program (formerly Limay Community Carbon Project),CLevel,,Plan Vivo,Forest,60,PVC (tCO2e),UNIT
27 Jul 2015,2012,The CommuniTree Carbon Program (formerly Limay Community Carbon Project),CLevel,,Plan Vivo,Forest,78,PVC (tCO2e),UNIT
17 May 2024,2021 - 2022,The Yaeda-Eyasi Landscape REDD project,CLevel,Standing CT,Plan Vivo,REDD,27,PVC (tCO2e),UNIT
01 Sep 2021,2016 - 2017,"Pasture Conservation and Climate Action , Mongolia",CLevel,BeZero,Plan Vivo,Agriculture land management,15,PVC (tCO2e),UNIT
17 May 2024,2022,The CommuniTree Carbon Program (formerly Limay Community Carbon Project),CLevel,First Wealth ltd,Plan Vivo,Forest,300,PVC (tCO2e),UNIT
17 May 2024,2022,The CommuniTree Carbon Program (formerly Limay Community Carbon Project),CLevel,Springer Nature Group,Plan Vivo,Forest,158,PVC (tCO2e),UNIT
17 May 2024,2022,The CommuniTree Carbon Program (formerly Limay Community Carbon Project),CLevel,Bridge Partnership,Plan Vivo,Forest,255,PVC (tCO2e),UNIT
17 May 2024,2020 - 2021,"Pasture Conservation and Climate Action , Mongolia",CLevel,Brora,Plan Vivo,Agriculture land management,350,PVC (tCO2e),UNIT
17 May 2024,2020 - 2021,"Pasture Conservation and Climate Action , Mongolia",CLevel,Lighting Design Studio,Plan Vivo,Agriculture land management,8,PVC (tCO2e),UNIT
17 May 2024,2022,Khasi Hills Community REDD+ Project: Restoring and Conserving Meghalaya's Hill ForestsThrough Community Action,CLevel,Hunt and Palmer,Plan Vivo,REDD,250,PVC (tCO2e),UNIT
17 May 2024,2021,The CommuniTree Carbon Program (formerly Limay Community Carbon Project),CLevel,Martin Currie Investment Management ltd,Plan Vivo,Forest,207,PVC (tCO2e),UNIT
17 May 2024,2021,The CommuniTree Carbon Program (formerly Limay Community Carbon Project),CLevel,Electric Square,Plan Vivo,Forest,31,PVC (tCO2e),UNIT
17 May 2024,2021,The CommuniTree Carbon Program (formerly Limay Community Carbon Project),CLevel,Orbis Advisory,Plan Vivo,Forest,13,PVC (tCO2e),UNIT
17 May 2024,2021 - 2022,The Yaeda-Eyasi Landscape REDD project,CLevel,Standing CT,Plan Vivo,REDD,27,PVC (tCO2e),UNIT
17 May 2024,2021,The CommuniTree Carbon Program (formerly Limay Community Carbon Project),CLevel,Standing CT,Plan Vivo,Forest,27,PVC (tCO2e),UNIT
17 May 2024,2022 - 2023,The Yaeda-Eyasi Landscape REDD project,CLevel,Numatic International Ltd,Plan Vivo,REDD,"4,000",PVC (tCO2e),UNIT
27 Jul 2015,2012,The CommuniTree Carbon Program (formerly Limay Community Carbon Project),CLevel,,Plan Vivo,Forest,535,PVC (tCO2e),UNIT
27 Jul 2015,2012,The CommuniTree Carbon Program (formerly Limay Community Carbon Project),CLevel,,Plan Vivo,Forest,110,PVC (tCO2e),UNIT
27 Jul 2015,2012,The CommuniTree Carbon Program (formerly Limay Community Carbon Project),CLevel,,Plan Vivo,Forest,126,PVC (tCO2e),UNIT
27 Jul 2015,2012,The CommuniTree Carbon Program (formerly Limay Community Carbon Project),CLevel,,Plan Vivo,Forest,78,PVC (tCO2e),UNIT
27 Jul 2015,2013,The CommuniTree Carbon Program (formerly Limay Community Carbon Project),CLevel,,Plan Vivo,Forest,60,PVC (tCO2e),UNIT
27 Jul 2015,2013,The CommuniTree Carbon Program (formerly Limay Community Carbon Project),CLevel,,Plan Vivo,Forest,465,PVC (tCO2e),UNIT
04 Jun 2021,2015,The CommuniTree Carbon Program (formerly Limay Community Carbon Project),CLevel,Bridge Partnership,Plan Vivo,Forest,426,PVC (tCO2e),UNIT
17 May 2024,2022,The CommuniTree Carbon Program (formerly Limay Community Carbon Project),CLevel,First Wealth ltd,Plan Vivo,Forest,300,PVC (tCO2e),UNIT
17 May 2024,2022,The CommuniTree Carbon Program (formerly Limay Community Carbon Project),CLevel,Numatic International Ltd,Plan Vivo,Forest,81,PVC (tCO2e),UNIT
24 Feb 2014,2013,The CommuniTree Carbon Program (formerly Limay Community Carbon Project),CLevel,,Plan Vivo,Forest,488,PVC (tCO2e),UNIT
17 May 2024,2022 - 2023,The Yaeda-Eyasi Landscape REDD project,CLevel,Hosking Partners,Plan Vivo,REDD,100,PVC (tCO2e),UNIT
17 May 2024,2022,The CommuniTree Carbon Program (formerly Limay Community Carbon Project),CLevel,iGreen Gadgets S.r.l.,Plan Vivo,Forest,20,PVC (tCO2e),UNIT
17 May 2024,2022,The CommuniTree Carbon Program (formerly Limay Community Carbon Project),CLevel,Rayburn Tours Ltd,Plan Vivo,Forest,65,PVC (tCO2e),UNIT
17 May 2024,2022,The CommuniTree Carbon Program (formerly Limay Community Carbon Project),CLevel,Hunt and Palmer,Plan Vivo,Forest,30,PVC (tCO2e),UNIT
17 May 2024,2022,The CommuniTree Carbon Program (formerly Limay Community Carbon Project),CLevel,Palladium International Limited,Plan Vivo,Forest,175,PVC (tCO2e),UNIT
17 May 2024,2022,The CommuniTree Carbon Program (formerly Limay Community Carbon Project),CLevel,Lighting Design Studio,Plan Vivo,Forest,4,PVC (tCO2e),UNIT
17 May 2024,2023,The CommuniTree Carbon Program (formerly Limay Community Carbon Project),CLevel,Pura Aventura,Plan Vivo,Forest,"1,518",PVC (tCO2e),UNIT
17 May 2024,2023,The CommuniTree Carbon Program (formerly Limay Community Carbon Project),CLevel,Martin Currie Investment Management Ltd,Plan Vivo,Forest,491,PVC (tCO2e),UNIT
04 Jun 2021,2016,The CommuniTree Carbon Program (formerly Limay Community Carbon Project),CLevel,Bridge Partnership,Plan Vivo,Forest,216,PVC (tCO2e),UNIT
12 Jun 2020,2014,The CommuniTree Carbon Program (formerly Limay Community Carbon Project),CLevel,Bridge Partnership,Plan Vivo,Forest,253,PVC (tCO2e),UNIT
12 Jan 2023,2021 - 2022,The Yaeda-Eyasi Landscape REDD project,CLevel,Grosvenor Property UK,Plan Vivo,REDD,451,PVC (tCO2e),UNIT
12 Jan 2023,2021 - 2022,The Yaeda-Eyasi Landscape REDD project,CLevel,Grosvenor Property UK,Plan Vivo,REDD,449,PVC (tCO2e),UNIT
21 Mar 2025,2024,The CommuniTree Carbon Program (formerly Limay Community Carbon Project),CLevel,"Springer Nature AG & Co. KGaA, known as Springer Nature",Plan Vivo,Forest,"20,000",PVC (tCO2e),UNIT
25 Feb 2025,2022,Scolel té Natural Resources Management and Carbon Sequestration Project (Scolel té Natural Resources Management and Carbon Sequestration Project),CLevel,Fidelis Insurance Group,Plan Vivo,Afforestation / Reforestation,"1,000",PVC (tCO2e),UNIT
15 Jun 2017,2016,The CommuniTree Carbon Program (formerly Limay Community Carbon Project),CLevel,,Plan Vivo,Forest,200,PVC (tCO2e),UNIT
04 Jun 2021,2019 - 2020,The CommuniTree Carbon Program (formerly Limay Community Carbon Project),CLevel,First Wealth,Plan Vivo,Forest,122,PVC (tCO2e),UNIT
04 Jun 2021,2015,The CommuniTree Carbon Program (formerly Limay Community Carbon Project),CLevel,Cazenove + Loyyd,Plan Vivo,Forest,120,PVC (tCO2e),UNIT
15 Jun 2017,2015,Khasi Hills Community REDD+ Project: Restoring and Conserving Meghalaya's Hill ForestsThrough Community Action,CLevel,,Plan Vivo,REDD,200,PVC (tCO2e),UNIT
04 Jun 2021,2019 - 2020,The CommuniTree Carbon Program (formerly Limay Community Carbon Project),CLevel,Springer Nature Group,Plan Vivo,Forest,"10,000",PVC (tCO2e),UNIT
25 Feb 2026,2024 - 2025,EthioTrees: Ecosystem restoration and agroforestry by landless and smallholder farmers in Tigray (North Ethiopia),"Climate Impact Partners, LLC",Korn Ferry,Plan Vivo,Forest Restoration,550,PVC (tCO2e),UNIT
13 Sep 2024,2016,Babatana Rainforest Conservation Project (Sirebe),"Climate Impact Partners, LLC",John Menzies Ltd,Plan Vivo,Improved forest management,250,PVC (tCO2e),UNIT
27 Dec 2024,2022,The CommuniTree Carbon Program (formerly Limay Community Carbon Project),"Climate Impact Partners, LLC",Mondrian Investment Partners Ltd,Plan Vivo,Forest,"2,738",PVC (tCO2e),UNIT
10 Sep 2025,2022,The CommuniTree Carbon Program (formerly Limay Community Carbon Project),"Climate Impact Partners, LLC",Mondrian Investment Partners Limited,Plan Vivo,Forest,934,PVC (tCO2e),UNIT
16 Dec 2025,2024 - 2025,EthioTrees: Ecosystem restoration and agroforestry by landless and smallholder farmers in Tigray (North Ethiopia),Climate Lab,bematrix,Plan Vivo,Forest Restoration,118,PVC (tCO2e),UNIT
20 Nov 2023,2022 - 2023,EthioTrees: Ecosystem restoration and agroforestry by landless and smallholder farmers in Tigray (North Ethiopia),Climate Lab,Davines Group,Plan Vivo,Forest Restoration,109,PVC (tCO2e),UNIT
16 Dec 2025,2024 - 2025,EthioTrees: Ecosystem restoration and agroforestry by landless and smallholder farmers in Tigray (North Ethiopia),Climate Lab,Trees for All Foundation,Plan Vivo,Forest Restoration,"20,000",PVC (tCO2e),UNIT
20 Nov 2023,2022 - 2023,EthioTrees: Ecosystem restoration and agroforestry by landless and smallholder farmers in Tigray (North Ethiopia),Climate Lab,Davines Group,Plan Vivo,Forest Restoration,"1,440",PVC (tCO2e),UNIT
20 Nov 2023,2022 - 2023,EthioTrees: Ecosystem restoration and agroforestry by landless and smallholder farmers in Tigray (North Ethiopia),Climate Lab,Davines Group,Plan Vivo,Forest Restoration,"1,440",PVC (tCO2e),UNIT
20 Nov 2023,2022 - 2023,EthioTrees: Ecosystem restoration and agroforestry by landless and smallholder farmers in Tigray (North Ethiopia),Climate Lab,Davines Group,Plan Vivo,Forest Restoration,109,PVC (tCO2e),UNIT
26 May 2021,2020 - 2021,EthioTrees: Ecosystem restoration and agroforestry by landless and smallholder farmers in Tigray (North Ethiopia),Climate Lab,Davines S.p.A.,Plan Vivo,Forest Restoration,"1,488",PVC (tCO2e),UNIT
20 May 2021,2018 - 2019,EthioTrees: Ecosystem restoration and agroforestry by landless and smallholder farmers in Tigray (North Ethiopia),Climate Lab,Davines S.p.A.,Plan Vivo,Forest Restoration,204,PVC (tCO2e),UNIT
20 May 2021,2018 - 2019,EthioTrees: Ecosystem restoration and agroforestry by landless and smallholder farmers in Tigray (North Ethiopia),Climate Lab,Davines S.p.A.,Plan Vivo,Forest Restoration,80,PVC (tCO2e),UNIT
20 May 2021,2018 - 2019,EthioTrees: Ecosystem restoration and agroforestry by landless and smallholder farmers in Tigray (North Ethiopia),Climate Lab,Davines S.p.A.,Plan Vivo,Forest Restoration,14,PVC (tCO2e),UNIT
20 May 2021,2018 - 2019,EthioTrees: Ecosystem restoration and agroforestry by landless and smallholder farmers in Tigray (North Ethiopia),Climate Lab,Davines S.p.A.,Plan Vivo,Forest Restoration,107,PVC (tCO2e),UNIT
20 May 2021,2018 - 2019,EthioTrees: Ecosystem restoration and agroforestry by landless and smallholder farmers in Tigray (North Ethiopia),Climate Lab,Davines S.p.A.,Plan Vivo,Forest Restoration,30,PVC (tCO2e),UNIT
20 May 2021,2018 - 2019,EthioTrees: Ecosystem restoration and agroforestry by landless and smallholder farmers in Tigray (North Ethiopia),Climate Lab,Davines S.p.A.,Plan Vivo,Forest Restoration,31,PVC (tCO2e),UNIT
20 May 2021,2019 - 2020,EthioTrees: Ecosystem restoration and agroforestry by landless and smallholder farmers in Tigray (North Ethiopia),Climate Lab,Davines S.p.A.,Plan Vivo,Forest Restoration,"3,116",PVC (tCO2e),UNIT
20 May 2021,2018 - 2019,EthioTrees: Ecosystem restoration and agroforestry by landless and smallholder farmers in Tigray (North Ethiopia),Climate Lab,Davines S.p.A.,Plan Vivo,Forest Restoration,65,PVC (tCO2e),UNIT
20 May 2021,2020 - 2021,EthioTrees: Ecosystem restoration and agroforestry by landless and smallholder farmers in Tigray (North Ethiopia),Climate Lab,Davines S.p.A.,Plan Vivo,Forest Restoration,"3,775",PVC (tCO2e),UNIT
26 May 2021,2018 - 2019,EthioTrees: Ecosystem restoration and agroforestry by landless and smallholder farmers in Tigray (North Ethiopia),Climate Lab,Davines S.p.A.,Plan Vivo,Forest Restoration,58,PVC (tCO2e),UNIT
26 May 2021,2018 - 2019,EthioTrees: Ecosystem restoration and agroforestry by landless and smallholder farmers in Tigray (North Ethiopia),Climate Lab,Davines S.p.A.,Plan Vivo,Forest Restoration,25,PVC (tCO2e),UNIT
16 Dec 2025,2024 - 2025,EthioTrees: Ecosystem restoration and agroforestry by landless and smallholder farmers in Tigray (North Ethiopia),Climate Lab,Trees for All Foundation,Plan Vivo,Forest Restoration,"20,000",PVC (tCO2e),UNIT
26 May 2021,2018 - 2019,EthioTrees: Ecosystem restoration and agroforestry by landless and smallholder farmers in Tigray (North Ethiopia),Climate Lab,Davines S.p.A.,Plan Vivo,Forest Restoration,58,PVC (tCO2e),UNIT
26 May 2021,2018 - 2019,EthioTrees: Ecosystem restoration and agroforestry by landless and smallholder farmers in Tigray (North Ethiopia),Climate Lab,Davines S.p.A.,Plan Vivo,Forest Restoration,25,PVC (tCO2e),UNIT
26 May 2021,2018 - 2019,EthioTrees: Ecosystem restoration and agroforestry by landless and smallholder farmers in Tigray (North Ethiopia),Climate Lab,Davines S.p.A.,Plan Vivo,Forest Restoration,30,PVC (tCO2e),UNIT
26 May 2021,2018 - 2019,EthioTrees: Ecosystem restoration and agroforestry by landless and smallholder farmers in Tigray (North Ethiopia),Climate Lab,Davines S.p.A.,Plan Vivo,Forest Restoration,10,PVC (tCO2e),UNIT
26 May 2021,2018 - 2019,EthioTrees: Ecosystem restoration and agroforestry by landless and smallholder farmers in Tigray (North Ethiopia),Climate Lab,Davines S.p.A.,Plan Vivo,Forest Restoration,63,PVC (tCO2e),UNIT
26 May 2021,2018 - 2019,EthioTrees: Ecosystem restoration and agroforestry by landless and smallholder farmers in Tigray (North Ethiopia),Climate Lab,Davines S.p.A.,Plan Vivo,Forest Restoration,9,PVC (tCO2e),UNIT
26 May 2021,2018 - 2019,EthioTrees: Ecosystem restoration and agroforestry by landless and smallholder farmers in Tigray (North Ethiopia),Climate Lab,Davines S.p.A.,Plan Vivo,Forest Restoration,37,PVC (tCO2e),UNIT
26 May 2021,2018 - 2019,EthioTrees: Ecosystem restoration and agroforestry by landless and smallholder farmers in Tigray (North Ethiopia),Climate Lab,Davines S.p.A.,Plan Vivo,Forest Restoration,6,PVC (tCO2e),UNIT
26 May 2021,2018 - 2019,EthioTrees: Ecosystem restoration and agroforestry by landless and smallholder farmers in Tigray (North Ethiopia),Climate Lab,Davines S.p.A.,Plan Vivo,Forest Restoration,12,PVC (tCO2e),UNIT
26 May 2021,2018 - 2019,EthioTrees: Ecosystem restoration and agroforestry by landless and smallholder farmers in Tigray (North Ethiopia),Climate Lab,Davines S.p.A.,Plan Vivo,Forest Restoration,40,PVC (tCO2e),UNIT
26 May 2021,2018 - 2019,EthioTrees: Ecosystem restoration and agroforestry by landless and smallholder farmers in Tigray (North Ethiopia),Climate Lab,Davines S.p.A.,Plan Vivo,Forest Restoration,9,PVC (tCO2e),UNIT
26 May 2021,2018 - 2019,EthioTrees: Ecosystem restoration and agroforestry by landless and smallholder farmers in Tigray (North Ethiopia),Climate Lab,Davines S.p.A.,Plan Vivo,Forest Restoration,89,PVC (tCO2e),UNIT
26 May 2021,2018 - 2019,EthioTrees: Ecosystem restoration and agroforestry by landless and smallholder farmers in Tigray (North Ethiopia),Climate Lab,Davines S.p.A.,Plan Vivo,Forest Restoration,36,PVC (tCO2e),UNIT
26 May 2021,2018 - 2019,EthioTrees: Ecosystem restoration and agroforestry by landless and smallholder farmers in Tigray (North Ethiopia),Climate Lab,Davines S.p.A.,Plan Vivo,Forest Restoration,21,PVC (tCO2e),UNIT
26 May 2021,2018 - 2019,EthioTrees: Ecosystem restoration and agroforestry by landless and smallholder farmers in Tigray (North Ethiopia),Climate Lab,Davines S.p.A.,Plan Vivo,Forest Restoration,8,PVC (tCO2e),UNIT
30 Mar 2023,2020 - 2021,EthioTrees: Ecosystem restoration and agroforestry by landless and smallholder farmers in Tigray (North Ethiopia),Climate Lab,Onze-Lieve-Vrouwecollege Oostende,Plan Vivo,Forest Restoration,22,PVC (tCO2e),UNIT
26 May 2021,2018 - 2019,EthioTrees: Ecosystem restoration and agroforestry by landless and smallholder farmers in Tigray (North Ethiopia),Climate Lab,Davines S.p.A.,Plan Vivo,Forest Restoration,8,PVC (tCO2e),UNIT
09 Oct 2023,2020 - 2021,EthioTrees: Ecosystem restoration and agroforestry by landless and smallholder farmers in Tigray (North Ethiopia),Climate Lab,VICTOR BUYCK STEEL CONSTRUCTION NV,Plan Vivo,Forest Restoration,33,PVC (tCO2e),UNIT
28 Jun 2024,2023 - 2024,EthioTrees: Ecosystem restoration and agroforestry by landless and smallholder farmers in Tigray (North Ethiopia),Climate Lab,Finance in Motion GmbH,Plan Vivo,Forest Restoration,900,PVC (tCO2e),UNIT
20 Dec 2023,2022 - 2023,EthioTrees: Ecosystem restoration and agroforestry by landless and smallholder farmers in Tigray (North Ethiopia),Climate Lab,Retired on behalf of Trees for All Foundation,Plan Vivo,Forest Restoration,"7,500",PVC (tCO2e),UNIT
26 May 2021,2018 - 2019,EthioTrees: Ecosystem restoration and agroforestry by landless and smallholder farmers in Tigray (North Ethiopia),Climate Lab,Davines S.p.A.,Plan Vivo,Forest Restoration,36,PVC (tCO2e),UNIT
26 May 2021,2018 - 2019,EthioTrees: Ecosystem restoration and agroforestry by landless and smallholder farmers in Tigray (North Ethiopia),Climate Lab,Davines S.p.A.,Plan Vivo,Forest Restoration,89,PVC (tCO2e),UNIT
20 Nov 2023,2022 - 2023,EthioTrees: Ecosystem restoration and agroforestry by landless and smallholder farmers in Tigray (North Ethiopia),Climate Lab,Davines Group,Plan Vivo,Forest Restoration,109,PVC (tCO2e),UNIT
20 Nov 2023,2022 - 2023,EthioTrees: Ecosystem restoration and agroforestry by landless and smallholder farmers in Tigray (North Ethiopia),Climate Lab,Davines Group,Plan Vivo,Forest Restoration,"1,440",PVC (tCO2e),UNIT
26 May 2021,2018 - 2019,EthioTrees: Ecosystem restoration and agroforestry by landless and smallholder farmers in Tigray (North Ethiopia),Climate Lab,Davines S.p.A.,Plan Vivo,Forest Restoration,9,PVC (tCO2e),UNIT
01 Oct 2021,2018 - 2019,EthioTrees: Ecosystem restoration and agroforestry by landless and smallholder farmers in Tigray (North Ethiopia),Climate Lab,E-LUSE bv,Plan Vivo,Forest Restoration,5,PVC (tCO2e),UNIT
26 May 2021,2018 - 2019,EthioTrees: Ecosystem restoration and agroforestry by landless and smallholder farmers in Tigray (North Ethiopia),Climate Lab,Davines S.p.A.,Plan Vivo,Forest Restoration,30,PVC (tCO2e),UNIT
26 May 2021,2018 - 2019,EthioTrees: Ecosystem restoration and agroforestry by landless and smallholder farmers in Tigray (North Ethiopia),Climate Lab,Davines S.p.A.,Plan Vivo,Forest Restoration,25,PVC (tCO2e),UNIT
26 May 2021,2018 - 2019,EthioTrees: Ecosystem restoration and agroforestry by landless and smallholder farmers in Tigray (North Ethiopia),Climate Lab,Davines S.p.A.,Plan Vivo,Forest Restoration,58,PVC (tCO2e),UNIT
20 May 2021,2020 - 2021,EthioTrees: Ecosystem restoration and agroforestry by landless and smallholder farmers in Tigray (North Ethiopia),Climate Lab,Davines S.p.A.,Plan Vivo,Forest Restoration,"3,775",PVC (tCO2e),UNIT
02 Oct 2020,2019 - 2020,EthioTrees: Ecosystem restoration and agroforestry by landless and smallholder farmers in Tigray (North Ethiopia),Climate Lab,Victor Buyck,Plan Vivo,Forest Restoration,73,PVC (tCO2e),UNIT
11 May 2021,2018 - 2019,EthioTrees: Ecosystem restoration and agroforestry by landless and smallholder farmers in Tigray (North Ethiopia),Climate Lab,"Retired on behalf of Davines S.p.A. - SCOPE 1 + SCOPE 2 - HONG KONG, 2020",Plan Vivo,Forest Restoration,5,PVC (tCO2e),UNIT
01 Jul 2024,2022 - 2023,EthioTrees: Ecosystem restoration and agroforestry by landless and smallholder farmers in Tigray (North Ethiopia),ClimatePartner GmbH PV,World Bank,Plan Vivo,Forest Restoration,"4,359",PVC (tCO2e),UNIT
01 Jul 2024,2023 - 2024,EthioTrees: Ecosystem restoration and agroforestry by landless and smallholder farmers in Tigray (North Ethiopia),ClimatePartner GmbH PV,World Bank,Plan Vivo,Forest Restoration,"33,318",PVC (tCO2e),UNIT
01 Jul 2024,2022 - 2023,EthioTrees: Ecosystem restoration and agroforestry by landless and smallholder farmers in Tigray (North Ethiopia),ClimatePartner GmbH PV,World Bank,Plan Vivo,Forest Restoration,"6,323",PVC (tCO2e),UNIT
14 Mar 2025,2021 - 2022,EthioTrees: Ecosystem restoration and agroforestry by landless and smallholder farmers in Tigray (North Ethiopia),ClimatePartner GmbH PV,BravoNext SA,Plan Vivo,Forest Restoration,227,PVC (tCO2e),UNIT
18 Aug 2021,2020,Khasi Hills Community REDD+ Project: Restoring and Conserving Meghalaya's Hill ForestsThrough Community Action,ClimateSeed- Plan Vivo,Boehringer Ingelheim Corporate Center GmbH,Plan Vivo,REDD,"8,000",PVC (tCO2e),UNIT
05 May 2021,2017,Khasi Hills Community REDD+ Project: Restoring and Conserving Meghalaya's Hill ForestsThrough Community Action,ClimateSeed- Plan Vivo,Boehringer Ingelheim Corporate Center GmbH,Plan Vivo,REDD,318,PVC (tCO2e),UNIT
20 Jul 2020,2017,Khasi Hills Community REDD+ Project: Restoring and Conserving Meghalaya's Hill ForestsThrough Community Action,ClimateSeed- Plan Vivo,Boehringer Ingelheim Corporate Center GmbH,Plan Vivo,REDD,"1,000",PVC (tCO2e),UNIT
02 Jun 2025,2021,Trees for Global Benefits,"Cloverly, Inc.",Cloverly Partners,Plan Vivo,Afforestation / Reforestation,451,PVC (tCO2e),UNIT
02 Jun 2025,2022,Trees for Global Benefits,"Cloverly, Inc.",Cloverly Partners,Plan Vivo,Afforestation / Reforestation,237,PVC (tCO2e),UNIT
09 Jul 2025,2022,Trees for Global Benefits,"Cloverly, Inc.",Cloverly Partners,Plan Vivo,Afforestation / Reforestation,70,PVC (tCO2e),UNIT
02 Jun 2025,2011 - 2019,HALO VERDE TIMOR COMMUNITY FOREST CARBON,"Cloverly, Inc.",Cloverly Partners,Plan Vivo,Afforestation / Reforestation,18,PVC (tCO2e),UNIT
12 Jan 2024,2021,Trees for Global Benefits,"Cloverly, Inc.",Reinsurance Group of America,Plan Vivo,Afforestation / Reforestation,"3,162",PVC (tCO2e),UNIT
24 Jun 2025,2024,The CommuniTree Carbon Program (formerly Limay Community Carbon Project),"Cloverly, Inc.",Permira Advisors (London) Limited,Plan Vivo,Forest,"1,300",PVC (tCO2e),UNIT
02 Jun 2025,2011 - 2019,HALO VERDE TIMOR COMMUNITY FOREST CARBON,"Cloverly, Inc.",Cloverly Partners,Plan Vivo,Afforestation / Reforestation,18,PVC (tCO2e),UNIT
25 Apr 2023,2021,Trees for Global Benefits,"Cloverly, Inc.","Apollo Global Management, Inc",Plan Vivo,Afforestation / Reforestation,33,PVC (tCO2e),UNIT
22 Mar 2023,2019,Trees for Global Benefits,"Cloverly, Inc.",Cloverly Partners,Plan Vivo,Afforestation / Reforestation,1,PVC (tCO2e),UNIT
09 Jul 2025,2022,Trees for Global Benefits,"Cloverly, Inc.",Cloverly Partners,Plan Vivo,Afforestation / Reforestation,70,PVC (tCO2e),UNIT
02 Jun 2025,2022,Trees for Global Benefits,"Cloverly, Inc.",Cloverly Partners,Plan Vivo,Afforestation / Reforestation,237,PVC (tCO2e),UNIT
24 Jun 2025,2024,The CommuniTree Carbon Program (formerly Limay Community Carbon Project),"Cloverly, Inc.",Permira Advisors (London) Limited,Plan Vivo,Forest,"1,300",PVC (tCO2e),UNIT
22 Mar 2023,2021,Trees for Global Benefits,"Cloverly, Inc.",Cloverly Partners,Plan Vivo,Afforestation / Reforestation,5,PVC (tCO2e),UNIT
02 Jun 2025,2021,Trees for Global Benefits,"Cloverly, Inc.",Cloverly Partners,Plan Vivo,Afforestation / Reforestation,451,PVC (tCO2e),UNIT
02 Jun 2010,2009,Scolel té Natural Resources Management and Carbon Sequestration Project (Scolel té Natural Resources Management and Carbon Sequestration Project),CO2focus AS,,Plan Vivo,Forest,"2,200",PVC (tCO2e),UNIT
22 Oct 2018,2015 - 2016,Rehabilitation and sustainable management by AGED of degraded pastures in the Sahel region of Burkina Faso,CO2logic Plan Vivo,AGED,Plan Vivo,Afforestation / Reforestation,23,PVC (tCO2e),UNIT
17 Jul 2019,2015 - 2016,Rehabilitation and sustainable management by AGED of degraded pastures in the Sahel region of Burkina Faso,CO2logic Plan Vivo,CO2logic,Plan Vivo,Afforestation / Reforestation,"1,376",PVC (tCO2e),UNIT
09 Oct 2025,2017 - 2018,Rehabilitation and sustainable management by AGED of degraded pastures in the Sahel region of Burkina Faso,CO2logic Plan Vivo,Greentripper,Plan Vivo,Afforestation / Reforestation,535,PVC (tCO2e),UNIT
27 Jul 2021,2015 - 2016,Rehabilitation and sustainable management by AGED of degraded pastures in the Sahel region of Burkina Faso,CO2logic Plan Vivo,Customers of CO2logic,Plan Vivo,Afforestation / Reforestation,68,PVC (tCO2e),UNIT
08 Jul 2018,2015 - 2016,Rehabilitation and sustainable management by AGED of degraded pastures in the Sahel region of Burkina Faso,CO2logic Plan Vivo,,Plan Vivo,Afforestation / Reforestation,431,PVC (tCO2e),UNIT
17 Jul 2019,2015 - 2016,Rehabilitation and sustainable management by REACH Italia of degraded pastures in the Sahel region of Burkina Faso,CO2logic Plan Vivo,CO2logic,Plan Vivo,Afforestation / Reforestation,67,PVC (tCO2e),UNIT
17 Jul 2019,2015 - 2016,Rehabilitation and sustainable management by AGED of degraded pastures in the Sahel region of Burkina Faso,CO2logic Plan Vivo,CO2logic,Plan Vivo,Afforestation / Reforestation,"1,376",PVC (tCO2e),UNIT
09 Jun 2022,2021,gula gula food forest program,Co2 Operate BV,Van Duijnen horeca,Plan Vivo,Afforestation / Reforestation,750,PVC (tCO2e),UNIT
20 Dec 2022,2020,gula gula food forest program,Co2 Operate BV,Indotracks,Plan Vivo,Afforestation / Reforestation,13,PVC (tCO2e),UNIT
09 Jun 2022,2020,gula gula food forest program,Co2 Operate BV,Van Duijnen horeca,Plan Vivo,Afforestation / Reforestation,750,PVC (tCO2e),UNIT
09 Jun 2022,2020,gula gula food forest program,Co2 Operate BV,Verstegen Spices & Sauces BV,Plan Vivo,Afforestation / Reforestation,"3,445",PVC (tCO2e),UNIT
09 Jun 2022,2021,gula gula food forest program,Co2 Operate BV,Van Duijnen koffie,Plan Vivo,Afforestation / Reforestation,750,PVC (tCO2e),UNIT
27 Apr 2023,2020,gula gula food forest program,Co2 Operate BV,Lijnco B.V.,Plan Vivo,Afforestation / Reforestation,126,PVC (tCO2e),UNIT
28 Jun 2022,2021,gula gula food forest program,Co2 Operate BV,Mondaine Watch Ltd,Plan Vivo,Afforestation / Reforestation,150,PVC (tCO2e),UNIT
20 Jun 2022,2021,gula gula food forest program,Co2 Operate BV,Mondaine Watch Ltd,Plan Vivo,Afforestation / Reforestation,613,PVC (tCO2e),UNIT
09 Jun 2022,2021,gula gula food forest program,Co2 Operate BV,Verstegen Spices & Sauces BV,Plan Vivo,Afforestation / Reforestation,"3,445",PVC (tCO2e),UNIT
13 Jun 2022,2020,gula gula food forest program,Co2 Operate BV,De Condomerie,Plan Vivo,Afforestation / Reforestation,22,PVC (tCO2e),UNIT
13 Jun 2022,2019,gula gula food forest program,Co2 Operate BV,De Condomerie,Plan Vivo,Afforestation / Reforestation,84,PVC (tCO2e),UNIT
05 Mar 2026,2021,gula gula food forest program,Co2 Operate BV,Sivantos GmbH,Plan Vivo,Afforestation / Reforestation,20,PVC (tCO2e),UNIT
05 Mar 2026,2021,gula gula food forest program,Co2 Operate BV,Widex A/S,Plan Vivo,Afforestation / Reforestation,51,PVC (tCO2e),UNIT
15 Aug 2025,2019,gula gula food forest program,Co2 Operate BV,Indotracks,Plan Vivo,Afforestation / Reforestation,40,PVC (tCO2e),UNIT
20 Jun 2022,2021,gula gula food forest program,Co2 Operate BV,Mondaine Watch Ltd,Plan Vivo,Afforestation / Reforestation,613,PVC (tCO2e),UNIT
05 Dec 2024,2022,gula gula food forest program,Co2 Operate BV,Indotracks,Plan Vivo,Afforestation / Reforestation,99,PVC (tCO2e),UNIT
28 Jun 2022,2021,gula gula food forest program,Co2 Operate BV,Mondaine Watch Ltd,Plan Vivo,Afforestation / Reforestation,150,PVC (tCO2e),UNIT
11 Nov 2025,2022,gula gula food forest program,Co2 Operate BV,Go-Tan BV,Plan Vivo,Afforestation / Reforestation,706,PVC (tCO2e),UNIT
25 Apr 2024,2022,gula gula food forest program,Co2 Operate BV,Zen Internet Ltd,Plan Vivo,Afforestation / Reforestation,73,PVC (tCO2e),UNIT
19 Mar 2024,2020,gula gula food forest program,Co2 Operate BV,Ceezer client,Plan Vivo,Afforestation / Reforestation,4,PVC (tCO2e),UNIT
20 Mar 2024,2021,gula gula food forest program,Co2 Operate BV,Games Forest Club gGmbH,Plan Vivo,Afforestation / Reforestation,45,PVC (tCO2e),UNIT
07 Feb 2023,2020,gula gula food forest program,Co2 Operate BV,Zalsman B.V.,Plan Vivo,Afforestation / Reforestation,312,PVC (tCO2e),UNIT
11 Apr 2024,2019,gula gula food forest program,Co2 Operate BV,OneClimate,Plan Vivo,Afforestation / Reforestation,5,PVC (tCO2e),UNIT
25 Mar 2024,2021,gula gula food forest program,Co2 Operate BV,LEEF Blattwerk GmbH,Plan Vivo,Afforestation / Reforestation,45,PVC (tCO2e),UNIT
09 Jun 2022,2020,gula gula food forest program,Co2 Operate BV,Van Duijnen horeca,Plan Vivo,Afforestation / Reforestation,750,PVC (tCO2e),UNIT
09 Jun 2022,2020,gula gula food forest program,Co2 Operate BV,Van Duijnen koffie,Plan Vivo,Afforestation / Reforestation,750,PVC (tCO2e),UNIT
16 Feb 2023,2021,gula gula food forest program,Co2 Operate BV,Verstegen Spices & Sauces BV,Plan Vivo,Afforestation / Reforestation,"3,445",PVC (tCO2e),UNIT
05 Mar 2024,2022,gula gula food forest program,Co2 Operate BV,Go-Tan BV,Plan Vivo,Afforestation / Reforestation,706,PVC (tCO2e),UNIT
09 Jun 2022,2021,gula gula food forest program,Co2 Operate BV,Van Duijnen horeca,Plan Vivo,Afforestation / Reforestation,750,PVC (tCO2e),UNIT
13 Jun 2022,2019,gula gula food forest program,Co2 Operate BV,De Condomerie,Plan Vivo,Afforestation / Reforestation,84,PVC (tCO2e),UNIT
20 Jun 2022,2021,gula gula food forest program,Co2 Operate BV,Mondaine Watch Ltd,Plan Vivo,Afforestation / Reforestation,613,PVC (tCO2e),UNIT
28 Jun 2022,2021,gula gula food forest program,Co2 Operate BV,Mondaine Watch Ltd,Plan Vivo,Afforestation / Reforestation,150,PVC (tCO2e),UNIT
22 Sep 2025,2023,gula gula food forest program,Co2 Operate BV,Condomerie,Plan Vivo,Afforestation / Reforestation,18,PVC (tCO2e),UNIT
24 Sep 2025,2019,gula gula food forest program,Co2 Operate BV,Pelorus Foundation,Plan Vivo,Afforestation / Reforestation,100,PVC (tCO2e),UNIT
24 Sep 2025,2021,gula gula food forest program,Co2 Operate BV,Verstegen Spices & Sauces BV,Plan Vivo,Afforestation / Reforestation,"1,041",PVC (tCO2e),UNIT
24 Sep 2025,2020,gula gula food forest program,Co2 Operate BV,Verstegen Spices & Sauces BV,Plan Vivo,Afforestation / Reforestation,"2,942",PVC (tCO2e),UNIT
03 Jul 2024,2022,gula gula food forest program,Co2 Operate BV,Condomerie,Plan Vivo,Afforestation / Reforestation,15,PVC (tCO2e),UNIT
20 Dec 2022,2020,gula gula food forest program,Co2 Operate BV,Indotracks,Plan Vivo,Afforestation / Reforestation,13,PVC (tCO2e),UNIT
17 Jan 2023,2021,gula gula food forest program,Co2 Operate BV,Games Forest Club gGmbH,Plan Vivo,Afforestation / Reforestation,480,PVC (tCO2e),UNIT
07 Feb 2023,2020,gula gula food forest program,Co2 Operate BV,Zalsman B.V.,Plan Vivo,Afforestation / Reforestation,312,PVC (tCO2e),UNIT
13 Feb 2023,2020,gula gula food forest program,Co2 Operate BV,The Pelorus Foundation,Plan Vivo,Afforestation / Reforestation,100,PVC (tCO2e),UNIT
16 Feb 2023,2021,gula gula food forest program,Co2 Operate BV,Verstegen Spices & Sauces BV,Plan Vivo,Afforestation / Reforestation,"3,445",PVC (tCO2e),UNIT
27 Apr 2023,2020,gula gula food forest program,Co2 Operate BV,Lijnco B.V.,Plan Vivo,Afforestation / Reforestation,126,PVC (tCO2e),UNIT
19 Mar 2025,2020,gula gula food forest program,Co2 Operate BV,Van Duijnen Horeca Service BV,Plan Vivo,Afforestation / Reforestation,200,PVC (tCO2e),UNIT
20 Mar 2024,2021,gula gula food forest program,Co2 Operate BV,Games Forest Club gGmbH,Plan Vivo,Afforestation / Reforestation,45,PVC (tCO2e),UNIT
01 Jun 2023,2019,gula gula food forest program,Co2 Operate BV,Van Duijnen Koffie BV,Plan Vivo,Afforestation / Reforestation,200,PVC (tCO2e),UNIT
19 Dec 2023,2021,gula gula food forest program,Co2 Operate BV,Deutscher Verband für negative Emissionen,Plan Vivo,Afforestation / Reforestation,10,PVC (tCO2e),UNIT
19 Dec 2023,2021,gula gula food forest program,Co2 Operate BV,zooplus SE,Plan Vivo,Afforestation / Reforestation,400,PVC (tCO2e),UNIT
18 Mar 2025,2022,gula gula food forest program,Co2 Operate BV,The Scottish Government,Plan Vivo,Afforestation / Reforestation,11,PVC (tCO2e),UNIT
20 Dec 2023,2020,gula gula food forest program,Co2 Operate BV,Indotracks,Plan Vivo,Afforestation / Reforestation,59,PVC (tCO2e),UNIT
20 Dec 2023,2020,gula gula food forest program,Co2 Operate BV,Indotracks,Plan Vivo,Afforestation / Reforestation,12,PVC (tCO2e),UNIT
22 Aug 2023,2021,gula gula food forest program,Co2 Operate BV,Picus Capital GmbH,Plan Vivo,Afforestation / Reforestation,130,PVC (tCO2e),UNIT
22 Aug 2023,2021,gula gula food forest program,Co2 Operate BV,WATTX GmbH,Plan Vivo,Afforestation / Reforestation,10,PVC (tCO2e),UNIT
01 Nov 2023,2022,gula gula food forest program,Co2 Operate BV,Felix Capital Partners LLP,Plan Vivo,Afforestation / Reforestation,50,PVC (tCO2e),UNIT
01 Nov 2023,2022,gula gula food forest program,Co2 Operate BV,Coverflex,Plan Vivo,Afforestation / Reforestation,19,PVC (tCO2e),UNIT
20 Jan 2025,2022,gula gula food forest program,Co2 Operate BV,Go-Tan BV,Plan Vivo,Afforestation / Reforestation,706,PVC (tCO2e),UNIT
16 Aug 2024,2022,gula gula food forest program,Co2 Operate BV,Indotracks,Plan Vivo,Afforestation / Reforestation,38,PVC (tCO2e),UNIT
05 Aug 2024,2022,gula gula food forest program,Co2 Operate BV,Acrolinx GmbH,Plan Vivo,Afforestation / Reforestation,204,PVC (tCO2e),UNIT
14 Feb 2024,2020,gula gula food forest program,Co2 Operate BV,Pelorus Foundation,Plan Vivo,Afforestation / Reforestation,100,PVC (tCO2e),UNIT
01 Jun 2023,2019,gula gula food forest program,Co2 Operate BV,Van Duijnen Koffie BV,Plan Vivo,Afforestation / Reforestation,200,PVC (tCO2e),UNIT
19 Mar 2025,2022,gula gula food forest program,Co2 Operate BV,Lijnco BV,Plan Vivo,Afforestation / Reforestation,80,PVC (tCO2e),UNIT
20 Mar 2025,2019,gula gula food forest program,Co2 Operate BV,"Scriptoria Ltd, T/A Scriptoria Sustainable Development Solutions",Plan Vivo,Afforestation / Reforestation,27,PVC (tCO2e),UNIT
01 Apr 2025,2022,gula gula food forest program,Co2 Operate BV,Zalsman B.V.,Plan Vivo,Afforestation / Reforestation,286,PVC (tCO2e),UNIT
19 Nov 2025,2020,gula gula food forest program,Co2 Operate BV,Mondaine Watch Ltd.,Plan Vivo,Afforestation / Reforestation,420,PVC (tCO2e),UNIT
01 Jun 2023,2019,gula gula food forest program,Co2 Operate BV,Van Duijnen Horeca Service BV,Plan Vivo,Afforestation / Reforestation,200,PVC (tCO2e),UNIT
08 Apr 2025,2021,gula gula food forest program,Co2 Operate BV,Indotracks,Plan Vivo,Afforestation / Reforestation,42,PVC (tCO2e),UNIT
29 Jun 2022,2020,gula gula food forest program,Co2 Operate BV,Seela Studio AG,Plan Vivo,Afforestation / Reforestation,166,PVC (tCO2e),UNIT
28 Jun 2022,2020,gula gula food forest program,Co2 Operate BV,Indotracks,Plan Vivo,Afforestation / Reforestation,8,PVC (tCO2e),UNIT
28 Jun 2022,2019,gula gula food forest program,Co2 Operate BV,Indotracks,Plan Vivo,Afforestation / Reforestation,243,PVC (tCO2e),UNIT
28 Jun 2022,2019,gula gula food forest program,Co2 Operate BV,Adviesbureau P. Nuijten,Plan Vivo,Afforestation / Reforestation,24,PVC (tCO2e),UNIT
09 Jun 2022,2019,gula gula food forest program,Co2 Operate BV,Van Duijnen Koffie,Plan Vivo,Afforestation / Reforestation,500,PVC (tCO2e),UNIT
20 Jun 2024,2022,gula gula food forest program,Co2 Operate BV,Stockholmsnorrskenet AB,Plan Vivo,Afforestation / Reforestation,146,PVC (tCO2e),UNIT
18 Mar 2025,2022,gula gula food forest program,Co2 Operate BV,The Scottish Government,Plan Vivo,Afforestation / Reforestation,11,PVC (tCO2e),UNIT
19 Mar 2025,2022,gula gula food forest program,Co2 Operate BV,Sivantos GmbH,Plan Vivo,Afforestation / Reforestation,20,PVC (tCO2e),UNIT
11 Jun 2024,2020,gula gula food forest program,Co2 Operate BV,Mondaine Watch Ltd,Plan Vivo,Afforestation / Reforestation,900,PVC (tCO2e),UNIT
05 Mar 2026,2021,gula gula food forest program,Co2 Operate BV,Widex A/S,Plan Vivo,Afforestation / Reforestation,51,PVC (tCO2e),UNIT
18 Mar 2025,2022,gula gula food forest program,Co2 Operate BV,The Scottish Government,Plan Vivo,Afforestation / Reforestation,11,PVC (tCO2e),UNIT
19 Mar 2025,2022,gula gula food forest program,Co2 Operate BV,Sivantos GmbH,Plan Vivo,Afforestation / Reforestation,20,PVC (tCO2e),UNIT
19 Mar 2025,2020,gula gula food forest program,Co2 Operate BV,Van Duijnen Koffie BV,Plan Vivo,Afforestation / Reforestation,200,PVC (tCO2e),UNIT
19 Mar 2025,2020,gula gula food forest program,Co2 Operate BV,Van Duijnen Horeca Service BV,Plan Vivo,Afforestation / Reforestation,200,PVC (tCO2e),UNIT
19 Mar 2025,2020,gula gula food forest program,Co2 Operate BV,Van Duijnen Koffie BV,Plan Vivo,Afforestation / Reforestation,200,PVC (tCO2e),UNIT
08 Apr 2025,2021,gula gula food forest program,Co2 Operate BV,Indotracks,Plan Vivo,Afforestation / Reforestation,42,PVC (tCO2e),UNIT
19 Mar 2025,2020,gula gula food forest program,Co2 Operate BV,Van Duijnen Horeca Service BV,Plan Vivo,Afforestation / Reforestation,200,PVC (tCO2e),UNIT
19 Mar 2025,2022,gula gula food forest program,Co2 Operate BV,Lijnco BV,Plan Vivo,Afforestation / Reforestation,80,PVC (tCO2e),UNIT
20 Mar 2025,2019,gula gula food forest program,Co2 Operate BV,"Scriptoria Ltd, T/A Scriptoria Sustainable Development Solutions",Plan Vivo,Afforestation / Reforestation,27,PVC (tCO2e),UNIT
01 Apr 2025,2022,gula gula food forest program,Co2 Operate BV,Zalsman B.V.,Plan Vivo,Afforestation / Reforestation,286,PVC (tCO2e),UNIT
20 Jan 2025,2022,gula gula food forest program,Co2 Operate BV,Go-Tan BV,Plan Vivo,Afforestation / Reforestation,706,PVC (tCO2e),UNIT
30 Apr 2025,2022,gula gula food forest program,Co2 Operate BV,WIK Far East LTD.,Plan Vivo,Afforestation / Reforestation,"1,500",PVC (tCO2e),UNIT
05 Mar 2026,2021,gula gula food forest program,Co2 Operate BV,Sivantos GmbH,Plan Vivo,Afforestation / Reforestation,20,PVC (tCO2e),UNIT
30 Sep 2021,2013,Hiniduma Biolink Project,Conservation Carbon Company (Pvt) Ltd,Planetly GmbH,Plan Vivo,Afforestation / Reforestation,350,PVC (tCO2e),UNIT
17 Jan 2013,2012,Hiniduma Biolink Project,Conservation Carbon Company (Pvt) Ltd,,Plan Vivo,Afforestation / Reforestation,40,PVC (tCO2e),UNIT
21 Feb 2020,2013,Hiniduma Biolink Project,Conservation Carbon Company (Pvt) Ltd,Rockland Distilleries (Pvt) Ltd,Plan Vivo,Afforestation / Reforestation,198,PVC (tCO2e),UNIT
12 Jun 2015,2012,Hiniduma Biolink Project,Conservation Carbon Company (Pvt) Ltd,,Plan Vivo,Afforestation / Reforestation,5,PVC (tCO2e),UNIT
17 Jan 2013,2012,Hiniduma Biolink Project,Conservation Carbon Company (Pvt) Ltd,,Plan Vivo,Afforestation / Reforestation,"1,500",PVC (tCO2e),UNIT
04 Apr 2016,2012,Hiniduma Biolink Project,Conservation Carbon Company (Pvt) Ltd,,Plan Vivo,Afforestation / Reforestation,30,PVC (tCO2e),UNIT
07 Oct 2014,2012,Hiniduma Biolink Project,Conservation Carbon Company (Pvt) Ltd,,Plan Vivo,Afforestation / Reforestation,29,PVC (tCO2e),UNIT
21 Feb 2020,2012,Hiniduma Biolink Project,Conservation Carbon Company (Pvt) Ltd,His Excellency Gotabaya Rajapaksa,Plan Vivo,Afforestation / Reforestation,5,PVC (tCO2e),UNIT
18 Feb 2013,2010,Trees of Hope,COzero Pty Ltd,,Plan Vivo,Afforestation / Reforestation,100,PVC (tCO2e),UNIT
18 Feb 2013,2010,ArBolivia,COzero Pty Ltd,,Plan Vivo,Afforestation / Reforestation,100,PVC (tCO2e),UNIT
18 Feb 2013,2010,Sofala Community Carbon Project (formerly the N'hambita Community Carbon Project),COzero Pty Ltd,,Plan Vivo,Forest,100,PVC (tCO2e),UNIT
25 Sep 2018,2012 - 2013,Drawa Rainforest Carbon Project,Drawa Rainforest Project,Drawa Cooperative,Plan Vivo,Improved forest management,484,PVC (tCO2e),UNIT
09 May 2019,2012 - 2013,Drawa Rainforest Carbon Project,Drawa Rainforest Project,Kernohan Engineering,Plan Vivo,Improved forest management,97,PVC (tCO2e),UNIT
09 May 2019,2012 - 2013,Drawa Rainforest Carbon Project,Drawa Rainforest Project,NZEI Te Riu Roa,Plan Vivo,Improved forest management,118,PVC (tCO2e),UNIT
09 May 2019,2012 - 2013,Drawa Rainforest Carbon Project,Drawa Rainforest Project,NZEI Te Riu Roa,Plan Vivo,Improved forest management,131,PVC (tCO2e),UNIT
09 May 2019,2012 - 2013,Drawa Rainforest Carbon Project,Drawa Rainforest Project,The Pacific Community,Plan Vivo,Improved forest management,8,PVC (tCO2e),UNIT
09 May 2019,2012 - 2013,Drawa Rainforest Carbon Project,Drawa Rainforest Project,The Pacific Community,Plan Vivo,Improved forest management,12,PVC (tCO2e),UNIT
25 Sep 2018,2012 - 2013,Drawa Rainforest Carbon Project,Drawa Rainforest Project,Drawa Cooperative,Plan Vivo,Improved forest management,484,PVC (tCO2e),UNIT
09 May 2019,2012 - 2013,Drawa Rainforest Carbon Project,Drawa Rainforest Project,Encrypt-s,Plan Vivo,Improved forest management,39,PVC (tCO2e),UNIT
09 May 2019,2012 - 2013,Drawa Rainforest Carbon Project,Drawa Rainforest Project,NZEI Te Riu Roa,Plan Vivo,Improved forest management,39,PVC (tCO2e),UNIT
09 May 2019,2012 - 2013,Drawa Rainforest Carbon Project,Drawa Rainforest Project,NZEI Te Riu Roa,Plan Vivo,Improved forest management,40,PVC (tCO2e),UNIT
09 May 2019,2012 - 2013,Drawa Rainforest Carbon Project,Drawa Rainforest Project,NZEI Te Riu Roa,Plan Vivo,Improved forest management,44,PVC (tCO2e),UNIT
09 May 2019,2012 - 2013,Drawa Rainforest Carbon Project,Drawa Rainforest Project,The Sustainability Trust,Plan Vivo,Improved forest management,45,PVC (tCO2e),UNIT
09 May 2019,2012 - 2013,Drawa Rainforest Carbon Project,Drawa Rainforest Project,Zero Waste Network,Plan Vivo,Improved forest management,19,PVC (tCO2e),UNIT
20 Dec 2022,2015 - 2016,Drawa Rainforest Carbon Project,Drawa Rainforest Project,Monte Velho Retreat (Portugal),Plan Vivo,Improved forest management,8,PVC (tCO2e),UNIT
20 Dec 2022,2015 - 2016,Drawa Rainforest Carbon Project,Drawa Rainforest Project,Maqai Beach Eco Resort,Plan Vivo,Improved forest management,48,PVC (tCO2e),UNIT
09 May 2019,2012 - 2013,Drawa Rainforest Carbon Project,Drawa Rainforest Project,Karma Cola Ltd,Plan Vivo,Improved forest management,49,PVC (tCO2e),UNIT
09 May 2019,2012 - 2013,Drawa Rainforest Carbon Project,Drawa Rainforest Project,The Sustainability Trust,Plan Vivo,Improved forest management,65,PVC (tCO2e),UNIT
09 May 2019,2012 - 2013,Drawa Rainforest Carbon Project,Drawa Rainforest Project,The Pacific Community,Plan Vivo,Improved forest management,66,PVC (tCO2e),UNIT
09 May 2019,2012 - 2013,Drawa Rainforest Carbon Project,Drawa Rainforest Project,Fred Overmars,Plan Vivo,Improved forest management,71,PVC (tCO2e),UNIT
09 May 2019,2012 - 2013,Drawa Rainforest Carbon Project,Drawa Rainforest Project,The Pacific Community,Plan Vivo,Improved forest management,23,PVC (tCO2e),UNIT
09 May 2019,2012 - 2013,Drawa Rainforest Carbon Project,Drawa Rainforest Project,Joseph Struthers,Plan Vivo,Improved forest management,21,PVC (tCO2e),UNIT
09 May 2019,2012 - 2013,Drawa Rainforest Carbon Project,Drawa Rainforest Project,Radio Tautitotito,Plan Vivo,Improved forest management,21,PVC (tCO2e),UNIT
09 May 2019,2012 - 2013,Drawa Rainforest Carbon Project,Drawa Rainforest Project,Zero Waste Network,Plan Vivo,Improved forest management,19,PVC (tCO2e),UNIT
09 May 2019,2012 - 2013,Drawa Rainforest Carbon Project,Drawa Rainforest Project,Redvespa,Plan Vivo,Improved forest management,18,PVC (tCO2e),UNIT
09 May 2019,2012 - 2013,Drawa Rainforest Carbon Project,Drawa Rainforest Project,Richie Forrest,Plan Vivo,Improved forest management,18,PVC (tCO2e),UNIT
09 May 2019,2012 - 2013,Drawa Rainforest Carbon Project,Drawa Rainforest Project,Alison Cree,Plan Vivo,Improved forest management,18,PVC (tCO2e),UNIT
09 May 2019,2012 - 2013,Drawa Rainforest Carbon Project,Drawa Rainforest Project,Les Mills International Ltd,Plan Vivo,Improved forest management,"1,100",PVC (tCO2e),UNIT
09 May 2019,2012 - 2013,Drawa Rainforest Carbon Project,Drawa Rainforest Project,Council for International Development,Plan Vivo,Improved forest management,17,PVC (tCO2e),UNIT
09 May 2019,2012 - 2013,Drawa Rainforest Carbon Project,Drawa Rainforest Project,The Pacific Community,Plan Vivo,Improved forest management,8,PVC (tCO2e),UNIT
09 May 2019,2012 - 2013,Drawa Rainforest Carbon Project,Drawa Rainforest Project,Katabatic Charters and Marine,Plan Vivo,Improved forest management,15,PVC (tCO2e),UNIT
20 Dec 2022,2015 - 2016,Drawa Rainforest Carbon Project,Drawa Rainforest Project,Monte Velho Retreat (Portugal),Plan Vivo,Improved forest management,8,PVC (tCO2e),UNIT
21 Mar 2025,2017 - 2022,UTNWF,Earthly,Cardano Risk Management Ltd,Plan Vivo,Agriculture land management,314,PVC (tCO2e),UNIT
01 Jul 2025,2017 - 2022,UTNWF,Earthly,Lion’s Head Global Partners LLP,Plan Vivo,Agriculture land management,155,PVC (tCO2e),UNIT
15 Dec 2025,2022,Trees for Global Benefits,Earthly,MILSTED LANGDON LLP,Plan Vivo,Afforestation / Reforestation,80,PVC (tCO2e),UNIT
15 Dec 2025,2022,Trees for Global Benefits,Earthly,MILSTED LANGDON LLP,Plan Vivo,Afforestation / Reforestation,80,PVC (tCO2e),UNIT
05 Nov 2024,2022,Scolel té Natural Resources Management and Carbon Sequestration Project (Scolel té Natural Resources Management and Carbon Sequestration Project),ecommit B.V.,Retired on behalf of ecommit B.V. customers,Plan Vivo,Afforestation / Reforestation,"2,000",PVC (tCO2e),UNIT
09 Sep 2025,2015,Babatana Rainforest Conservation Project (Sirebe),Ekos Kamahi Limited,Christchurch International Airport Limited,Plan Vivo,Improved forest management,790,PVC (tCO2e),UNIT
09 Sep 2025,2019 - 2020,Drawa Rainforest Carbon Project,Ekos Kamahi Limited - RA,Christchurch International Airport Limited,Plan Vivo,Improved forest management,160,PVC (tCO2e),UNIT
07 Oct 2025,2022,Khasi Hills Community REDD+ Project: Restoring and Conserving Meghalaya's Hill ForestsThrough Community Action,Fair Climate Fund India Private Limited,Amrita Vishwa Vidyapetham,Plan Vivo,REDD,75,PVC (tCO2e),UNIT
12 Mar 2024,2022,Khasi Hills Community REDD+ Project: Restoring and Conserving Meghalaya's Hill ForestsThrough Community Action,Fair Climate Fund India Private Limited,OakNorth Holdings Limited,Plan Vivo,REDD,"1,250",PVC (tCO2e),UNIT
11 Oct 2021,2018 - 2019,The CommuniTree Carbon Program (formerly Limay Community Carbon Project),FairShares,FairShares B.V.,Plan Vivo,Forest,2,PVC (tCO2e),UNIT
10 Jul 2021,2018 - 2019,The CommuniTree Carbon Program (formerly Limay Community Carbon Project),FairShares,FairShares B.V.,Plan Vivo,Forest,6,PVC (tCO2e),UNIT
06 Apr 2021,2018 - 2019,The CommuniTree Carbon Program (formerly Limay Community Carbon Project),FairShares,FairShares B.V.,Plan Vivo,Forest,7,PVC (tCO2e),UNIT
17 Mar 2021,2018 - 2019,The CommuniTree Carbon Program (formerly Limay Community Carbon Project),FairShares,FairShares B.V.,Plan Vivo,Forest,1,PVC (tCO2e),UNIT
13 Mar 2021,2018 - 2019,The CommuniTree Carbon Program (formerly Limay Community Carbon Project),FairShares,FairShares B.V.,Plan Vivo,Forest,1,PVC (tCO2e),UNIT
08 Mar 2021,2018 - 2019,The CommuniTree Carbon Program (formerly Limay Community Carbon Project),FairShares,FairShares B.V.,Plan Vivo,Forest,1,PVC (tCO2e),UNIT
21 Feb 2021,2018 - 2019,The CommuniTree Carbon Program (formerly Limay Community Carbon Project),FairShares,FairShares B.V.,Plan Vivo,Forest,1,PVC (tCO2e),UNIT
20 Feb 2021,2018 - 2019,The CommuniTree Carbon Program (formerly Limay Community Carbon Project),FairShares,FairShares B.V.,Plan Vivo,Forest,1,PVC (tCO2e),UNIT
16 Feb 2021,2018 - 2019,The CommuniTree Carbon Program (formerly Limay Community Carbon Project),FairShares,FairShares B.V.,Plan Vivo,Forest,1,PVC (tCO2e),UNIT
20 Feb 2021,2018 - 2019,The CommuniTree Carbon Program (formerly Limay Community Carbon Project),FairShares,FairShares B.V.,Plan Vivo,Forest,1,PVC (tCO2e),UNIT
21 Feb 2021,2018 - 2019,The CommuniTree Carbon Program (formerly Limay Community Carbon Project),FairShares,FairShares B.V.,Plan Vivo,Forest,1,PVC (tCO2e),UNIT
08 Mar 2021,2018 - 2019,The CommuniTree Carbon Program (formerly Limay Community Carbon Project),FairShares,FairShares B.V.,Plan Vivo,Forest,1,PVC (tCO2e),UNIT
13 Mar 2021,2018 - 2019,The CommuniTree Carbon Program (formerly Limay Community Carbon Project),FairShares,FairShares B.V.,Plan Vivo,Forest,1,PVC (tCO2e),UNIT
17 Mar 2021,2018 - 2019,The CommuniTree Carbon Program (formerly Limay Community Carbon Project),FairShares,FairShares B.V.,Plan Vivo,Forest,1,PVC (tCO2e),UNIT
06 Apr 2021,2018 - 2019,The CommuniTree Carbon Program (formerly Limay Community Carbon Project),FairShares,FairShares B.V.,Plan Vivo,Forest,7,PVC (tCO2e),UNIT
21 Apr 2021,2018 - 2019,The CommuniTree Carbon Program (formerly Limay Community Carbon Project),FairShares,FairShares B.V.,Plan Vivo,Forest,1,PVC (tCO2e),UNIT
14 Mar 2022,2019 - 2020,The CommuniTree Carbon Program (formerly Limay Community Carbon Project),FairShares,FairShares B.V.,Plan Vivo,Forest,7,PVC (tCO2e),UNIT
22 Apr 2022,2019 - 2020,The CommuniTree Carbon Program (formerly Limay Community Carbon Project),FairShares,FairShares B.V.,Plan Vivo,Forest,5,PVC (tCO2e),UNIT
30 May 2022,2019 - 2020,The CommuniTree Carbon Program (formerly Limay Community Carbon Project),FairShares,FairShares B.V.,Plan Vivo,Forest,2,PVC (tCO2e),UNIT
13 Jun 2022,2019 - 2020,The CommuniTree Carbon Program (formerly Limay Community Carbon Project),FairShares,FairShares B.V.,Plan Vivo,Forest,2,PVC (tCO2e),UNIT
11 Jul 2022,2019 - 2020,The CommuniTree Carbon Program (formerly Limay Community Carbon Project),FairShares,FairShares B.V.,Plan Vivo,Forest,3,PVC (tCO2e),UNIT
10 Oct 2022,2019 - 2020,The CommuniTree Carbon Program (formerly Limay Community Carbon Project),FairShares,FairShares B.V.,Plan Vivo,Forest,9,PVC (tCO2e),UNIT
31 Oct 2022,2019 - 2020,The CommuniTree Carbon Program (formerly Limay Community Carbon Project),FairShares,FairShares B.V.,Plan Vivo,Forest,2,PVC (tCO2e),UNIT
09 Jan 2026,2019 - 2020,The CommuniTree Carbon Program (formerly Limay Community Carbon Project),FairShares,"Hendrix Genetics Research, Technology & Services B.V.",Plan Vivo,Forest,525,PVC (tCO2e),UNIT
01 Feb 2021,2018 - 2019,The CommuniTree Carbon Program (formerly Limay Community Carbon Project),FairShares,FairShares B.V.,Plan Vivo,Forest,1,PVC (tCO2e),UNIT
28 Jan 2021,2018 - 2019,The CommuniTree Carbon Program (formerly Limay Community Carbon Project),FairShares,FairShares B.V.,Plan Vivo,Forest,1,PVC (tCO2e),UNIT
20 Jan 2021,2018 - 2019,The CommuniTree Carbon Program (formerly Limay Community Carbon Project),FairShares,FairShares B.V.,Plan Vivo,Forest,1,PVC (tCO2e),UNIT
04 Jan 2021,2018 - 2019,The CommuniTree Carbon Program (formerly Limay Community Carbon Project),FairShares,FairShares B.V.,Plan Vivo,Forest,1,PVC (tCO2e),UNIT
29 Dec 2020,2018 - 2019,The CommuniTree Carbon Program (formerly Limay Community Carbon Project),FairShares,FairShares B.V.,Plan Vivo,Forest,1,PVC (tCO2e),UNIT
19 Nov 2020,2018 - 2019,The CommuniTree Carbon Program (formerly Limay Community Carbon Project),FairShares,FairShares B.V.,Plan Vivo,Forest,1,PVC (tCO2e),UNIT
30 Sep 2021,2018 - 2019,The CommuniTree Carbon Program (formerly Limay Community Carbon Project),FairShares,FairShares B.V.,Plan Vivo,Forest,3,PVC (tCO2e),UNIT
11 Oct 2021,2018 - 2019,The CommuniTree Carbon Program (formerly Limay Community Carbon Project),FairShares,FairShares B.V.,Plan Vivo,Forest,2,PVC (tCO2e),UNIT
10 Jul 2021,2018 - 2019,The CommuniTree Carbon Program (formerly Limay Community Carbon Project),FairShares,FairShares B.V.,Plan Vivo,Forest,6,PVC (tCO2e),UNIT
30 Aug 2021,2018 - 2019,The CommuniTree Carbon Program (formerly Limay Community Carbon Project),FairShares,FairShares B.V.,Plan Vivo,Forest,8,PVC (tCO2e),UNIT
15 Nov 2021,2018 - 2019,The CommuniTree Carbon Program (formerly Limay Community Carbon Project),FairShares,FairShares B.V.,Plan Vivo,Forest,12,PVC (tCO2e),UNIT
24 Jan 2022,2019 - 2020,The CommuniTree Carbon Program (formerly Limay Community Carbon Project),FairShares,FairShares B.V.,Plan Vivo,Forest,7,PVC (tCO2e),UNIT
21 Dec 2021,2018 - 2019,The CommuniTree Carbon Program (formerly Limay Community Carbon Project),FairShares,FairShares B.V.,Plan Vivo,Forest,10,PVC (tCO2e),UNIT
28 Feb 2025,2019 - 2020,The CommuniTree Carbon Program (formerly Limay Community Carbon Project),FairShares,Hendrix Genetics B.V.,Plan Vivo,Forest,1,PVC (tCO2e),UNIT
27 Sep 2021,2018 - 2019,The CommuniTree Carbon Program (formerly Limay Community Carbon Project),FairShares,FairShares B.V.,Plan Vivo,Forest,6,PVC (tCO2e),UNIT
24 Jan 2022,2018 - 2019,The CommuniTree Carbon Program (formerly Limay Community Carbon Project),FairShares,FairShares B.V.,Plan Vivo,Forest,115,PVC (tCO2e),UNIT
04 Apr 2022,2019 - 2020,The CommuniTree Carbon Program (formerly Limay Community Carbon Project),FairShares,FairShares B.V.,Plan Vivo,Forest,8,PVC (tCO2e),UNIT
10 Jun 2021,2018 - 2019,The CommuniTree Carbon Program (formerly Limay Community Carbon Project),FairShares,FairShares B.V.,Plan Vivo,Forest,3,PVC (tCO2e),UNIT
23 Feb 2021,2018 - 2019,The CommuniTree Carbon Program (formerly Limay Community Carbon Project),FairShares,FairShares B.V.,Plan Vivo,Forest,1,PVC (tCO2e),UNIT
02 Mar 2021,2018 - 2019,The CommuniTree Carbon Program (formerly Limay Community Carbon Project),FairShares,FairShares B.V.,Plan Vivo,Forest,1,PVC (tCO2e),UNIT
29 Dec 2020,2018 - 2019,The CommuniTree Carbon Program (formerly Limay Community Carbon Project),FairShares,FairShares B.V.,Plan Vivo,Forest,1,PVC (tCO2e),UNIT
28 Feb 2025,2019 - 2020,The CommuniTree Carbon Program (formerly Limay Community Carbon Project),FairShares,Hendrix Genetics B.V.,Plan Vivo,Forest,1,PVC (tCO2e),UNIT
01 Feb 2021,2018 - 2019,The CommuniTree Carbon Program (formerly Limay Community Carbon Project),FairShares,FairShares B.V.,Plan Vivo,Forest,1,PVC (tCO2e),UNIT
09 Jan 2023,2019 - 2020,The CommuniTree Carbon Program (formerly Limay Community Carbon Project),FairShares,FairShares B.V.,Plan Vivo,Forest,4,PVC (tCO2e),UNIT
05 Feb 2021,2018 - 2019,The CommuniTree Carbon Program (formerly Limay Community Carbon Project),FairShares,FairShares B.V.,Plan Vivo,Forest,1,PVC (tCO2e),UNIT
16 Dec 2020,2011 - 2019,HALO VERDE TIMOR COMMUNITY FOREST CARBON,F-COTI,Bella,Plan Vivo,Afforestation / Reforestation,5,PVC (tCO2e),UNIT
01 Sep 2021,2011 - 2019,HALO VERDE TIMOR COMMUNITY FOREST CARBON,F-COTI,TapTree GmbH Campus A1 2 66123 Saarbrücken Germany,Plan Vivo,Afforestation / Reforestation,60,PVC (tCO2e),UNIT
16 Dec 2020,2011 - 2019,HALO VERDE TIMOR COMMUNITY FOREST CARBON,F-COTI,Jayne,Plan Vivo,Afforestation / Reforestation,5,PVC (tCO2e),UNIT
16 Dec 2020,2011 - 2019,HALO VERDE TIMOR COMMUNITY FOREST CARBON,F-COTI,Jules,Plan Vivo,Afforestation / Reforestation,5,PVC (tCO2e),UNIT
16 Dec 2020,2011 - 2019,HALO VERDE TIMOR COMMUNITY FOREST CARBON,F-COTI,Seb and Jen,Plan Vivo,Afforestation / Reforestation,10,PVC (tCO2e),UNIT
16 Dec 2020,2011 - 2019,HALO VERDE TIMOR COMMUNITY FOREST CARBON,F-COTI,Tim,Plan Vivo,Afforestation / Reforestation,5,PVC (tCO2e),UNIT
16 Dec 2020,2011 - 2019,HALO VERDE TIMOR COMMUNITY FOREST CARBON,F-COTI,Jules,Plan Vivo,Afforestation / Reforestation,5,PVC (tCO2e),UNIT
16 Dec 2020,2011 - 2019,HALO VERDE TIMOR COMMUNITY FOREST CARBON,F-COTI,Jayne,Plan Vivo,Afforestation / Reforestation,5,PVC (tCO2e),UNIT
16 Dec 2020,2011 - 2019,HALO VERDE TIMOR COMMUNITY FOREST CARBON,F-COTI,Bella,Plan Vivo,Afforestation / Reforestation,5,PVC (tCO2e),UNIT
01 Sep 2021,2011 - 2019,HALO VERDE TIMOR COMMUNITY FOREST CARBON,F-COTI,TapTree GmbH Campus A1 2 66123 Saarbrücken Germany,Plan Vivo,Afforestation / Reforestation,60,PVC (tCO2e),UNIT
16 Dec 2020,2011 - 2019,HALO VERDE TIMOR COMMUNITY FOREST CARBON,F-COTI,Seb and Jen,Plan Vivo,Afforestation / Reforestation,10,PVC (tCO2e),UNIT
16 Apr 2024,2017,ArBolivia,Forest Carbon,,Plan Vivo,Afforestation / Reforestation,200,PVC (tCO2e),UNIT
14 Dec 2021,2016,ArBolivia,Forest Carbon,,Plan Vivo,Afforestation / Reforestation,100,PVC (tCO2e),UNIT
13 Mar 2025,2017,ArBolivia,Forest Carbon,,Plan Vivo,Afforestation / Reforestation,929,PVC (tCO2e),UNIT
14 Feb 2025,2016,ArBolivia,Forest Carbon,,Plan Vivo,Afforestation / Reforestation,17,PVC (tCO2e),UNIT
17 Apr 2023,2016,ArBolivia,Forest Carbon,,Plan Vivo,Afforestation / Reforestation,231,PVC (tCO2e),UNIT
26 Jan 2023,2017,ArBolivia,Forest Carbon,,Plan Vivo,Afforestation / Reforestation,"1,669",PVC (tCO2e),UNIT
24 Jan 2025,2016,ArBolivia,Forest Carbon,,Plan Vivo,Afforestation / Reforestation,"1,402",PVC (tCO2e),UNIT
07 Nov 2022,2016,ArBolivia,Forest Carbon,,Plan Vivo,Afforestation / Reforestation,17,PVC (tCO2e),UNIT
02 Oct 2023,2016,ArBolivia,Forest Carbon,,Plan Vivo,Afforestation / Reforestation,171,PVC (tCO2e),UNIT
07 Nov 2022,2016,ArBolivia,Forest Carbon,,Plan Vivo,Afforestation / Reforestation,17,PVC (tCO2e),UNIT
07 Aug 2023,2016,ArBolivia,Forest Carbon,,Plan Vivo,Afforestation / Reforestation,50,PVC (tCO2e),UNIT
06 Jun 2023,2016,ArBolivia,Forest Carbon,,Plan Vivo,Afforestation / Reforestation,50,PVC (tCO2e),UNIT
17 Jul 2023,2016,ArBolivia,Forest Carbon,,Plan Vivo,Afforestation / Reforestation,23,PVC (tCO2e),UNIT
14 Aug 2023,2016,ArBolivia,Forest Carbon,,Plan Vivo,Afforestation / Reforestation,400,PVC (tCO2e),UNIT
31 Aug 2023,2016,ArBolivia,Forest Carbon,,Plan Vivo,Afforestation / Reforestation,159,PVC (tCO2e),UNIT
02 Oct 2023,2016,ArBolivia,Forest Carbon,,Plan Vivo,Afforestation / Reforestation,171,PVC (tCO2e),UNIT
07 Jul 2022,2016,ArBolivia,Forest Carbon,,Plan Vivo,Afforestation / Reforestation,1,PVC (tCO2e),UNIT
07 Aug 2025,2017,ArBolivia,Forest Carbon,,Plan Vivo,Afforestation / Reforestation,400,PVC (tCO2e),UNIT
26 Jan 2024,2016,ArBolivia,Forest Carbon,,Plan Vivo,Afforestation / Reforestation,"1,410",PVC (tCO2e),UNIT
20 Dec 2023,2016,ArBolivia,Forest Carbon,,Plan Vivo,Afforestation / Reforestation,15,PVC (tCO2e),UNIT
24 Nov 2023,2016,ArBolivia,Forest Carbon,,Plan Vivo,Afforestation / Reforestation,17,PVC (tCO2e),UNIT
08 Aug 2017,2011,ArBolivia,Greenamity,,Plan Vivo,Afforestation / Reforestation,177,PVC (tCO2e),UNIT
04 May 2016,2011,ArBolivia,Greenamity,,Plan Vivo,Afforestation / Reforestation,182,PVC (tCO2e),UNIT
28 May 2018,2017,ArBolivia,Greenamity,,Plan Vivo,Afforestation / Reforestation,189,PVC (tCO2e),UNIT
04 May 2016,2011,ArBolivia,Greenamity,,Plan Vivo,Afforestation / Reforestation,182,PVC (tCO2e),UNIT
31 May 2017,2016,ArBolivia,Greenamity,,Plan Vivo,Afforestation / Reforestation,170,PVC (tCO2e),UNIT
28 May 2018,2017,ArBolivia,Greenamity,,Plan Vivo,Afforestation / Reforestation,189,PVC (tCO2e),UNIT
30 Nov 2020,2017,Scolel té Natural Resources Management and Carbon Sequestration Project (Scolel té Natural Resources Management and Carbon Sequestration Project),Green My Room,Green My Room Mexico,Plan Vivo,Afforestation / Reforestation,300,PVC (tCO2e),UNIT
01 Jun 2015,2012,Scolel té Natural Resources Management and Carbon Sequestration Project (Scolel té Natural Resources Management and Carbon Sequestration Project),Green My Room,,Plan Vivo,Afforestation / Reforestation,"4,000",PVC (tCO2e),UNIT
30 Nov 2020,2015,Scolel té Natural Resources Management and Carbon Sequestration Project (Scolel té Natural Resources Management and Carbon Sequestration Project),Green My Room,Green My Room Mexico,Plan Vivo,Afforestation / Reforestation,20,PVC (tCO2e),UNIT
20 Oct 2017,2015,Scolel té Natural Resources Management and Carbon Sequestration Project (Scolel té Natural Resources Management and Carbon Sequestration Project),Green My Room,,Plan Vivo,Afforestation / Reforestation,275,PVC (tCO2e),UNIT
20 Oct 2017,2015,Scolel té Natural Resources Management and Carbon Sequestration Project (Scolel té Natural Resources Management and Carbon Sequestration Project),Green My Room,,Plan Vivo,Afforestation / Reforestation,100,PVC (tCO2e),UNIT
30 Nov 2020,2016,Scolel té Natural Resources Management and Carbon Sequestration Project (Scolel té Natural Resources Management and Carbon Sequestration Project),Green My Room,Green My Room Mexico,Plan Vivo,Afforestation / Reforestation,300,PVC (tCO2e),UNIT
04 Jan 2021,2019,Scolel té Natural Resources Management and Carbon Sequestration Project (Scolel té Natural Resources Management and Carbon Sequestration Project),Green My Room,Green My Room Mexico,Plan Vivo,Afforestation / Reforestation,466,PVC (tCO2e),UNIT
13 Oct 2016,2014 - 2015,Scolel té Natural Resources Management and Carbon Sequestration Project (Scolel té Natural Resources Management and Carbon Sequestration Project),Green My Room,,Plan Vivo,Afforestation / Reforestation,50,PVC (tCO2e),UNIT
08 May 2013,2008,Scolel té Natural Resources Management and Carbon Sequestration Project (Scolel té Natural Resources Management and Carbon Sequestration Project),It's the Planet Limited,,Plan Vivo,Forest,46,PVC (tCO2e),UNIT
08 May 2013,2008,Trees for Global Benefits,It's the Planet Limited,,Plan Vivo,Afforestation / Reforestation,35,PVC (tCO2e),UNIT
08 May 2013,2008,Scolel té Natural Resources Management and Carbon Sequestration Project (Scolel té Natural Resources Management and Carbon Sequestration Project),It's the Planet Limited,,Plan Vivo,Forest,350,PVC (tCO2e),UNIT
08 May 2013,2008,Trees for Global Benefits,It's the Planet Limited,,Plan Vivo,Afforestation / Reforestation,450,PVC (tCO2e),UNIT
06 Aug 2014,2012,Khasi Hills Community REDD+ Project: Restoring and Conserving Meghalaya's Hill ForestsThrough Community Action,Khasi Hills Community REDD+ Project,,Plan Vivo,REDD,360,PVC (tCO2e),UNIT
04 Jan 2016,2014,Khasi Hills Community REDD+ Project: Restoring and Conserving Meghalaya's Hill ForestsThrough Community Action,Khasi Hills Community REDD+ Project,,Plan Vivo,REDD,"2,132",PVC (tCO2e),UNIT
02 Jun 2020,2012 - 2016,Khasi Hills Community REDD+ Project: Restoring and Conserving Meghalaya's Hill ForestsThrough Community Action,Khasi Hills Community REDD+ Project,Arcadia Fund,Plan Vivo,REDD,"49,169",PVC (tCO2e),UNIT
02 Jun 2020,2016,Khasi Hills Community REDD+ Project: Restoring and Conserving Meghalaya's Hill ForestsThrough Community Action,Khasi Hills Community REDD+ Project,Arcadia Fund,Plan Vivo,REDD,250,PVC (tCO2e),UNIT
02 Jun 2020,2016,Khasi Hills Community REDD+ Project: Restoring and Conserving Meghalaya's Hill ForestsThrough Community Action,Khasi Hills Community REDD+ Project,Arcadia Fund,Plan Vivo,REDD,"3,710",PVC (tCO2e),UNIT
02 Jun 2020,2016,Khasi Hills Community REDD+ Project: Restoring and Conserving Meghalaya's Hill ForestsThrough Community Action,Khasi Hills Community REDD+ Project,Arcadia Fund,Plan Vivo,REDD,704,PVC (tCO2e),UNIT
02 Jun 2020,2012 - 2016,Khasi Hills Community REDD+ Project: Restoring and Conserving Meghalaya's Hill ForestsThrough Community Action,Khasi Hills Community REDD+ Project,Arcadia Fun,Plan Vivo,REDD,"10,000",PVC (tCO2e),UNIT
02 Jun 2020,2017,Khasi Hills Community REDD+ Project: Restoring and Conserving Meghalaya's Hill ForestsThrough Community Action,Khasi Hills Community REDD+ Project,Arcadia Fund,Plan Vivo,REDD,"4,617",PVC (tCO2e),UNIT
05 Jun 2018,2016,Khasi Hills Community REDD+ Project: Restoring and Conserving Meghalaya's Hill ForestsThrough Community Action,Khasi Hills Community REDD+ Project,,Plan Vivo,REDD,250,PVC (tCO2e),UNIT
01 Jul 2016,2012,Khasi Hills Community REDD+ Project: Restoring and Conserving Meghalaya's Hill ForestsThrough Community Action,Khasi Hills Community REDD+ Project,,Plan Vivo,REDD,350,PVC (tCO2e),UNIT
07 Nov 2016,2012,Khasi Hills Community REDD+ Project: Restoring and Conserving Meghalaya's Hill ForestsThrough Community Action,Khasi Hills Community REDD+ Project,,Plan Vivo,REDD,1,PVC (tCO2e),UNIT
23 Dec 2020,2016,Trees for Global Benefits,KlimAktiv,Byodo Naturkost GmbH,Plan Vivo,Afforestation / Reforestation,307,PVC (tCO2e),UNIT
21 Jul 2020,2018 - 2019,The CommuniTree Carbon Program (formerly Limay Community Carbon Project),KlimAktiv,Bauck GmbH,Plan Vivo,Forest,700,PVC (tCO2e),UNIT
22 Mar 2023,2019 - 2020,The CommuniTree Carbon Program (formerly Limay Community Carbon Project),KlimAktiv,Bauck GmbH,Plan Vivo,Forest,"1,527",PVC (tCO2e),UNIT
30 Oct 2025,2021,The CommuniTree Carbon Program (formerly Limay Community Carbon Project),KlimAktiv,BitifEye Digital Test Solutions GmbH,Plan Vivo,Forest,106,PVC (tCO2e),UNIT
13 Oct 2021,2019 - 2020,The CommuniTree Carbon Program (formerly Limay Community Carbon Project),KlimAktiv,Bauck GmbH,Plan Vivo,Forest,"1,000",PVC (tCO2e),UNIT
29 Jun 2021,2016 - 2017,The CommuniTree Carbon Program (formerly Limay Community Carbon Project),KlimAktiv,Wilhelm Hoffrogge,Plan Vivo,Forest,20,PVC (tCO2e),UNIT
22 Jul 2021,2016 - 2017,The CommuniTree Carbon Program (formerly Limay Community Carbon Project),KlimAktiv,hochC LANDSCHAFTSARCHITEKTEN PartGmbB,Plan Vivo,Forest,20,PVC (tCO2e),UNIT
11 Apr 2022,2016 - 2017,The CommuniTree Carbon Program (formerly Limay Community Carbon Project),KlimAktiv,Hoffrogge GmbH,Plan Vivo,Forest,270,PVC (tCO2e),UNIT
14 Mar 2024,2018 - 2019,The CommuniTree Carbon Program (formerly Limay Community Carbon Project),KlimAktiv,ErmstalEnergie Dettingen an der Erms GmbH & Co. KG,Plan Vivo,Forest,1,PVC (tCO2e),UNIT
21 Feb 2019,2016 - 2017,The CommuniTree Carbon Program (formerly Limay Community Carbon Project),KlimAktiv,Hoffrogge GmbH,Plan Vivo,Forest,"1,915",PVC (tCO2e),UNIT
14 Mar 2024,2018 - 2019,The CommuniTree Carbon Program (formerly Limay Community Carbon Project),KlimAktiv,ErmstalEnergie Dettingen an der Erms GmbH & Co. KG,Plan Vivo,Forest,747,PVC (tCO2e),UNIT
14 Mar 2024,2016 - 2017,The CommuniTree Carbon Program (formerly Limay Community Carbon Project),KlimAktiv,ErmstalEnergie Dettingen an der Erms GmbH & Co. KG,Plan Vivo,Forest,15,PVC (tCO2e),UNIT
06 Jul 2020,2018 - 2019,The CommuniTree Carbon Program (formerly Limay Community Carbon Project),KlimAktiv,Hoffrogge GmbH,Plan Vivo,Forest,253,PVC (tCO2e),UNIT
03 Dec 2019,2016 - 2017,The CommuniTree Carbon Program (formerly Limay Community Carbon Project),KlimAktiv,Hoffrogge GmbH,Plan Vivo,Forest,235,PVC (tCO2e),UNIT
22 Mar 2023,2019 - 2020,The CommuniTree Carbon Program (formerly Limay Community Carbon Project),KlimAktiv,Bauck GmbH,Plan Vivo,Forest,"1,527",PVC (tCO2e),UNIT
06 Apr 2023,2019 - 2020,The CommuniTree Carbon Program (formerly Limay Community Carbon Project),KlimAktiv,Bauck GmbH,Plan Vivo,Forest,"2,253",PVC (tCO2e),UNIT
07 Jun 2023,2021,The CommuniTree Carbon Program (formerly Limay Community Carbon Project),KlimAktiv,Hoffrogge GmbH,Plan Vivo,Forest,230,PVC (tCO2e),UNIT
31 Mar 2021,2016 - 2017,The CommuniTree Carbon Program (formerly Limay Community Carbon Project),KlimAktiv,Bauck GmbH,Plan Vivo,Forest,"1,000",PVC (tCO2e),UNIT
11 Nov 2020,2018 - 2019,The CommuniTree Carbon Program (formerly Limay Community Carbon Project),KlimAktiv,MUUUH! Group,Plan Vivo,Forest,335,PVC (tCO2e),UNIT
03 Nov 2020,2017 - 2018,The CommuniTree Carbon Program (formerly Limay Community Carbon Project),KlimAktiv,Hoffrogge GmbH,Plan Vivo,Forest,"2,600",PVC (tCO2e),UNIT
11 Nov 2020,2018 - 2019,The CommuniTree Carbon Program (formerly Limay Community Carbon Project),KlimAktiv,MUUUH! Group,Plan Vivo,Forest,335,PVC (tCO2e),UNIT
22 Jul 2021,2016 - 2017,The CommuniTree Carbon Program (formerly Limay Community Carbon Project),KlimAktiv,hochC LANDSCHAFTSARCHITEKTEN PartGmbB,Plan Vivo,Forest,20,PVC (tCO2e),UNIT
13 Oct 2021,2019 - 2020,The CommuniTree Carbon Program (formerly Limay Community Carbon Project),KlimAktiv,Bauck GmbH,Plan Vivo,Forest,"1,000",PVC (tCO2e),UNIT
27 Jul 2021,2016 - 2017,The CommuniTree Carbon Program (formerly Limay Community Carbon Project),KlimAktiv,MUUUH! Group,Plan Vivo,Forest,207,PVC (tCO2e),UNIT
03 Dec 2019,2016 - 2017,The CommuniTree Carbon Program (formerly Limay Community Carbon Project),KlimAktiv,Hoffrogge GmbH,Plan Vivo,Forest,235,PVC (tCO2e),UNIT
29 Jun 2021,2016 - 2017,The CommuniTree Carbon Program (formerly Limay Community Carbon Project),KlimAktiv,Wilhelm Hoffrogge,Plan Vivo,Forest,20,PVC (tCO2e),UNIT
13 Oct 2021,2019 - 2020,The CommuniTree Carbon Program (formerly Limay Community Carbon Project),KlimAktiv,Bauck GmbH,Plan Vivo,Forest,500,PVC (tCO2e),UNIT
23 Nov 2021,2016 - 2017,The CommuniTree Carbon Program (formerly Limay Community Carbon Project),KlimAktiv,Robin Smeulders,Plan Vivo,Forest,18,PVC (tCO2e),UNIT
21 Feb 2019,2016 - 2017,The CommuniTree Carbon Program (formerly Limay Community Carbon Project),KlimAktiv,Hoffrogge GmbH,Plan Vivo,Forest,"1,915",PVC (tCO2e),UNIT
06 Jul 2020,2018 - 2019,The CommuniTree Carbon Program (formerly Limay Community Carbon Project),KlimAktiv,Hoffrogge GmbH,Plan Vivo,Forest,253,PVC (tCO2e),UNIT
14 Mar 2024,2018 - 2019,The CommuniTree Carbon Program (formerly Limay Community Carbon Project),KlimAktiv,ErmstalEnergie Dettingen an der Erms GmbH & Co. KG,Plan Vivo,Forest,747,PVC (tCO2e),UNIT
11 Apr 2022,2016 - 2017,The CommuniTree Carbon Program (formerly Limay Community Carbon Project),KlimAktiv,Hoffrogge GmbH,Plan Vivo,Forest,270,PVC (tCO2e),UNIT
14 Mar 2024,2018 - 2019,The CommuniTree Carbon Program (formerly Limay Community Carbon Project),KlimAktiv,ErmstalEnergie Dettingen an der Erms GmbH & Co. KG,Plan Vivo,Forest,1,PVC (tCO2e),UNIT
14 Mar 2024,2016 - 2017,The CommuniTree Carbon Program (formerly Limay Community Carbon Project),KlimAktiv,ErmstalEnergie Dettingen an der Erms GmbH & Co. KG,Plan Vivo,Forest,15,PVC (tCO2e),UNIT
02 Mar 2026,2024 - 2025,EthioTrees: Ecosystem restoration and agroforestry by landless and smallholder farmers in Tigray (North Ethiopia),Klimate.co,VodafoneZiggo,Plan Vivo,Forest Restoration,53,PVC (tCO2e),UNIT
07 Aug 2023,2022,The CommuniTree Carbon Program (formerly Limay Community Carbon Project),Klimate.co,Klimate ApS,Plan Vivo,Forest,"5,000",PVC (tCO2e),UNIT
02 Mar 2026,2024 - 2025,EthioTrees: Ecosystem restoration and agroforestry by landless and smallholder farmers in Tigray (North Ethiopia),Klimate.co,VodafoneZiggo,Plan Vivo,Forest Restoration,28,PVC (tCO2e),UNIT
02 Mar 2026,2024 - 2025,EthioTrees: Ecosystem restoration and agroforestry by landless and smallholder farmers in Tigray (North Ethiopia),Klimate.co,VodafoneZiggo,Plan Vivo,Forest Restoration,80,PVC (tCO2e),UNIT
29 Jul 2025,2023,The CommuniTree Carbon Program (formerly Limay Community Carbon Project),Klimate.co,Storebrand Livsforsikring AS,Plan Vivo,Forest,71,PVC (tCO2e),UNIT
23 May 2025,2023,The CommuniTree Carbon Program (formerly Limay Community Carbon Project),Klimate.co,DNB ASA,Plan Vivo,Forest,"3,301",PVC (tCO2e),UNIT
21 Jul 2025,2023,The CommuniTree Carbon Program (formerly Limay Community Carbon Project),Klimate.co,Copenhagen Airports A/S,Plan Vivo,Forest,"2,330",PVC (tCO2e),UNIT
12 Mar 2026,2024 - 2025,EthioTrees: Ecosystem restoration and agroforestry by landless and smallholder farmers in Tigray (North Ethiopia),Klimate.co,DNB ASA,Plan Vivo,Forest Restoration,4,PVC (tCO2e),UNIT
23 May 2025,2022,The CommuniTree Carbon Program (formerly Limay Community Carbon Project),Klimate.co,Scenic Tours Europe AG,Plan Vivo,Forest,280,PVC (tCO2e),UNIT
30 Sep 2024,2023,The CommuniTree Carbon Program (formerly Limay Community Carbon Project),Klimate.co,Storebrand Livsforsikring AS,Plan Vivo,Forest,623,PVC (tCO2e),UNIT
07 Aug 2023,2011 - 2019,HALO VERDE TIMOR COMMUNITY FOREST CARBON,Klimate.co,Klimate ApS,Plan Vivo,Afforestation / Reforestation,"1,000",PVC (tCO2e),UNIT
26 Apr 2023,2021,The CommuniTree Carbon Program (formerly Limay Community Carbon Project),Klimate.co,Klimate.co (Klimate ApS),Plan Vivo,Forest,"1,000",PVC (tCO2e),UNIT
29 Jul 2025,2023,The CommuniTree Carbon Program (formerly Limay Community Carbon Project),Klimate.co,Storebrand Livsforsikring AS,Plan Vivo,Forest,71,PVC (tCO2e),UNIT
29 Jul 2025,2023,The CommuniTree Carbon Program (formerly Limay Community Carbon Project),Klimate.co,Storebrand Livsforsikring AS,Plan Vivo,Forest,686,PVC (tCO2e),UNIT
11 Mar 2026,2023 - 2024,"Paskaia Mosquitia, Honduras",Klimate.co,Copenhagen Airport,Plan Vivo,Forest Restoration,"1,785",PVC (tCO2e),UNIT
07 Aug 2023,2022,The CommuniTree Carbon Program (formerly Limay Community Carbon Project),Klimate.co,Klimate ApS,Plan Vivo,Forest,"5,000",PVC (tCO2e),UNIT
12 Mar 2026,2024 - 2025,EthioTrees: Ecosystem restoration and agroforestry by landless and smallholder farmers in Tigray (North Ethiopia),Klimate.co,DNB ASA,Plan Vivo,Forest Restoration,"4,567",PVC (tCO2e),UNIT
11 Mar 2026,2023 - 2024,"Paskaia Mosquitia, Honduras",Klimate.co,Copenhagen Airport,Plan Vivo,Forest Restoration,345,PVC (tCO2e),UNIT
11 Mar 2026,2023,The CommuniTree Carbon Program (formerly Limay Community Carbon Project),Klimate.co,Copenhagen Airport,Plan Vivo,Forest,670,PVC (tCO2e),UNIT
11 Mar 2026,2023 - 2024,"Paskaia Mosquitia, Honduras",Klimate.co,Copenhagen Airport,Plan Vivo,Forest Restoration,76,PVC (tCO2e),UNIT
07 Jul 2021,2013 - 2014,Loru Forest Project,Loru Forest Project,Arcadia Philanthropic Trust,Plan Vivo,Reduced emissions from deforestation & degradation,546,PVC (tCO2e),UNIT
26 Jun 2018,2015 - 2016,Loru Forest Project,Loru Forest Project,,Plan Vivo,Reduced emissions from deforestation & degradation,100,PVC (tCO2e),UNIT
03 Dec 2020,2013 - 2014,Loru Forest Project,Loru Forest Project,Reef Ecologic,Plan Vivo,Reduced emissions from deforestation & degradation,41,PVC (tCO2e),UNIT
03 May 2017,2014 - 2015,Loru Forest Project,Loru Forest Project,,Plan Vivo,Reduced emissions from deforestation & degradation,"1,330",PVC (tCO2e),UNIT
07 Jul 2021,2014 - 2015,Loru Forest Project,Loru Forest Project,Arcadia Philanthropic Trust,Plan Vivo,Reduced emissions from deforestation & degradation,587,PVC (tCO2e),UNIT
07 Jul 2021,2015 - 2016,Loru Forest Project,Loru Forest Project,Arcadia Philanthropic Trust,Plan Vivo,Reduced emissions from deforestation & degradation,196,PVC (tCO2e),UNIT
26 Jun 2018,2015 - 2016,Loru Forest Project,Loru Forest Project,,Plan Vivo,Reduced emissions from deforestation & degradation,82,PVC (tCO2e),UNIT
24 Jun 2025,2021 - 2022,"Pasture Conservation and Climate Action , Mongolia",Mongolian Society for Range Management (MSRM),The Pelorus Foundation,Plan Vivo,Agriculture land management,500,PVC (tCO2e),UNIT
09 Apr 2021,2016 - 2017,"Pasture Conservation and Climate Action , Mongolia",Mongolian Society for Range Management (MSRM),Azolla GmbH CHE-250.123.433 Stanserstrasse 44a 6373 Ennetbürgen Switzerland,Plan Vivo,Agriculture land management,70,PVC (tCO2e),UNIT
24 Feb 2025,2020 - 2021,"Pasture Conservation and Climate Action , Mongolia",Mongolian Society for Range Management (MSRM),The Pelorus Foundation,Plan Vivo,Agriculture land management,500,PVC (tCO2e),UNIT
10 Feb 2025,2022 - 2023,"Pasture Conservation and Climate Action , Mongolia",Mongolian Society for Range Management (MSRM),Stichting European Open Rivers,Plan Vivo,Agriculture land management,5,PVC (tCO2e),UNIT
09 Apr 2021,2016 - 2017,"Pasture Conservation and Climate Action , Mongolia",Mongolian Society for Range Management (MSRM),Azolla GmbH CHE-250.123.433 Stanserstrasse 44a 6373 Ennetbürgen Switzerland,Plan Vivo,Agriculture land management,70,PVC (tCO2e),UNIT
24 Jun 2025,2021 - 2022,"Pasture Conservation and Climate Action , Mongolia",Mongolian Society for Range Management (MSRM),The Pelorus Foundation,Plan Vivo,Agriculture land management,500,PVC (tCO2e),UNIT
09 Nov 2023,2020 - 2021,"Pasture Conservation and Climate Action , Mongolia",Mongolian Society for Range Management (MSRM),Industrial Search Partners,Plan Vivo,Agriculture land management,74,PVC (tCO2e),UNIT
03 Nov 2023,2020 - 2021,"Pasture Conservation and Climate Action , Mongolia",Mongolian Society for Range Management (MSRM),The Pelorus Foundation,Plan Vivo,Agriculture land management,500,PVC (tCO2e),UNIT
16 Oct 2025,2023 - 2024,The Yaeda-Eyasi Landscape REDD project,myclimate,Grosvenor Property UK,Plan Vivo,Forest Conservation & Avoided Deforestation,"4,029",PVC (tCO2e),UNIT
14 Oct 2025,2023,The CommuniTree Carbon Program (formerly Limay Community Carbon Project),myclimate,Convex Group Limited,Plan Vivo,Forest,"1,200",PVC (tCO2e),UNIT
20 Oct 2025,2018 - 2019,"Pasture Conservation and Climate Action , Mongolia",myclimate,Lufthansa Group,Plan Vivo,Agriculture land management,"7,588",PVC (tCO2e),UNIT
12 Feb 2026,2024,The CommuniTree Carbon Program (formerly Limay Community Carbon Project),myclimate,Mizuho International PLC,Plan Vivo,Forest,129,PVC (tCO2e),UNIT
12 Feb 2026,2023 - 2024,The Yaeda-Eyasi Landscape REDD project,myclimate,SQUAKE and its clients,Plan Vivo,Forest Conservation & Avoided Deforestation,1,PVC (tCO2e),UNIT
06 Aug 2024,2019,Babatana Rainforest Conservation Project (Sirebe),myclimate,dvs - Deutscher Versand Service GmbH,Plan Vivo,Improved forest management,"1,279",PVC (tCO2e),UNIT
27 Nov 2014,2010 - 2011,The CommuniTree Carbon Program (formerly Limay Community Carbon Project),myclimate,,Plan Vivo,Forest,"3,000",PVC (tCO2e),UNIT
16 Oct 2025,2022 - 2023,The Yaeda-Eyasi Landscape REDD project,myclimate,Grosvenor Property UK,Plan Vivo,REDD,888,PVC (tCO2e),UNIT
20 Oct 2025,2018 - 2019,"Pasture Conservation and Climate Action , Mongolia",myclimate,Lufthansa Group,Plan Vivo,Agriculture land management,439,PVC (tCO2e),UNIT
30 Mar 2021,2019,Trees for Global Benefits,myclimate,Miele & Cie. KG,Plan Vivo,Afforestation / Reforestation,"5,000",PVC (tCO2e),UNIT
12 Feb 2026,2023 - 2024,The Yaeda-Eyasi Landscape REDD project,myclimate,SQUAKE and its clients,Plan Vivo,Forest Conservation & Avoided Deforestation,1,PVC (tCO2e),UNIT
12 Feb 2026,2023 - 2024,The Yaeda-Eyasi Landscape REDD project,myclimate,Claxton,Plan Vivo,Forest Conservation & Avoided Deforestation,20,PVC (tCO2e),UNIT
12 Feb 2026,2023 - 2024,The Yaeda-Eyasi Landscape REDD project,myclimate,Claxton,Plan Vivo,Forest Conservation & Avoided Deforestation,33,PVC (tCO2e),UNIT
07 Apr 2015,2012,The CommuniTree Carbon Program (formerly Limay Community Carbon Project),myclimate,,Plan Vivo,Forest,823,PVC (tCO2e),UNIT
27 Nov 2025,2023 - 2024,The Yaeda-Eyasi Landscape REDD project,myclimate,Helmholtz-Zentrum für Umweltforschung GmbH  – UFZ,Plan Vivo,Forest Conservation & Avoided Deforestation,535,PVC (tCO2e),UNIT
07 Apr 2015,2013,The CommuniTree Carbon Program (formerly Limay Community Carbon Project),myclimate,,Plan Vivo,Forest,"1,473",PVC (tCO2e),UNIT
14 Aug 2023,2022 - 2023,The Yaeda-Eyasi Landscape REDD project,myclimate,zooplus SE,Plan Vivo,REDD,"3,203",PVC (tCO2e),UNIT
22 Jul 2024,2022,Trees for Global Benefits,myclimate,The World Bank Group,Plan Vivo,Afforestation / Reforestation,"50,000",PVC (tCO2e),UNIT
22 Jul 2024,2023 - 2024,EthioTrees: Ecosystem restoration and agroforestry by landless and smallholder farmers in Tigray (North Ethiopia),myclimate,The World Bank Group,Plan Vivo,Forest Restoration,"10,000",PVC (tCO2e),UNIT
15 Dec 2025,2021 - 2022,The Yaeda-Eyasi Landscape REDD project,myclimate,Deutsches Krebsforschungszentrum – Stiftung des öffentlichen Rechts,Plan Vivo,REDD,163,PVC (tCO2e),UNIT
15 Dec 2025,2022,Trees for Global Benefits,myclimate,Deutsches Krebsforschungszentrum – Stiftung des öffentlichen Rechts,Plan Vivo,Afforestation / Reforestation,163,PVC (tCO2e),UNIT
16 Oct 2025,2022 - 2023,The Yaeda-Eyasi Landscape REDD project,myclimate,Grosvenor Property UK,Plan Vivo,REDD,290,PVC (tCO2e),UNIT
16 Oct 2025,2022 - 2023,The Yaeda-Eyasi Landscape REDD project,myclimate,Grosvenor Property UK,Plan Vivo,REDD,888,PVC (tCO2e),UNIT
16 Oct 2025,2023 - 2024,The Yaeda-Eyasi Landscape REDD project,myclimate,Grosvenor Property UK,Plan Vivo,Forest Conservation & Avoided Deforestation,"4,029",PVC (tCO2e),UNIT
14 Oct 2025,2023,The CommuniTree Carbon Program (formerly Limay Community Carbon Project),myclimate,Convex Group Limited,Plan Vivo,Forest,"1,200",PVC (tCO2e),UNIT
04 Oct 2023,2021 - 2022,The Yaeda-Eyasi Landscape REDD project,Planet Moja,KASAS LIMITED,Plan Vivo,REDD,37,PVC (tCO2e),UNIT
11 Oct 2023,2021,Mikoko Pamoja,Planet Moja,Planet Moja Limited,Plan Vivo,Forest Conservation & Avoided Deforestation,6,PVC (tCO2e),UNIT
23 Jan 2024,2021,Mikoko Pamoja,Planet Moja,Uncover.africa,Plan Vivo,Forest Conservation & Avoided Deforestation,6,PVC (tCO2e),UNIT
29 Jul 2022,2019,Mikoko Pamoja,Planet Moja,chameleon.eco,Plan Vivo,Forest Conservation & Avoided Deforestation,20,PVC (tCO2e),UNIT
11 Oct 2023,2021 - 2022,The Yaeda-Eyasi Landscape REDD project,Planet Moja,Planet Moja Limited,Plan Vivo,REDD,6,PVC (tCO2e),UNIT
11 Oct 2023,2021,Vanga Blue Forest,Planet Moja,Planet Moja Limited,Plan Vivo,Forest Conservation & Avoided Deforestation,6,PVC (tCO2e),UNIT
03 Mar 2026,2022,Vanga Blue Forest,Planet Moja,Nomadic Africa Safaris,Plan Vivo,Forest Conservation & Avoided Deforestation,8,PVC (tCO2e),UNIT
17 Mar 2025,2021,Vanga Blue Forest,Planet Moja,Audio Feed Ltd,Plan Vivo,Forest Conservation & Avoided Deforestation,11,PVC (tCO2e),UNIT
11 Oct 2022,2019,Mikoko Pamoja,Planet Moja,chameleon.eco,Plan Vivo,Forest Conservation & Avoided Deforestation,10,PVC (tCO2e),UNIT
11 Oct 2022,2021,Vanga Blue Forest,Planet Moja,chameleon.eco,Plan Vivo,Forest Conservation & Avoided Deforestation,10,PVC (tCO2e),UNIT
18 Jan 2024,2021 - 2022,The Yaeda-Eyasi Landscape REDD project,Planet Moja,Pkanet Moja Limited,Plan Vivo,REDD,5,PVC (tCO2e),UNIT
12 Jul 2023,2019,Mikoko Pamoja,Planet Moja,Planet Moja Limited,Plan Vivo,Forest Conservation & Avoided Deforestation,7,PVC (tCO2e),UNIT
11 Jul 2023,2019,Mikoko Pamoja,Planet Moja,uncover.africa,Plan Vivo,Forest Conservation & Avoided Deforestation,6,PVC (tCO2e),UNIT
16 May 2025,2021,Vanga Blue Forest,Planet Moja,Andreas Fox Safaris,Plan Vivo,Forest Conservation & Avoided Deforestation,7,PVC (tCO2e),UNIT
17 Jul 2024,2021,Mikoko Pamoja,Planet Moja,Planet Moja Limited,Plan Vivo,Forest Conservation & Avoided Deforestation,6,PVC (tCO2e),UNIT
28 Feb 2024,2021,Mikoko Pamoja,Planet Moja,KASAS LIMITED,Plan Vivo,Forest Conservation & Avoided Deforestation,37,PVC (tCO2e),UNIT
16 May 2025,2021,Vanga Blue Forest,Planet Moja,Andreas Fox Safaris,Plan Vivo,Forest Conservation & Avoided Deforestation,7,PVC (tCO2e),UNIT
16 May 2025,2021,Vanga Blue Forest,Planet Moja,Nomadic Africa Safaris,Plan Vivo,Forest Conservation & Avoided Deforestation,9,PVC (tCO2e),UNIT
12 Jul 2023,2021,Vanga Blue Forest,Planet Moja,Planet Moja Limited,Plan Vivo,Forest Conservation & Avoided Deforestation,10,PVC (tCO2e),UNIT
28 May 2024,2021,Mikoko Pamoja,Planet Moja,Uncover.africa,Plan Vivo,Forest Conservation & Avoided Deforestation,5,PVC (tCO2e),UNIT
17 Jul 2024,2021,Mikoko Pamoja,Planet Moja,Planet Moja Limited,Plan Vivo,Forest Conservation & Avoided Deforestation,6,PVC (tCO2e),UNIT
17 Jul 2024,2021 - 2022,The Yaeda-Eyasi Landscape REDD project,Planet Moja,Planet Moja Limited,Plan Vivo,REDD,5,PVC (tCO2e),UNIT
17 Jul 2024,2021,Vanga Blue Forest,Planet Moja,Planet Moja Limited,Plan Vivo,Forest Conservation & Avoided Deforestation,7,PVC (tCO2e),UNIT
03 Mar 2026,2022,Vanga Blue Forest,Planet Moja,Nomadic Africa Safaris,Plan Vivo,Forest Conservation & Avoided Deforestation,8,PVC (tCO2e),UNIT
11 Jul 2023,2019,Mikoko Pamoja,Planet Moja,uncover.africa,Plan Vivo,Forest Conservation & Avoided Deforestation,6,PVC (tCO2e),UNIT
18 Apr 2024,2021,Mikoko Pamoja,Planet Moja,Planet Moja Limited,Plan Vivo,Forest Conservation & Avoided Deforestation,3,PVC (tCO2e),UNIT
18 Apr 2024,2022,Vanga Blue Forest,Planet Moja,Planet Moja Limited,Plan Vivo,Forest Conservation & Avoided Deforestation,13,PVC (tCO2e),UNIT
18 Apr 2024,2021 - 2022,The Yaeda-Eyasi Landscape REDD project,Planet Moja,Planet Moja Limited,Plan Vivo,REDD,12,PVC (tCO2e),UNIT
25 Apr 2024,2021,Vanga Blue Forest,Planet Moja,Planet Moja Limited,Plan Vivo,Forest Conservation & Avoided Deforestation,10,PVC (tCO2e),UNIT
28 Feb 2024,2021 - 2022,The Yaeda-Eyasi Landscape REDD project,Planet Moja,KASAS LIMITED,Plan Vivo,REDD,37,PVC (tCO2e),UNIT
12 Jul 2023,2019,Mikoko Pamoja,Planet Moja,Planet Moja Limited,Plan Vivo,Forest Conservation & Avoided Deforestation,7,PVC (tCO2e),UNIT
18 Jan 2024,2021 - 2022,The Yaeda-Eyasi Landscape REDD project,Planet Moja,Pkanet Moja Limited,Plan Vivo,REDD,5,PVC (tCO2e),UNIT
27 Oct 2025,2021,Vanga Blue Forest,Planet Moja,Andreas Fox Safaris.,Plan Vivo,Forest Conservation & Avoided Deforestation,12,PVC (tCO2e),UNIT
18 Jan 2024,2021,Mikoko Pamoja,Planet Moja,uncover.africa,Plan Vivo,Forest Conservation & Avoided Deforestation,5,PVC (tCO2e),UNIT
17 Mar 2025,2021,Vanga Blue Forest,Planet Moja,Audio Feed Ltd,Plan Vivo,Forest Conservation & Avoided Deforestation,11,PVC (tCO2e),UNIT
23 Jan 2024,2021,Mikoko Pamoja,Planet Moja,Uncover.africa,Plan Vivo,Forest Conservation & Avoided Deforestation,6,PVC (tCO2e),UNIT
04 Oct 2023,2021 - 2022,The Yaeda-Eyasi Landscape REDD project,Planet Moja,KASAS LIMITED,Plan Vivo,REDD,37,PVC (tCO2e),UNIT
11 Oct 2023,2021,Vanga Blue Forest,Planet Moja,Planet Moja Limited,Plan Vivo,Forest Conservation & Avoided Deforestation,6,PVC (tCO2e),UNIT
11 Oct 2023,2021 - 2022,The Yaeda-Eyasi Landscape REDD project,Planet Moja,Planet Moja Limited,Plan Vivo,REDD,6,PVC (tCO2e),UNIT
11 Oct 2023,2021,Mikoko Pamoja,Planet Moja,Planet Moja Limited,Plan Vivo,Forest Conservation & Avoided Deforestation,6,PVC (tCO2e),UNIT
04 Oct 2023,2021,Mikoko Pamoja,Planet Moja,KASAS LIMITED,Plan Vivo,Forest Conservation & Avoided Deforestation,37,PVC (tCO2e),UNIT
13 Sep 2023,2010 - 2015,The CommuniTree Carbon Program (formerly Limay Community Carbon Project),Plan Vivo Ex-ante Project Buffer,The CommuniTree Carbon Program (formerly Limay Community Carbon Project),Plan Vivo,Forest,"10,991",PVC (tCO2e),RESERVE
12 May 2021,2019 - 2020,The CommuniTree Carbon Program (formerly Limay Community Carbon Project),PRIMAKLIMA e.V. - MultiStandard,,Plan Vivo,Forest,"13,370",PVC (tCO2e),UNIT
05 Feb 2021,2018 - 2019,The CommuniTree Carbon Program (formerly Limay Community Carbon Project),PRIMAKLIMA e.V. - MultiStandard,,Plan Vivo,Forest,"1,195",PVC (tCO2e),UNIT
05 Feb 2021,2018 - 2019,The CommuniTree Carbon Program (formerly Limay Community Carbon Project),PRIMAKLIMA e.V. - MultiStandard,,Plan Vivo,Forest,"3,235",PVC (tCO2e),UNIT
27 Jan 2022,2018 - 2019,The CommuniTree Carbon Program (formerly Limay Community Carbon Project),PRIMAKLIMA e.V. - MultiStandard,,Plan Vivo,Forest,"3,237",PVC (tCO2e),UNIT
27 Jan 2022,2019 - 2020,The CommuniTree Carbon Program (formerly Limay Community Carbon Project),PRIMAKLIMA e.V. - MultiStandard,,Plan Vivo,Forest,698,PVC (tCO2e),UNIT
20 Dec 2018,2014,The CommuniTree Carbon Program (formerly Limay Community Carbon Project),PRIMAKLIMA e.V. - MultiStandard,PRIMAKLIMA e.V.,Plan Vivo,Forest,"1,481",PVC (tCO2e),UNIT
27 Jan 2022,2019 - 2020,The CommuniTree Carbon Program (formerly Limay Community Carbon Project),PRIMAKLIMA e.V. - MultiStandard,,Plan Vivo,Forest,"2,693",PVC (tCO2e),UNIT
27 Jan 2022,2019 - 2020,The CommuniTree Carbon Program (formerly Limay Community Carbon Project),PRIMAKLIMA e.V. - MultiStandard,,Plan Vivo,Forest,"3,294",PVC (tCO2e),UNIT
27 Jan 2022,2019 - 2020,The CommuniTree Carbon Program (formerly Limay Community Carbon Project),PRIMAKLIMA e.V. - MultiStandard,,Plan Vivo,Forest,570,PVC (tCO2e),UNIT
27 Jan 2022,2019 - 2020,The CommuniTree Carbon Program (formerly Limay Community Carbon Project),PRIMAKLIMA e.V. - MultiStandard,,Plan Vivo,Forest,"1,347",PVC (tCO2e),UNIT
15 Jul 2011,2010,The CommuniTree Carbon Program (formerly Limay Community Carbon Project),PRIMAKLIMA e.V. - MultiStandard,,Plan Vivo,Forest,977,PVC (tCO2e),UNIT
15 Jul 2011,2010,The CommuniTree Carbon Program (formerly Limay Community Carbon Project),PRIMAKLIMA e.V. - MultiStandard,,Plan Vivo,Forest,"7,104",PVC (tCO2e),UNIT
06 Jul 2012,2010 - 2011,The CommuniTree Carbon Program (formerly Limay Community Carbon Project),PRIMAKLIMA e.V. - MultiStandard,,Plan Vivo,Forest,"14,797",PVC (tCO2e),UNIT
20 Dec 2012,2010,The CommuniTree Carbon Program (formerly Limay Community Carbon Project),PRIMAKLIMA e.V. - MultiStandard,,Plan Vivo,Forest,720,PVC (tCO2e),UNIT
18 Jun 2012,2010 - 2011,The CommuniTree Carbon Program (formerly Limay Community Carbon Project),PRIMAKLIMA e.V. - MultiStandard,,Plan Vivo,Forest,"1,563",PVC (tCO2e),UNIT
18 Jun 2012,2010 - 2011,The CommuniTree Carbon Program (formerly Limay Community Carbon Project),PRIMAKLIMA e.V. - MultiStandard,,Plan Vivo,Forest,181,PVC (tCO2e),UNIT
18 Jun 2012,2010 - 2011,The CommuniTree Carbon Program (formerly Limay Community Carbon Project),PRIMAKLIMA e.V. - MultiStandard,,Plan Vivo,Forest,"3,196",PVC (tCO2e),UNIT
18 Jun 2012,2010 - 2011,The CommuniTree Carbon Program (formerly Limay Community Carbon Project),PRIMAKLIMA e.V. - MultiStandard,,Plan Vivo,Forest,189,PVC (tCO2e),UNIT
27 Jan 2022,2019 - 2020,The CommuniTree Carbon Program (formerly Limay Community Carbon Project),PRIMAKLIMA e.V. - MultiStandard,,Plan Vivo,Forest,"82,105",PVC (tCO2e),UNIT
29 Dec 2017,2012,The CommuniTree Carbon Program (formerly Limay Community Carbon Project),PRIMAKLIMA e.V. - MultiStandard,,Plan Vivo,Forest,"17,659",PVC (tCO2e),UNIT
20 Dec 2012,2010,The CommuniTree Carbon Program (formerly Limay Community Carbon Project),PRIMAKLIMA e.V. - MultiStandard,,Plan Vivo,Forest,720,PVC (tCO2e),UNIT
20 Dec 2018,2015,The CommuniTree Carbon Program (formerly Limay Community Carbon Project),PRIMAKLIMA e.V. - MultiStandard,PRIMAKLIMA e.V.,Plan Vivo,Forest,"1,340",PVC (tCO2e),UNIT
20 Dec 2018,2015,The CommuniTree Carbon Program (formerly Limay Community Carbon Project),PRIMAKLIMA e.V. - MultiStandard,PRIMAKLIMA e.V.,Plan Vivo,Forest,737,PVC (tCO2e),UNIT
20 Dec 2018,2015,The CommuniTree Carbon Program (formerly Limay Community Carbon Project),PRIMAKLIMA e.V. - MultiStandard,PRIMAKLIMA e.V.,Plan Vivo,Forest,"4,415",PVC (tCO2e),UNIT
20 Dec 2018,2013,The CommuniTree Carbon Program (formerly Limay Community Carbon Project),PRIMAKLIMA e.V. - MultiStandard,PRIMAKLIMA e.V.,Plan Vivo,Forest,629,PVC (tCO2e),UNIT
29 Dec 2017,2010,The CommuniTree Carbon Program (formerly Limay Community Carbon Project),PRIMAKLIMA e.V. - MultiStandard,,Plan Vivo,Forest,521,PVC (tCO2e),UNIT
20 Dec 2018,2013,The CommuniTree Carbon Program (formerly Limay Community Carbon Project),PRIMAKLIMA e.V. - MultiStandard,PRIMAKLIMA e.V.,Plan Vivo,Forest,"1,701",PVC (tCO2e),UNIT
20 Dec 2018,2014,The CommuniTree Carbon Program (formerly Limay Community Carbon Project),PRIMAKLIMA e.V. - MultiStandard,PRIMAKLIMA e.V.,Plan Vivo,Forest,"1,481",PVC (tCO2e),UNIT
06 Jul 2012,2010 - 2011,The CommuniTree Carbon Program (formerly Limay Community Carbon Project),PRIMAKLIMA e.V. - MultiStandard,,Plan Vivo,Forest,"14,797",PVC (tCO2e),UNIT
18 Jun 2012,2010 - 2011,The CommuniTree Carbon Program (formerly Limay Community Carbon Project),PRIMAKLIMA e.V. - MultiStandard,,Plan Vivo,Forest,"1,563",PVC (tCO2e),UNIT
18 Jun 2012,2010 - 2011,The CommuniTree Carbon Program (formerly Limay Community Carbon Project),PRIMAKLIMA e.V. - MultiStandard,,Plan Vivo,Forest,181,PVC (tCO2e),UNIT
18 Jun 2012,2010 - 2011,The CommuniTree Carbon Program (formerly Limay Community Carbon Project),PRIMAKLIMA e.V. - MultiStandard,,Plan Vivo,Forest,"3,196",PVC (tCO2e),UNIT
18 Jun 2012,2010 - 2011,The CommuniTree Carbon Program (formerly Limay Community Carbon Project),PRIMAKLIMA e.V. - MultiStandard,,Plan Vivo,Forest,189,PVC (tCO2e),UNIT
05 Feb 2021,2018 - 2019,The CommuniTree Carbon Program (formerly Limay Community Carbon Project),PRIMAKLIMA e.V. - MultiStandard,,Plan Vivo,Forest,663,PVC (tCO2e),UNIT
15 Jun 2012,2010 - 2011,The CommuniTree Carbon Program (formerly Limay Community Carbon Project),PRIMAKLIMA e.V. - MultiStandard,,Plan Vivo,Forest,622,PVC (tCO2e),UNIT
18 Jun 2012,2010,The CommuniTree Carbon Program (formerly Limay Community Carbon Project),PRIMAKLIMA e.V. - MultiStandard,,Plan Vivo,Forest,"1,480",PVC (tCO2e),UNIT
18 Jun 2012,2010,The CommuniTree Carbon Program (formerly Limay Community Carbon Project),PRIMAKLIMA e.V. - MultiStandard,,Plan Vivo,Forest,207,PVC (tCO2e),UNIT
18 Jun 2012,2010 - 2011,The CommuniTree Carbon Program (formerly Limay Community Carbon Project),PRIMAKLIMA e.V. - MultiStandard,,Plan Vivo,Forest,621,PVC (tCO2e),UNIT
18 Jun 2012,2010 - 2011,The CommuniTree Carbon Program (formerly Limay Community Carbon Project),PRIMAKLIMA e.V. - MultiStandard,,Plan Vivo,Forest,189,PVC (tCO2e),UNIT
18 Jun 2012,2010 - 2011,The CommuniTree Carbon Program (formerly Limay Community Carbon Project),PRIMAKLIMA e.V. - MultiStandard,,Plan Vivo,Forest,"3,196",PVC (tCO2e),UNIT
18 Jun 2012,2010 - 2011,The CommuniTree Carbon Program (formerly Limay Community Carbon Project),PRIMAKLIMA e.V. - MultiStandard,,Plan Vivo,Forest,181,PVC (tCO2e),UNIT
18 Jun 2012,2010 - 2011,The CommuniTree Carbon Program (formerly Limay Community Carbon Project),PRIMAKLIMA e.V. - MultiStandard,,Plan Vivo,Forest,"1,563",PVC (tCO2e),UNIT
06 Jul 2012,2010 - 2011,The CommuniTree Carbon Program (formerly Limay Community Carbon Project),PRIMAKLIMA e.V. - MultiStandard,,Plan Vivo,Forest,"14,797",PVC (tCO2e),UNIT
03 Dec 2013,2012,The CommuniTree Carbon Program (formerly Limay Community Carbon Project),PRIMAKLIMA e.V. - MultiStandard,,Plan Vivo,Forest,200,PVC (tCO2e),UNIT
03 Dec 2013,2012,The CommuniTree Carbon Program (formerly Limay Community Carbon Project),PRIMAKLIMA e.V. - MultiStandard,,Plan Vivo,Forest,89,PVC (tCO2e),UNIT
03 Dec 2013,2012,The CommuniTree Carbon Program (formerly Limay Community Carbon Project),PRIMAKLIMA e.V. - MultiStandard,,Plan Vivo,Forest,"4,600",PVC (tCO2e),UNIT
03 Dec 2013,2012,The CommuniTree Carbon Program (formerly Limay Community Carbon Project),PRIMAKLIMA e.V. - MultiStandard,,Plan Vivo,Forest,"5,334",PVC (tCO2e),UNIT
03 Dec 2013,2012,The CommuniTree Carbon Program (formerly Limay Community Carbon Project),PRIMAKLIMA e.V. - MultiStandard,,Plan Vivo,Forest,25,PVC (tCO2e),UNIT
27 Jan 2022,2019 - 2020,The CommuniTree Carbon Program (formerly Limay Community Carbon Project),PRIMAKLIMA e.V. - MultiStandard,,Plan Vivo,Forest,"19,500",PVC (tCO2e),UNIT
27 Jan 2022,2019 - 2020,The CommuniTree Carbon Program (formerly Limay Community Carbon Project),PRIMAKLIMA e.V. - MultiStandard,,Plan Vivo,Forest,"82,105",PVC (tCO2e),UNIT
27 Jan 2022,2018 - 2019,The CommuniTree Carbon Program (formerly Limay Community Carbon Project),PRIMAKLIMA e.V. - MultiStandard,,Plan Vivo,Forest,"5,756",PVC (tCO2e),UNIT
20 Dec 2018,2013,The CommuniTree Carbon Program (formerly Limay Community Carbon Project),PRIMAKLIMA e.V. - MultiStandard,PRIMAKLIMA e.V.,Plan Vivo,Forest,"1,701",PVC (tCO2e),UNIT
05 Feb 2021,2016 - 2017,The CommuniTree Carbon Program (formerly Limay Community Carbon Project),PRIMAKLIMA e.V. - MultiStandard,,Plan Vivo,Forest,"4,548",PVC (tCO2e),UNIT
20 Dec 2018,2013,The CommuniTree Carbon Program (formerly Limay Community Carbon Project),PRIMAKLIMA e.V. - MultiStandard,PRIMAKLIMA e.V.,Plan Vivo,Forest,629,PVC (tCO2e),UNIT
20 Dec 2018,2015,The CommuniTree Carbon Program (formerly Limay Community Carbon Project),PRIMAKLIMA e.V. - MultiStandard,PRIMAKLIMA e.V.,Plan Vivo,Forest,"4,415",PVC (tCO2e),UNIT
20 Dec 2018,2015,The CommuniTree Carbon Program (formerly Limay Community Carbon Project),PRIMAKLIMA e.V. - MultiStandard,PRIMAKLIMA e.V.,Plan Vivo,Forest,737,PVC (tCO2e),UNIT
20 Dec 2018,2014,The CommuniTree Carbon Program (formerly Limay Community Carbon Project),PRIMAKLIMA e.V. - MultiStandard,PRIMAKLIMA e.V.,Plan Vivo,Forest,"2,284",PVC (tCO2e),UNIT
20 Dec 2018,2015,The CommuniTree Carbon Program (formerly Limay Community Carbon Project),PRIMAKLIMA e.V. - MultiStandard,PRIMAKLIMA e.V.,Plan Vivo,Forest,"1,340",PVC (tCO2e),UNIT
03 Dec 2013,2012,The CommuniTree Carbon Program (formerly Limay Community Carbon Project),PRIMAKLIMA e.V. - MultiStandard,,Plan Vivo,Forest,200,PVC (tCO2e),UNIT
03 Dec 2013,2012,The CommuniTree Carbon Program (formerly Limay Community Carbon Project),PRIMAKLIMA e.V. - MultiStandard,,Plan Vivo,Forest,89,PVC (tCO2e),UNIT
03 Dec 2013,2012,The CommuniTree Carbon Program (formerly Limay Community Carbon Project),PRIMAKLIMA e.V. - MultiStandard,,Plan Vivo,Forest,"4,600",PVC (tCO2e),UNIT
03 Dec 2013,2012,The CommuniTree Carbon Program (formerly Limay Community Carbon Project),PRIMAKLIMA e.V. - MultiStandard,,Plan Vivo,Forest,"5,334",PVC (tCO2e),UNIT
03 Dec 2013,2012,The CommuniTree Carbon Program (formerly Limay Community Carbon Project),PRIMAKLIMA e.V. - MultiStandard,,Plan Vivo,Forest,25,PVC (tCO2e),UNIT
05 Feb 2021,2016 - 2017,The CommuniTree Carbon Program (formerly Limay Community Carbon Project),PRIMAKLIMA e.V. - MultiStandard,,Plan Vivo,Forest,"4,548",PVC (tCO2e),UNIT
27 Jan 2022,2019 - 2020,The CommuniTree Carbon Program (formerly Limay Community Carbon Project),PRIMAKLIMA e.V. - MultiStandard,,Plan Vivo,Forest,"2,172",PVC (tCO2e),UNIT
09 Dec 2014,2012,The CommuniTree Carbon Program (formerly Limay Community Carbon Project),PRIMAKLIMA e.V. - MultiStandard,,Plan Vivo,Forest,56,PVC (tCO2e),UNIT
09 Dec 2014,2012,The CommuniTree Carbon Program (formerly Limay Community Carbon Project),PRIMAKLIMA e.V. - MultiStandard,,Plan Vivo,Forest,574,PVC (tCO2e),UNIT
09 Dec 2014,2012,The CommuniTree Carbon Program (formerly Limay Community Carbon Project),PRIMAKLIMA e.V. - MultiStandard,,Plan Vivo,Forest,336,PVC (tCO2e),UNIT
09 Dec 2014,2013,The CommuniTree Carbon Program (formerly Limay Community Carbon Project),PRIMAKLIMA e.V. - MultiStandard,,Plan Vivo,Forest,"2,376",PVC (tCO2e),UNIT
12 May 2021,2019 - 2020,The CommuniTree Carbon Program (formerly Limay Community Carbon Project),PRIMAKLIMA e.V. - MultiStandard,,Plan Vivo,Forest,"13,370",PVC (tCO2e),UNIT
05 Feb 2021,2017 - 2018,The CommuniTree Carbon Program (formerly Limay Community Carbon Project),PRIMAKLIMA e.V. - MultiStandard,,Plan Vivo,Forest,"9,510",PVC (tCO2e),UNIT
23 Dec 2019,2016,The CommuniTree Carbon Program (formerly Limay Community Carbon Project),PRIMAKLIMA e.V. - MultiStandard,PRIMAKLIMA e.V.,Plan Vivo,Forest,"5,753",PVC (tCO2e),UNIT
23 Dec 2019,2016,The CommuniTree Carbon Program (formerly Limay Community Carbon Project),PRIMAKLIMA e.V. - MultiStandard,PRIMAKLIMA e.V.,Plan Vivo,Forest,"4,496",PVC (tCO2e),UNIT
23 Dec 2019,2016,The CommuniTree Carbon Program (formerly Limay Community Carbon Project),PRIMAKLIMA e.V. - MultiStandard,PRIMAKLIMA e.V.,Plan Vivo,Forest,"1,195",PVC (tCO2e),UNIT
23 Dec 2019,2016,The CommuniTree Carbon Program (formerly Limay Community Carbon Project),PRIMAKLIMA e.V. - MultiStandard,PRIMAKLIMA e.V.,Plan Vivo,Forest,515,PVC (tCO2e),UNIT
20 Dec 2018,2015,The CommuniTree Carbon Program (formerly Limay Community Carbon Project),PRIMAKLIMA e.V. - MultiStandard,PRIMAKLIMA e.V.,Plan Vivo,Forest,"1,340",PVC (tCO2e),UNIT
20 Dec 2018,2015,The CommuniTree Carbon Program (formerly Limay Community Carbon Project),PRIMAKLIMA e.V. - MultiStandard,PRIMAKLIMA e.V.,Plan Vivo,Forest,737,PVC (tCO2e),UNIT
20 Dec 2018,2015,The CommuniTree Carbon Program (formerly Limay Community Carbon Project),PRIMAKLIMA e.V. - MultiStandard,PRIMAKLIMA e.V.,Plan Vivo,Forest,"4,415",PVC (tCO2e),UNIT
27 Jan 2022,2019 - 2020,The CommuniTree Carbon Program (formerly Limay Community Carbon Project),PRIMAKLIMA e.V. - MultiStandard,,Plan Vivo,Forest,"19,500",PVC (tCO2e),UNIT
27 Jan 2022,2019 - 2020,The CommuniTree Carbon Program (formerly Limay Community Carbon Project),PRIMAKLIMA e.V. - MultiStandard,,Plan Vivo,Forest,"82,105",PVC (tCO2e),UNIT
08 Jul 2015,2013,Scolel té Natural Resources Management and Carbon Sequestration Project (Scolel té Natural Resources Management and Carbon Sequestration Project),Pronatura,,Plan Vivo,Afforestation / Reforestation,18,PVC (tCO2e),UNIT
08 Jul 2015,2013,Scolel té Natural Resources Management and Carbon Sequestration Project (Scolel té Natural Resources Management and Carbon Sequestration Project),Pronatura,,Plan Vivo,Afforestation / Reforestation,12,PVC (tCO2e),UNIT
25 Jun 2015,2012,Scolel té Natural Resources Management and Carbon Sequestration Project (Scolel té Natural Resources Management and Carbon Sequestration Project),Pronatura,,Plan Vivo,Afforestation / Reforestation,13,PVC (tCO2e),UNIT
09 Jul 2015,2013,Scolel té Natural Resources Management and Carbon Sequestration Project (Scolel té Natural Resources Management and Carbon Sequestration Project),Pronatura,,Plan Vivo,Afforestation / Reforestation,1,PVC (tCO2e),UNIT
08 Jul 2015,2013,Scolel té Natural Resources Management and Carbon Sequestration Project (Scolel té Natural Resources Management and Carbon Sequestration Project),Pronatura,,Plan Vivo,Afforestation / Reforestation,2,PVC (tCO2e),UNIT
25 Jun 2015,2012,Scolel té Natural Resources Management and Carbon Sequestration Project (Scolel té Natural Resources Management and Carbon Sequestration Project),Pronatura,,Plan Vivo,Afforestation / Reforestation,38,PVC (tCO2e),UNIT
08 Jul 2015,2013,Scolel té Natural Resources Management and Carbon Sequestration Project (Scolel té Natural Resources Management and Carbon Sequestration Project),Pronatura,,Plan Vivo,Afforestation / Reforestation,8,PVC (tCO2e),UNIT
08 Jul 2015,2013,Scolel té Natural Resources Management and Carbon Sequestration Project (Scolel té Natural Resources Management and Carbon Sequestration Project),Pronatura,,Plan Vivo,Afforestation / Reforestation,1,PVC (tCO2e),UNIT
08 Jul 2015,2013,Scolel té Natural Resources Management and Carbon Sequestration Project (Scolel té Natural Resources Management and Carbon Sequestration Project),Pronatura,,Plan Vivo,Afforestation / Reforestation,1,PVC (tCO2e),UNIT
08 Jul 2015,2013,Scolel té Natural Resources Management and Carbon Sequestration Project (Scolel té Natural Resources Management and Carbon Sequestration Project),Pronatura,,Plan Vivo,Afforestation / Reforestation,4,PVC (tCO2e),UNIT
08 Jul 2015,2013,Scolel té Natural Resources Management and Carbon Sequestration Project (Scolel té Natural Resources Management and Carbon Sequestration Project),Pronatura,,Plan Vivo,Afforestation / Reforestation,6,PVC (tCO2e),UNIT
08 Jul 2015,2013,Scolel té Natural Resources Management and Carbon Sequestration Project (Scolel té Natural Resources Management and Carbon Sequestration Project),Pronatura,,Plan Vivo,Afforestation / Reforestation,1,PVC (tCO2e),UNIT
08 Jul 2015,2013,Scolel té Natural Resources Management and Carbon Sequestration Project (Scolel té Natural Resources Management and Carbon Sequestration Project),Pronatura,,Plan Vivo,Afforestation / Reforestation,60,PVC (tCO2e),UNIT
08 Jul 2015,2013,Scolel té Natural Resources Management and Carbon Sequestration Project (Scolel té Natural Resources Management and Carbon Sequestration Project),Pronatura,,Plan Vivo,Afforestation / Reforestation,1,PVC (tCO2e),UNIT
08 Jul 2015,2013,Scolel té Natural Resources Management and Carbon Sequestration Project (Scolel té Natural Resources Management and Carbon Sequestration Project),Pronatura,,Plan Vivo,Afforestation / Reforestation,4,PVC (tCO2e),UNIT
08 Jul 2015,2013,Scolel té Natural Resources Management and Carbon Sequestration Project (Scolel té Natural Resources Management and Carbon Sequestration Project),Pronatura,,Plan Vivo,Afforestation / Reforestation,60,PVC (tCO2e),UNIT
08 Jul 2015,2013,Scolel té Natural Resources Management and Carbon Sequestration Project (Scolel té Natural Resources Management and Carbon Sequestration Project),Pronatura,,Plan Vivo,Afforestation / Reforestation,9,PVC (tCO2e),UNIT
08 Jul 2015,2013,Scolel té Natural Resources Management and Carbon Sequestration Project (Scolel té Natural Resources Management and Carbon Sequestration Project),Pronatura,,Plan Vivo,Afforestation / Reforestation,19,PVC (tCO2e),UNIT
08 Jul 2015,2013,Scolel té Natural Resources Management and Carbon Sequestration Project (Scolel té Natural Resources Management and Carbon Sequestration Project),Pronatura,,Plan Vivo,Afforestation / Reforestation,12,PVC (tCO2e),UNIT
29 Sep 2017,2015 - 2016,Rehabilitation and sustainable management by REACH Italia of degraded pastures in the Sahel region of Burkina Faso,REACH italia,,Plan Vivo,Afforestation / Reforestation,500,PVC (tCO2e),UNIT
23 Apr 2024,2016 - 2017,Rehabilitation and sustainable management by AGED of degraded pastures in the Sahel region of Burkina Faso,REACH italia,LUXDEV,Plan Vivo,Afforestation / Reforestation,331,PVC (tCO2e),UNIT
23 Apr 2024,2017 - 2018,Rehabilitation and sustainable management by AGED of degraded pastures in the Sahel region of Burkina Faso,REACH italia,LUXDEV,Plan Vivo,Afforestation / Reforestation,219,PVC (tCO2e),UNIT
27 Feb 2026,2024,ArBolivia,Sicirec Bolivia ltda,"Trees for All Stichting, KvK 34124154",Plan Vivo,Afforestation / Reforestation,"35,336",PVC (tCO2e),UNIT
17 Jun 2025,2022,ArBolivia,Sicirec Bolivia ltda,"Trees for All Stichting, KvK 34124154",Plan Vivo,Afforestation / Reforestation,"19,060",PVC (tCO2e),UNIT
25 Jun 2025,2023 - 2024,ArBolivia,Sicirec Bolivia ltda,"Trees for All Stichting, KvK 34124154",Plan Vivo,Afforestation / Reforestation,"158,143",PVC (tCO2e),UNIT
21 Dec 2018,2017,Scolel té Natural Resources Management and Carbon Sequestration Project (Scolel té Natural Resources Management and Carbon Sequestration Project),Sociedad Cooperativa Ambio,Community Tours Sian Kaan,Plan Vivo,Afforestation / Reforestation,42,PVC (tCO2e),UNIT
21 Dec 2018,2017,Scolel té Natural Resources Management and Carbon Sequestration Project (Scolel té Natural Resources Management and Carbon Sequestration Project),Sociedad Cooperativa Ambio,Vehículos Líquidos Financieros S.A.P.I de C.V. SOFOM ENR,Plan Vivo,Afforestation / Reforestation,16,PVC (tCO2e),UNIT
21 Dec 2018,2017,Scolel té Natural Resources Management and Carbon Sequestration Project (Scolel té Natural Resources Management and Carbon Sequestration Project),Sociedad Cooperativa Ambio,MARTierra an Hábitas/Rise Earth Preservation,Plan Vivo,Afforestation / Reforestation,8,PVC (tCO2e),UNIT
16 Dec 2024,2023,Scolel té Natural Resources Management and Carbon Sequestration Project (Scolel té Natural Resources Management and Carbon Sequestration Project),Sociedad Cooperativa Ambio,Silvia Stefanelli,Plan Vivo,Afforestation / Reforestation,8,PVC (tCO2e),UNIT
26 Nov 2025,2024,Scolel té Natural Resources Management and Carbon Sequestration Project (Scolel té Natural Resources Management and Carbon Sequestration Project),Sociedad Cooperativa Ambio,PANASONIC ENERGY MÉXICO SA DE CV,Plan Vivo,Afforestation / Reforestation,28,PVC (tCO2e),UNIT
26 Nov 2025,2024,Scolel té Natural Resources Management and Carbon Sequestration Project (Scolel té Natural Resources Management and Carbon Sequestration Project),Sociedad Cooperativa Ambio,PANASONIC ENERGY MÉXICO SA DE CV,Plan Vivo,Afforestation / Reforestation,35,PVC (tCO2e),UNIT
26 Nov 2025,2024,Scolel té Natural Resources Management and Carbon Sequestration Project (Scolel té Natural Resources Management and Carbon Sequestration Project),Sociedad Cooperativa Ambio,PANASONIC ENERGY MÉXICO SA DE CV,Plan Vivo,Afforestation / Reforestation,15,PVC (tCO2e),UNIT
16 Dec 2024,2023,Scolel té Natural Resources Management and Carbon Sequestration Project (Scolel té Natural Resources Management and Carbon Sequestration Project),Sociedad Cooperativa Ambio,PANASONIC ENERGY MEXICO,Plan Vivo,Afforestation / Reforestation,9,PVC (tCO2e),UNIT
16 Dec 2024,2023,Scolel té Natural Resources Management and Carbon Sequestration Project (Scolel té Natural Resources Management and Carbon Sequestration Project),Sociedad Cooperativa Ambio,PANASONIC ENERGY MEXICO,Plan Vivo,Afforestation / Reforestation,20,PVC (tCO2e),UNIT
26 Nov 2025,2024,Scolel té Natural Resources Management and Carbon Sequestration Project (Scolel té Natural Resources Management and Carbon Sequestration Project),Sociedad Cooperativa Ambio,LOMAS GLOBAL SERVICES,Plan Vivo,Afforestation / Reforestation,50,PVC (tCO2e),UNIT
22 Dec 2024,2022,Scolel té Natural Resources Management and Carbon Sequestration Project (Scolel té Natural Resources Management and Carbon Sequestration Project),Sociedad Cooperativa Ambio,DAVINES S.P.A.,Plan Vivo,Afforestation / Reforestation,266,PVC (tCO2e),UNIT
07 Nov 2022,2021,Scolel té Natural Resources Management and Carbon Sequestration Project (Scolel té Natural Resources Management and Carbon Sequestration Project),Sociedad Cooperativa Ambio,Davines S.p.A.,Plan Vivo,Afforestation / Reforestation,"3,657",PVC (tCO2e),UNIT
07 Nov 2022,2021,Scolel té Natural Resources Management and Carbon Sequestration Project (Scolel té Natural Resources Management and Carbon Sequestration Project),Sociedad Cooperativa Ambio,Davines S.p.A.,Plan Vivo,Afforestation / Reforestation,7,PVC (tCO2e),UNIT
22 Dec 2020,2019,Scolel té Natural Resources Management and Carbon Sequestration Project (Scolel té Natural Resources Management and Carbon Sequestration Project),Sociedad Cooperativa Ambio,Unión de Crédito Concreces SA de CV,Plan Vivo,Afforestation / Reforestation,50,PVC (tCO2e),UNIT
07 Nov 2022,2021,Scolel té Natural Resources Management and Carbon Sequestration Project (Scolel té Natural Resources Management and Carbon Sequestration Project),Sociedad Cooperativa Ambio,Davines S.p.A.,Plan Vivo,Afforestation / Reforestation,68,PVC (tCO2e),UNIT
07 Nov 2022,2021,Scolel té Natural Resources Management and Carbon Sequestration Project (Scolel té Natural Resources Management and Carbon Sequestration Project),Sociedad Cooperativa Ambio,Davines S.p.A.,Plan Vivo,Afforestation / Reforestation,90,PVC (tCO2e),UNIT
26 Nov 2025,2024,Scolel té Natural Resources Management and Carbon Sequestration Project (Scolel té Natural Resources Management and Carbon Sequestration Project),Sociedad Cooperativa Ambio,MANO PROMOTORIA,Plan Vivo,Afforestation / Reforestation,33,PVC (tCO2e),UNIT
07 Nov 2022,2021,Scolel té Natural Resources Management and Carbon Sequestration Project (Scolel té Natural Resources Management and Carbon Sequestration Project),Sociedad Cooperativa Ambio,Davines S.p.A.,Plan Vivo,Afforestation / Reforestation,66,PVC (tCO2e),UNIT
06 Jul 2015,2013,Scolel té Natural Resources Management and Carbon Sequestration Project (Scolel té Natural Resources Management and Carbon Sequestration Project),Sociedad Cooperativa Ambio,,Plan Vivo,Afforestation / Reforestation,60,PVC (tCO2e),UNIT
06 Jul 2015,2013,Scolel té Natural Resources Management and Carbon Sequestration Project (Scolel té Natural Resources Management and Carbon Sequestration Project),Sociedad Cooperativa Ambio,,Plan Vivo,Afforestation / Reforestation,352,PVC (tCO2e),UNIT
06 Jul 2015,2013,Scolel té Natural Resources Management and Carbon Sequestration Project (Scolel té Natural Resources Management and Carbon Sequestration Project),Sociedad Cooperativa Ambio,,Plan Vivo,Afforestation / Reforestation,72,PVC (tCO2e),UNIT
06 Jul 2015,2013,Scolel té Natural Resources Management and Carbon Sequestration Project (Scolel té Natural Resources Management and Carbon Sequestration Project),Sociedad Cooperativa Ambio,,Plan Vivo,Afforestation / Reforestation,40,PVC (tCO2e),UNIT
06 Jul 2015,2013,Scolel té Natural Resources Management and Carbon Sequestration Project (Scolel té Natural Resources Management and Carbon Sequestration Project),Sociedad Cooperativa Ambio,,Plan Vivo,Afforestation / Reforestation,4,PVC (tCO2e),UNIT
06 Jul 2015,2013,Scolel té Natural Resources Management and Carbon Sequestration Project (Scolel té Natural Resources Management and Carbon Sequestration Project),Sociedad Cooperativa Ambio,,Plan Vivo,Afforestation / Reforestation,4,PVC (tCO2e),UNIT
06 Jul 2015,2013,Scolel té Natural Resources Management and Carbon Sequestration Project (Scolel té Natural Resources Management and Carbon Sequestration Project),Sociedad Cooperativa Ambio,,Plan Vivo,Afforestation / Reforestation,4,PVC (tCO2e),UNIT
06 Jul 2015,2013,Scolel té Natural Resources Management and Carbon Sequestration Project (Scolel té Natural Resources Management and Carbon Sequestration Project),Sociedad Cooperativa Ambio,,Plan Vivo,Afforestation / Reforestation,4,PVC (tCO2e),UNIT
06 Jul 2015,2013,Scolel té Natural Resources Management and Carbon Sequestration Project (Scolel té Natural Resources Management and Carbon Sequestration Project),Sociedad Cooperativa Ambio,,Plan Vivo,Afforestation / Reforestation,4,PVC (tCO2e),UNIT
06 Jul 2015,2013,Scolel té Natural Resources Management and Carbon Sequestration Project (Scolel té Natural Resources Management and Carbon Sequestration Project),Sociedad Cooperativa Ambio,,Plan Vivo,Afforestation / Reforestation,4,PVC (tCO2e),UNIT
06 Jul 2015,2013,Scolel té Natural Resources Management and Carbon Sequestration Project (Scolel té Natural Resources Management and Carbon Sequestration Project),Sociedad Cooperativa Ambio,,Plan Vivo,Afforestation / Reforestation,29,PVC (tCO2e),UNIT
06 Jul 2015,2013,Scolel té Natural Resources Management and Carbon Sequestration Project (Scolel té Natural Resources Management and Carbon Sequestration Project),Sociedad Cooperativa Ambio,,Plan Vivo,Afforestation / Reforestation,5,PVC (tCO2e),UNIT
06 Jul 2015,2013,Scolel té Natural Resources Management and Carbon Sequestration Project (Scolel té Natural Resources Management and Carbon Sequestration Project),Sociedad Cooperativa Ambio,,Plan Vivo,Afforestation / Reforestation,30,PVC (tCO2e),UNIT
06 Jul 2015,2013,Scolel té Natural Resources Management and Carbon Sequestration Project (Scolel té Natural Resources Management and Carbon Sequestration Project),Sociedad Cooperativa Ambio,,Plan Vivo,Afforestation / Reforestation,76,PVC (tCO2e),UNIT
01 Sep 2016,2014 - 2015,Scolel té Natural Resources Management and Carbon Sequestration Project (Scolel té Natural Resources Management and Carbon Sequestration Project),Sociedad Cooperativa Ambio,,Plan Vivo,Afforestation / Reforestation,15,PVC (tCO2e),UNIT
22 Dec 2020,2019,Scolel té Natural Resources Management and Carbon Sequestration Project (Scolel té Natural Resources Management and Carbon Sequestration Project),Sociedad Cooperativa Ambio,Natura Distribuidora de México,Plan Vivo,Afforestation / Reforestation,6,PVC (tCO2e),UNIT
23 Dec 2020,2019,Scolel té Natural Resources Management and Carbon Sequestration Project (Scolel té Natural Resources Management and Carbon Sequestration Project),Sociedad Cooperativa Ambio,Franziska Kleinmagd,Plan Vivo,Afforestation / Reforestation,17,PVC (tCO2e),UNIT
31 Jul 2025,2023,Scolel té Natural Resources Management and Carbon Sequestration Project (Scolel té Natural Resources Management and Carbon Sequestration Project),Sociedad Cooperativa Ambio,DAVINES S.P.A.,Plan Vivo,Afforestation / Reforestation,"3,128",PVC (tCO2e),UNIT
23 Dec 2020,2019,Scolel té Natural Resources Management and Carbon Sequestration Project (Scolel té Natural Resources Management and Carbon Sequestration Project),Sociedad Cooperativa Ambio,Gabino Hernández Olvera,Plan Vivo,Afforestation / Reforestation,40,PVC (tCO2e),UNIT
23 Dec 2020,2019,Scolel té Natural Resources Management and Carbon Sequestration Project (Scolel té Natural Resources Management and Carbon Sequestration Project),Sociedad Cooperativa Ambio,Luis Alejandro Montes de Oca,Plan Vivo,Afforestation / Reforestation,19,PVC (tCO2e),UNIT
23 Dec 2020,2019,Scolel té Natural Resources Management and Carbon Sequestration Project (Scolel té Natural Resources Management and Carbon Sequestration Project),Sociedad Cooperativa Ambio,Moíses Rosas Bonilla,Plan Vivo,Afforestation / Reforestation,40,PVC (tCO2e),UNIT
23 Dec 2020,2019,Scolel té Natural Resources Management and Carbon Sequestration Project (Scolel té Natural Resources Management and Carbon Sequestration Project),Sociedad Cooperativa Ambio,Julio César Hernández Cruz,Plan Vivo,Afforestation / Reforestation,40,PVC (tCO2e),UNIT
22 Dec 2020,2019,Scolel té Natural Resources Management and Carbon Sequestration Project (Scolel té Natural Resources Management and Carbon Sequestration Project),Sociedad Cooperativa Ambio,Unión de Crédito General de SA de CV,Plan Vivo,Afforestation / Reforestation,33,PVC (tCO2e),UNIT
01 Jun 2011,2010,Scolel té Natural Resources Management and Carbon Sequestration Project (Scolel té Natural Resources Management and Carbon Sequestration Project),Sociedad Cooperativa Ambio,,Plan Vivo,Afforestation / Reforestation,80,PVC (tCO2e),UNIT
26 Nov 2025,2024,Scolel té Natural Resources Management and Carbon Sequestration Project (Scolel té Natural Resources Management and Carbon Sequestration Project),Sociedad Cooperativa Ambio,Dreams Riviera Cancún,Plan Vivo,Afforestation / Reforestation,10,PVC (tCO2e),UNIT
17 Jan 2014,2010,Scolel té Natural Resources Management and Carbon Sequestration Project (Scolel té Natural Resources Management and Carbon Sequestration Project),Sociedad Cooperativa Ambio,,Plan Vivo,Afforestation / Reforestation,"1,650",PVC (tCO2e),UNIT
01 Jun 2011,2010,Scolel té Natural Resources Management and Carbon Sequestration Project (Scolel té Natural Resources Management and Carbon Sequestration Project),Sociedad Cooperativa Ambio,,Plan Vivo,Afforestation / Reforestation,"3,002",PVC (tCO2e),UNIT
26 Nov 2025,2024,Scolel té Natural Resources Management and Carbon Sequestration Project (Scolel té Natural Resources Management and Carbon Sequestration Project),Sociedad Cooperativa Ambio,Rosewood Mayakoba,Plan Vivo,Afforestation / Reforestation,10,PVC (tCO2e),UNIT
11 Feb 2010,2004,Scolel té Natural Resources Management and Carbon Sequestration Project (Scolel té Natural Resources Management and Carbon Sequestration Project),Sociedad Cooperativa Ambio,,Plan Vivo,Forest,"4,455",PVC (tCO2e),UNIT
26 Nov 2025,2024,Scolel té Natural Resources Management and Carbon Sequestration Project (Scolel té Natural Resources Management and Carbon Sequestration Project),Sociedad Cooperativa Ambio,Camaleón Consultoría Sustentable,Plan Vivo,Afforestation / Reforestation,8,PVC (tCO2e),UNIT
26 Nov 2019,2017,Scolel té Natural Resources Management and Carbon Sequestration Project (Scolel té Natural Resources Management and Carbon Sequestration Project),Sociedad Cooperativa Ambio,Counter Culture Coffee,Plan Vivo,Afforestation / Reforestation,"1,063",PVC (tCO2e),UNIT
10 Aug 2018,2016,Scolel té Natural Resources Management and Carbon Sequestration Project (Scolel té Natural Resources Management and Carbon Sequestration Project),Sociedad Cooperativa Ambio,,Plan Vivo,Afforestation / Reforestation,35,PVC (tCO2e),UNIT
10 Aug 2018,2016,Scolel té Natural Resources Management and Carbon Sequestration Project (Scolel té Natural Resources Management and Carbon Sequestration Project),Sociedad Cooperativa Ambio,,Plan Vivo,Afforestation / Reforestation,26,PVC (tCO2e),UNIT
10 Aug 2018,2016,Scolel té Natural Resources Management and Carbon Sequestration Project (Scolel té Natural Resources Management and Carbon Sequestration Project),Sociedad Cooperativa Ambio,,Plan Vivo,Afforestation / Reforestation,90,PVC (tCO2e),UNIT
08 Jun 2018,2016,Scolel té Natural Resources Management and Carbon Sequestration Project (Scolel té Natural Resources Management and Carbon Sequestration Project),Sociedad Cooperativa Ambio,,Plan Vivo,Afforestation / Reforestation,15,PVC (tCO2e),UNIT
22 Mar 2018,2016,Scolel té Natural Resources Management and Carbon Sequestration Project (Scolel té Natural Resources Management and Carbon Sequestration Project),Sociedad Cooperativa Ambio,,Plan Vivo,Afforestation / Reforestation,130,PVC (tCO2e),UNIT
13 Feb 2018,2016,Scolel té Natural Resources Management and Carbon Sequestration Project (Scolel té Natural Resources Management and Carbon Sequestration Project),Sociedad Cooperativa Ambio,,Plan Vivo,Afforestation / Reforestation,3,PVC (tCO2e),UNIT
04 Jan 2018,2016,Scolel té Natural Resources Management and Carbon Sequestration Project (Scolel té Natural Resources Management and Carbon Sequestration Project),Sociedad Cooperativa Ambio,,Plan Vivo,Afforestation / Reforestation,97,PVC (tCO2e),UNIT
30 Oct 2017,2016,Scolel té Natural Resources Management and Carbon Sequestration Project (Scolel té Natural Resources Management and Carbon Sequestration Project),Sociedad Cooperativa Ambio,,Plan Vivo,Afforestation / Reforestation,94,PVC (tCO2e),UNIT
30 Oct 2017,2016,Scolel té Natural Resources Management and Carbon Sequestration Project (Scolel té Natural Resources Management and Carbon Sequestration Project),Sociedad Cooperativa Ambio,,Plan Vivo,Afforestation / Reforestation,2,PVC (tCO2e),UNIT
02 Oct 2017,2016,Scolel té Natural Resources Management and Carbon Sequestration Project (Scolel té Natural Resources Management and Carbon Sequestration Project),Sociedad Cooperativa Ambio,,Plan Vivo,Afforestation / Reforestation,6,PVC (tCO2e),UNIT
02 Oct 2017,2016,Scolel té Natural Resources Management and Carbon Sequestration Project (Scolel té Natural Resources Management and Carbon Sequestration Project),Sociedad Cooperativa Ambio,,Plan Vivo,Afforestation / Reforestation,15,PVC (tCO2e),UNIT
02 Oct 2017,2016,Scolel té Natural Resources Management and Carbon Sequestration Project (Scolel té Natural Resources Management and Carbon Sequestration Project),Sociedad Cooperativa Ambio,,Plan Vivo,Afforestation / Reforestation,5,PVC (tCO2e),UNIT
02 Oct 2017,2016,Scolel té Natural Resources Management and Carbon Sequestration Project (Scolel té Natural Resources Management and Carbon Sequestration Project),Sociedad Cooperativa Ambio,,Plan Vivo,Afforestation / Reforestation,120,PVC (tCO2e),UNIT
02 Oct 2017,2016,Scolel té Natural Resources Management and Carbon Sequestration Project (Scolel té Natural Resources Management and Carbon Sequestration Project),Sociedad Cooperativa Ambio,,Plan Vivo,Afforestation / Reforestation,9,PVC (tCO2e),UNIT
04 Jan 2018,2016,Scolel té Natural Resources Management and Carbon Sequestration Project (Scolel té Natural Resources Management and Carbon Sequestration Project),Sociedad Cooperativa Ambio,,Plan Vivo,Afforestation / Reforestation,97,PVC (tCO2e),UNIT
26 Nov 2019,2018,Scolel té Natural Resources Management and Carbon Sequestration Project (Scolel té Natural Resources Management and Carbon Sequestration Project),Sociedad Cooperativa Ambio,Los Asistentes del Sustainable & Social Tourism Summit,Plan Vivo,Afforestation / Reforestation,130,PVC (tCO2e),UNIT
26 Nov 2019,2018,Scolel té Natural Resources Management and Carbon Sequestration Project (Scolel té Natural Resources Management and Carbon Sequestration Project),Sociedad Cooperativa Ambio,Mar y Tierra-HABITAS,Plan Vivo,Afforestation / Reforestation,20,PVC (tCO2e),UNIT
26 Nov 2019,2018,Scolel té Natural Resources Management and Carbon Sequestration Project (Scolel té Natural Resources Management and Carbon Sequestration Project),Sociedad Cooperativa Ambio,Art With Me-HABITAS,Plan Vivo,Afforestation / Reforestation,20,PVC (tCO2e),UNIT
26 Nov 2019,2018,Scolel té Natural Resources Management and Carbon Sequestration Project (Scolel té Natural Resources Management and Carbon Sequestration Project),Sociedad Cooperativa Ambio,M.en C. Olmo Torres Talamante,Plan Vivo,Afforestation / Reforestation,9,PVC (tCO2e),UNIT
26 Nov 2019,2018,Scolel té Natural Resources Management and Carbon Sequestration Project (Scolel té Natural Resources Management and Carbon Sequestration Project),Sociedad Cooperativa Ambio,FIL Guadalajara,Plan Vivo,Afforestation / Reforestation,112,PVC (tCO2e),UNIT
26 Nov 2019,2018,Scolel té Natural Resources Management and Carbon Sequestration Project (Scolel té Natural Resources Management and Carbon Sequestration Project),Sociedad Cooperativa Ambio,BCO Kukulcan S. de R.L. de C.V. (Hotel Occidental Tucancun),Plan Vivo,Afforestation / Reforestation,6,PVC (tCO2e),UNIT
26 Nov 2019,2018,Scolel té Natural Resources Management and Carbon Sequestration Project (Scolel té Natural Resources Management and Carbon Sequestration Project),Sociedad Cooperativa Ambio,BCO Kukulcan S. de R.L. de C.V. (Occidental Costa Cancún),Plan Vivo,Afforestation / Reforestation,20,PVC (tCO2e),UNIT
26 Nov 2019,2018,Scolel té Natural Resources Management and Carbon Sequestration Project (Scolel té Natural Resources Management and Carbon Sequestration Project),Sociedad Cooperativa Ambio,Héctor Reyes Flores,Plan Vivo,Afforestation / Reforestation,8,PVC (tCO2e),UNIT
26 Nov 2019,2018,Scolel té Natural Resources Management and Carbon Sequestration Project (Scolel té Natural Resources Management and Carbon Sequestration Project),Sociedad Cooperativa Ambio,Sustentur,Plan Vivo,Afforestation / Reforestation,10,PVC (tCO2e),UNIT
26 Nov 2019,2018,Scolel té Natural Resources Management and Carbon Sequestration Project (Scolel té Natural Resources Management and Carbon Sequestration Project),Sociedad Cooperativa Ambio,Randi Shawn Stellar,Plan Vivo,Afforestation / Reforestation,317,PVC (tCO2e),UNIT
30 Oct 2017,2016,Scolel té Natural Resources Management and Carbon Sequestration Project (Scolel té Natural Resources Management and Carbon Sequestration Project),Sociedad Cooperativa Ambio,,Plan Vivo,Afforestation / Reforestation,94,PVC (tCO2e),UNIT
30 Oct 2017,2016,Scolel té Natural Resources Management and Carbon Sequestration Project (Scolel té Natural Resources Management and Carbon Sequestration Project),Sociedad Cooperativa Ambio,,Plan Vivo,Afforestation / Reforestation,2,PVC (tCO2e),UNIT
26 Nov 2019,2018,Scolel té Natural Resources Management and Carbon Sequestration Project (Scolel té Natural Resources Management and Carbon Sequestration Project),Sociedad Cooperativa Ambio,Ben Twist,Plan Vivo,Afforestation / Reforestation,19,PVC (tCO2e),UNIT
26 Nov 2019,2018,Scolel té Natural Resources Management and Carbon Sequestration Project (Scolel té Natural Resources Management and Carbon Sequestration Project),Sociedad Cooperativa Ambio,Carnaval Bahidorá (Distrito Global),Plan Vivo,Afforestation / Reforestation,80,PVC (tCO2e),UNIT
02 Oct 2017,2016,Scolel té Natural Resources Management and Carbon Sequestration Project (Scolel té Natural Resources Management and Carbon Sequestration Project),Sociedad Cooperativa Ambio,,Plan Vivo,Afforestation / Reforestation,5,PVC (tCO2e),UNIT
02 Oct 2017,2016,Scolel té Natural Resources Management and Carbon Sequestration Project (Scolel té Natural Resources Management and Carbon Sequestration Project),Sociedad Cooperativa Ambio,,Plan Vivo,Afforestation / Reforestation,30,PVC (tCO2e),UNIT
02 Oct 2017,2016,Scolel té Natural Resources Management and Carbon Sequestration Project (Scolel té Natural Resources Management and Carbon Sequestration Project),Sociedad Cooperativa Ambio,,Plan Vivo,Afforestation / Reforestation,"1,756",PVC (tCO2e),UNIT
02 Oct 2017,2016,Scolel té Natural Resources Management and Carbon Sequestration Project (Scolel té Natural Resources Management and Carbon Sequestration Project),Sociedad Cooperativa Ambio,,Plan Vivo,Afforestation / Reforestation,178,PVC (tCO2e),UNIT
02 Oct 2017,2016,Scolel té Natural Resources Management and Carbon Sequestration Project (Scolel té Natural Resources Management and Carbon Sequestration Project),Sociedad Cooperativa Ambio,,Plan Vivo,Afforestation / Reforestation,2,PVC (tCO2e),UNIT
02 Oct 2017,2016,Scolel té Natural Resources Management and Carbon Sequestration Project (Scolel té Natural Resources Management and Carbon Sequestration Project),Sociedad Cooperativa Ambio,,Plan Vivo,Afforestation / Reforestation,150,PVC (tCO2e),UNIT
02 Oct 2017,2016,Scolel té Natural Resources Management and Carbon Sequestration Project (Scolel té Natural Resources Management and Carbon Sequestration Project),Sociedad Cooperativa Ambio,,Plan Vivo,Afforestation / Reforestation,1,PVC (tCO2e),UNIT
02 Oct 2017,2016,Scolel té Natural Resources Management and Carbon Sequestration Project (Scolel té Natural Resources Management and Carbon Sequestration Project),Sociedad Cooperativa Ambio,,Plan Vivo,Afforestation / Reforestation,20,PVC (tCO2e),UNIT
01 Jun 2011,2010,Scolel té Natural Resources Management and Carbon Sequestration Project (Scolel té Natural Resources Management and Carbon Sequestration Project),Sociedad Cooperativa Ambio,,Plan Vivo,Afforestation / Reforestation,146,PVC (tCO2e),UNIT
01 Jun 2011,2010,Scolel té Natural Resources Management and Carbon Sequestration Project (Scolel té Natural Resources Management and Carbon Sequestration Project),Sociedad Cooperativa Ambio,,Plan Vivo,Afforestation / Reforestation,16,PVC (tCO2e),UNIT
01 Jun 2011,2010,Scolel té Natural Resources Management and Carbon Sequestration Project (Scolel té Natural Resources Management and Carbon Sequestration Project),Sociedad Cooperativa Ambio,,Plan Vivo,Afforestation / Reforestation,3,PVC (tCO2e),UNIT
02 Oct 2017,2016,Scolel té Natural Resources Management and Carbon Sequestration Project (Scolel té Natural Resources Management and Carbon Sequestration Project),Sociedad Cooperativa Ambio,,Plan Vivo,Afforestation / Reforestation,"1,132",PVC (tCO2e),UNIT
01 Jun 2011,2010,Scolel té Natural Resources Management and Carbon Sequestration Project (Scolel té Natural Resources Management and Carbon Sequestration Project),Sociedad Cooperativa Ambio,,Plan Vivo,Afforestation / Reforestation,83,PVC (tCO2e),UNIT
01 Jun 2011,2010,Scolel té Natural Resources Management and Carbon Sequestration Project (Scolel té Natural Resources Management and Carbon Sequestration Project),Sociedad Cooperativa Ambio,,Plan Vivo,Afforestation / Reforestation,608,PVC (tCO2e),UNIT
11 Feb 2010,2006,Scolel té Natural Resources Management and Carbon Sequestration Project (Scolel té Natural Resources Management and Carbon Sequestration Project),Sociedad Cooperativa Ambio,,Plan Vivo,Forest,5,PVC (tCO2e),UNIT
05 Jan 2024,2022,Scolel té Natural Resources Management and Carbon Sequestration Project (Scolel té Natural Resources Management and Carbon Sequestration Project),Sociedad Cooperativa Ambio,SABIO COMPANY,Plan Vivo,Afforestation / Reforestation,3,PVC (tCO2e),UNIT
05 Jan 2024,2022,Scolel té Natural Resources Management and Carbon Sequestration Project (Scolel té Natural Resources Management and Carbon Sequestration Project),Sociedad Cooperativa Ambio,Famlia Arroyo Sucar,Plan Vivo,Afforestation / Reforestation,3,PVC (tCO2e),UNIT
01 Sep 2016,2014 - 2015,Scolel té Natural Resources Management and Carbon Sequestration Project (Scolel té Natural Resources Management and Carbon Sequestration Project),Sociedad Cooperativa Ambio,,Plan Vivo,Afforestation / Reforestation,"1,341",PVC (tCO2e),UNIT
16 Nov 2021,2020,Scolel té Natural Resources Management and Carbon Sequestration Project (Scolel té Natural Resources Management and Carbon Sequestration Project),Sociedad Cooperativa Ambio,Climate Partner,Plan Vivo,Afforestation / Reforestation,"1,800",PVC (tCO2e),UNIT
05 Jan 2024,2022,Scolel té Natural Resources Management and Carbon Sequestration Project (Scolel té Natural Resources Management and Carbon Sequestration Project),Sociedad Cooperativa Ambio,Sector Films S.A. de C.V.[The Maestros],Plan Vivo,Afforestation / Reforestation,1,PVC (tCO2e),UNIT
21 Dec 2018,2017,Scolel té Natural Resources Management and Carbon Sequestration Project (Scolel té Natural Resources Management and Carbon Sequestration Project),Sociedad Cooperativa Ambio,FIL Guadalajara,Plan Vivo,Afforestation / Reforestation,10,PVC (tCO2e),UNIT
22 Dec 2020,2019,Scolel té Natural Resources Management and Carbon Sequestration Project (Scolel té Natural Resources Management and Carbon Sequestration Project),Sociedad Cooperativa Ambio,Absolut México,Plan Vivo,Afforestation / Reforestation,13,PVC (tCO2e),UNIT
01 Sep 2016,2014 - 2015,Scolel té Natural Resources Management and Carbon Sequestration Project (Scolel té Natural Resources Management and Carbon Sequestration Project),Sociedad Cooperativa Ambio,,Plan Vivo,Afforestation / Reforestation,13,PVC (tCO2e),UNIT
21 Dec 2018,2017,Scolel té Natural Resources Management and Carbon Sequestration Project (Scolel té Natural Resources Management and Carbon Sequestration Project),Sociedad Cooperativa Ambio,Palsgaard Industri México S. de R.L. de C.V.,Plan Vivo,Afforestation / Reforestation,145,PVC (tCO2e),UNIT
21 Dec 2018,2017,Scolel té Natural Resources Management and Carbon Sequestration Project (Scolel té Natural Resources Management and Carbon Sequestration Project),Sociedad Cooperativa Ambio,ABC Aerolíneas S.A. de C.V.,Plan Vivo,Afforestation / Reforestation,892,PVC (tCO2e),UNIT
21 Dec 2018,2017,Scolel té Natural Resources Management and Carbon Sequestration Project (Scolel té Natural Resources Management and Carbon Sequestration Project),Sociedad Cooperativa Ambio,Secretaría de Energía,Plan Vivo,Afforestation / Reforestation,10,PVC (tCO2e),UNIT
21 Dec 2018,2017,Scolel té Natural Resources Management and Carbon Sequestration Project (Scolel té Natural Resources Management and Carbon Sequestration Project),Sociedad Cooperativa Ambio,Climate Stewards,Plan Vivo,Afforestation / Reforestation,"1,501",PVC (tCO2e),UNIT
17 Apr 2014,2012,Scolel té Natural Resources Management and Carbon Sequestration Project (Scolel té Natural Resources Management and Carbon Sequestration Project),Sociedad Cooperativa Ambio,,Plan Vivo,Afforestation / Reforestation,120,PVC (tCO2e),UNIT
17 Apr 2014,2012,Scolel té Natural Resources Management and Carbon Sequestration Project (Scolel té Natural Resources Management and Carbon Sequestration Project),Sociedad Cooperativa Ambio,,Plan Vivo,Afforestation / Reforestation,55,PVC (tCO2e),UNIT
22 Apr 2014,2012,Scolel té Natural Resources Management and Carbon Sequestration Project (Scolel té Natural Resources Management and Carbon Sequestration Project),Sociedad Cooperativa Ambio,,Plan Vivo,Afforestation / Reforestation,350,PVC (tCO2e),UNIT
01 Sep 2023,2021,Scolel té Natural Resources Management and Carbon Sequestration Project (Scolel té Natural Resources Management and Carbon Sequestration Project),Sociedad Cooperativa Ambio,Saint Gobain Cluster Norte,Plan Vivo,Afforestation / Reforestation,182,PVC (tCO2e),UNIT
22 Dec 2020,2019,Scolel té Natural Resources Management and Carbon Sequestration Project (Scolel té Natural Resources Management and Carbon Sequestration Project),Sociedad Cooperativa Ambio,Ben Twist,Plan Vivo,Afforestation / Reforestation,18,PVC (tCO2e),UNIT
22 Dec 2020,2019,Scolel té Natural Resources Management and Carbon Sequestration Project (Scolel té Natural Resources Management and Carbon Sequestration Project),Sociedad Cooperativa Ambio,Desarrolladora MAM de Centroamérica,Plan Vivo,Afforestation / Reforestation,"2,071",PVC (tCO2e),UNIT
22 Dec 2020,2019,Scolel té Natural Resources Management and Carbon Sequestration Project (Scolel té Natural Resources Management and Carbon Sequestration Project),Sociedad Cooperativa Ambio,Carnaval Bahidorá (Distrito Global),Plan Vivo,Afforestation / Reforestation,110,PVC (tCO2e),UNIT
02 Jun 2011,2010,Scolel té Natural Resources Management and Carbon Sequestration Project (Scolel té Natural Resources Management and Carbon Sequestration Project),Sociedad Cooperativa Ambio,,Plan Vivo,Afforestation / Reforestation,"1,500",PVC (tCO2e),UNIT
24 Nov 2011,2010,Scolel té Natural Resources Management and Carbon Sequestration Project (Scolel té Natural Resources Management and Carbon Sequestration Project),Sociedad Cooperativa Ambio,,Plan Vivo,Afforestation / Reforestation,1,PVC (tCO2e),UNIT
24 Nov 2011,2010,Scolel té Natural Resources Management and Carbon Sequestration Project (Scolel té Natural Resources Management and Carbon Sequestration Project),Sociedad Cooperativa Ambio,,Plan Vivo,Afforestation / Reforestation,173,PVC (tCO2e),UNIT
22 Dec 2020,2019,Scolel té Natural Resources Management and Carbon Sequestration Project (Scolel té Natural Resources Management and Carbon Sequestration Project),Sociedad Cooperativa Ambio,Asociación Nacional de Tiendas de Autoservicio y Departamentales AC ANTAD,Plan Vivo,Afforestation / Reforestation,104,PVC (tCO2e),UNIT
22 Dec 2020,2019,Scolel té Natural Resources Management and Carbon Sequestration Project (Scolel té Natural Resources Management and Carbon Sequestration Project),Sociedad Cooperativa Ambio,Alexsandrovich Andrade Tapia,Plan Vivo,Afforestation / Reforestation,19,PVC (tCO2e),UNIT
22 Dec 2020,2019,Scolel té Natural Resources Management and Carbon Sequestration Project (Scolel té Natural Resources Management and Carbon Sequestration Project),Sociedad Cooperativa Ambio,Unión de Crédito General de SA de CV,Plan Vivo,Afforestation / Reforestation,33,PVC (tCO2e),UNIT
22 Dec 2020,2019,Scolel té Natural Resources Management and Carbon Sequestration Project (Scolel té Natural Resources Management and Carbon Sequestration Project),Sociedad Cooperativa Ambio,Festival Art With Me*GNP,Plan Vivo,Afforestation / Reforestation,432,PVC (tCO2e),UNIT
22 Dec 2020,2019,Scolel té Natural Resources Management and Carbon Sequestration Project (Scolel té Natural Resources Management and Carbon Sequestration Project),Sociedad Cooperativa Ambio,Art With Me-HABITAS,Plan Vivo,Afforestation / Reforestation,40,PVC (tCO2e),UNIT
11 Feb 2010,2004,Scolel té Natural Resources Management and Carbon Sequestration Project (Scolel té Natural Resources Management and Carbon Sequestration Project),Sociedad Cooperativa Ambio,,Plan Vivo,Forest,"4,455",PVC (tCO2e),UNIT
11 Feb 2010,2003,Scolel té Natural Resources Management and Carbon Sequestration Project (Scolel té Natural Resources Management and Carbon Sequestration Project),Sociedad Cooperativa Ambio,,Plan Vivo,Forest,"4,455",PVC (tCO2e),UNIT
11 Feb 2010,2003,Scolel té Natural Resources Management and Carbon Sequestration Project (Scolel té Natural Resources Management and Carbon Sequestration Project),Sociedad Cooperativa Ambio,,Plan Vivo,Forest,20,PVC (tCO2e),UNIT
04 Jan 2018,2016,Scolel té Natural Resources Management and Carbon Sequestration Project (Scolel té Natural Resources Management and Carbon Sequestration Project),Sociedad Cooperativa Ambio,,Plan Vivo,Afforestation / Reforestation,97,PVC (tCO2e),UNIT
06 Jul 2015,2013,Scolel té Natural Resources Management and Carbon Sequestration Project (Scolel té Natural Resources Management and Carbon Sequestration Project),Sociedad Cooperativa Ambio,,Plan Vivo,Afforestation / Reforestation,25,PVC (tCO2e),UNIT
06 Jul 2015,2013,Scolel té Natural Resources Management and Carbon Sequestration Project (Scolel té Natural Resources Management and Carbon Sequestration Project),Sociedad Cooperativa Ambio,,Plan Vivo,Afforestation / Reforestation,53,PVC (tCO2e),UNIT
06 Jul 2015,2013,Scolel té Natural Resources Management and Carbon Sequestration Project (Scolel té Natural Resources Management and Carbon Sequestration Project),Sociedad Cooperativa Ambio,,Plan Vivo,Afforestation / Reforestation,20,PVC (tCO2e),UNIT
06 Jul 2015,2013,Scolel té Natural Resources Management and Carbon Sequestration Project (Scolel té Natural Resources Management and Carbon Sequestration Project),Sociedad Cooperativa Ambio,,Plan Vivo,Afforestation / Reforestation,40,PVC (tCO2e),UNIT
06 Jul 2015,2013,Scolel té Natural Resources Management and Carbon Sequestration Project (Scolel té Natural Resources Management and Carbon Sequestration Project),Sociedad Cooperativa Ambio,,Plan Vivo,Afforestation / Reforestation,20,PVC (tCO2e),UNIT
06 Jul 2015,2013,Scolel té Natural Resources Management and Carbon Sequestration Project (Scolel té Natural Resources Management and Carbon Sequestration Project),Sociedad Cooperativa Ambio,,Plan Vivo,Afforestation / Reforestation,238,PVC (tCO2e),UNIT
06 Jul 2015,2013,Scolel té Natural Resources Management and Carbon Sequestration Project (Scolel té Natural Resources Management and Carbon Sequestration Project),Sociedad Cooperativa Ambio,,Plan Vivo,Afforestation / Reforestation,60,PVC (tCO2e),UNIT
06 Jul 2015,2013,Scolel té Natural Resources Management and Carbon Sequestration Project (Scolel té Natural Resources Management and Carbon Sequestration Project),Sociedad Cooperativa Ambio,,Plan Vivo,Afforestation / Reforestation,352,PVC (tCO2e),UNIT
06 Jul 2015,2013,Scolel té Natural Resources Management and Carbon Sequestration Project (Scolel té Natural Resources Management and Carbon Sequestration Project),Sociedad Cooperativa Ambio,,Plan Vivo,Afforestation / Reforestation,72,PVC (tCO2e),UNIT
06 Jul 2015,2013,Scolel té Natural Resources Management and Carbon Sequestration Project (Scolel té Natural Resources Management and Carbon Sequestration Project),Sociedad Cooperativa Ambio,,Plan Vivo,Afforestation / Reforestation,40,PVC (tCO2e),UNIT
30 Oct 2017,2016,Scolel té Natural Resources Management and Carbon Sequestration Project (Scolel té Natural Resources Management and Carbon Sequestration Project),Sociedad Cooperativa Ambio,,Plan Vivo,Afforestation / Reforestation,94,PVC (tCO2e),UNIT
06 Jul 2015,2013,Scolel té Natural Resources Management and Carbon Sequestration Project (Scolel té Natural Resources Management and Carbon Sequestration Project),Sociedad Cooperativa Ambio,,Plan Vivo,Afforestation / Reforestation,4,PVC (tCO2e),UNIT
30 Oct 2017,2016,Scolel té Natural Resources Management and Carbon Sequestration Project (Scolel té Natural Resources Management and Carbon Sequestration Project),Sociedad Cooperativa Ambio,,Plan Vivo,Afforestation / Reforestation,2,PVC (tCO2e),UNIT
02 Oct 2017,2016,Scolel té Natural Resources Management and Carbon Sequestration Project (Scolel té Natural Resources Management and Carbon Sequestration Project),Sociedad Cooperativa Ambio,,Plan Vivo,Afforestation / Reforestation,6,PVC (tCO2e),UNIT
22 Jan 2024,2022,Scolel té Natural Resources Management and Carbon Sequestration Project (Scolel té Natural Resources Management and Carbon Sequestration Project),Sociedad Cooperativa Ambio,Davines,Plan Vivo,Afforestation / Reforestation,55,PVC (tCO2e),UNIT
22 Jan 2024,2022,Scolel té Natural Resources Management and Carbon Sequestration Project (Scolel té Natural Resources Management and Carbon Sequestration Project),Sociedad Cooperativa Ambio,Davines,Plan Vivo,Afforestation / Reforestation,63,PVC (tCO2e),UNIT
22 Jan 2024,2022,Scolel té Natural Resources Management and Carbon Sequestration Project (Scolel té Natural Resources Management and Carbon Sequestration Project),Sociedad Cooperativa Ambio,Davines,Plan Vivo,Afforestation / Reforestation,77,PVC (tCO2e),UNIT
22 Jan 2024,2022,Scolel té Natural Resources Management and Carbon Sequestration Project (Scolel té Natural Resources Management and Carbon Sequestration Project),Sociedad Cooperativa Ambio,Davines,Plan Vivo,Afforestation / Reforestation,1,PVC (tCO2e),UNIT
22 Jan 2024,2022,Scolel té Natural Resources Management and Carbon Sequestration Project (Scolel té Natural Resources Management and Carbon Sequestration Project),Sociedad Cooperativa Ambio,Davines,Plan Vivo,Afforestation / Reforestation,83,PVC (tCO2e),UNIT
22 Jan 2024,2022,Scolel té Natural Resources Management and Carbon Sequestration Project (Scolel té Natural Resources Management and Carbon Sequestration Project),Sociedad Cooperativa Ambio,Davines,Plan Vivo,Afforestation / Reforestation,"1,003",PVC (tCO2e),UNIT
22 Jan 2024,2022,Scolel té Natural Resources Management and Carbon Sequestration Project (Scolel té Natural Resources Management and Carbon Sequestration Project),Sociedad Cooperativa Ambio,Davines,Plan Vivo,Afforestation / Reforestation,"6,217",PVC (tCO2e),UNIT
10 Aug 2018,2016,Scolel té Natural Resources Management and Carbon Sequestration Project (Scolel té Natural Resources Management and Carbon Sequestration Project),Sociedad Cooperativa Ambio,,Plan Vivo,Afforestation / Reforestation,35,PVC (tCO2e),UNIT
01 Sep 2016,2014 - 2015,Scolel té Natural Resources Management and Carbon Sequestration Project (Scolel té Natural Resources Management and Carbon Sequestration Project),Sociedad Cooperativa Ambio,,Plan Vivo,Afforestation / Reforestation,15,PVC (tCO2e),UNIT
01 Sep 2016,2014 - 2015,Scolel té Natural Resources Management and Carbon Sequestration Project (Scolel té Natural Resources Management and Carbon Sequestration Project),Sociedad Cooperativa Ambio,,Plan Vivo,Afforestation / Reforestation,"2,000",PVC (tCO2e),UNIT
01 Sep 2016,2014 - 2015,Scolel té Natural Resources Management and Carbon Sequestration Project (Scolel té Natural Resources Management and Carbon Sequestration Project),Sociedad Cooperativa Ambio,,Plan Vivo,Afforestation / Reforestation,285,PVC (tCO2e),UNIT
01 Sep 2016,2014 - 2015,Scolel té Natural Resources Management and Carbon Sequestration Project (Scolel té Natural Resources Management and Carbon Sequestration Project),Sociedad Cooperativa Ambio,,Plan Vivo,Afforestation / Reforestation,"5,070",PVC (tCO2e),UNIT
01 Sep 2016,2014 - 2015,Scolel té Natural Resources Management and Carbon Sequestration Project (Scolel té Natural Resources Management and Carbon Sequestration Project),Sociedad Cooperativa Ambio,,Plan Vivo,Afforestation / Reforestation,966,PVC (tCO2e),UNIT
11 Dec 2024,2023,Scolel té Natural Resources Management and Carbon Sequestration Project (Scolel té Natural Resources Management and Carbon Sequestration Project),Sociedad Cooperativa Ambio,THERMO FISHER SCIENTIFIC,Plan Vivo,Afforestation / Reforestation,5,PVC (tCO2e),UNIT
01 Sep 2016,2014 - 2015,Scolel té Natural Resources Management and Carbon Sequestration Project (Scolel té Natural Resources Management and Carbon Sequestration Project),Sociedad Cooperativa Ambio,,Plan Vivo,Afforestation / Reforestation,"1,500",PVC (tCO2e),UNIT
22 Apr 2014,2012,Scolel té Natural Resources Management and Carbon Sequestration Project (Scolel té Natural Resources Management and Carbon Sequestration Project),Sociedad Cooperativa Ambio,,Plan Vivo,Afforestation / Reforestation,350,PVC (tCO2e),UNIT
17 Apr 2014,2012,Scolel té Natural Resources Management and Carbon Sequestration Project (Scolel té Natural Resources Management and Carbon Sequestration Project),Sociedad Cooperativa Ambio,,Plan Vivo,Afforestation / Reforestation,55,PVC (tCO2e),UNIT
17 Apr 2014,2012,Scolel té Natural Resources Management and Carbon Sequestration Project (Scolel té Natural Resources Management and Carbon Sequestration Project),Sociedad Cooperativa Ambio,,Plan Vivo,Afforestation / Reforestation,120,PVC (tCO2e),UNIT
17 Apr 2014,2012,Scolel té Natural Resources Management and Carbon Sequestration Project (Scolel té Natural Resources Management and Carbon Sequestration Project),Sociedad Cooperativa Ambio,,Plan Vivo,Afforestation / Reforestation,"3,500",PVC (tCO2e),UNIT
17 Apr 2014,2012,Scolel té Natural Resources Management and Carbon Sequestration Project (Scolel té Natural Resources Management and Carbon Sequestration Project),Sociedad Cooperativa Ambio,,Plan Vivo,Afforestation / Reforestation,40,PVC (tCO2e),UNIT
17 Apr 2014,2012,Scolel té Natural Resources Management and Carbon Sequestration Project (Scolel té Natural Resources Management and Carbon Sequestration Project),Sociedad Cooperativa Ambio,,Plan Vivo,Afforestation / Reforestation,70,PVC (tCO2e),UNIT
18 Jun 2013,2011,Scolel té Natural Resources Management and Carbon Sequestration Project (Scolel té Natural Resources Management and Carbon Sequestration Project),Sociedad Cooperativa Ambio,,Plan Vivo,Afforestation / Reforestation,230,PVC (tCO2e),UNIT
06 Feb 2014,2011,Scolel té Natural Resources Management and Carbon Sequestration Project (Scolel té Natural Resources Management and Carbon Sequestration Project),Sociedad Cooperativa Ambio,,Plan Vivo,Afforestation / Reforestation,150,PVC (tCO2e),UNIT
11 Dec 2024,2023,Scolel té Natural Resources Management and Carbon Sequestration Project (Scolel té Natural Resources Management and Carbon Sequestration Project),Sociedad Cooperativa Ambio,THERMO FISHER SCIENTIFIC,Plan Vivo,Afforestation / Reforestation,5,PVC (tCO2e),UNIT
11 Dec 2024,2023,Scolel té Natural Resources Management and Carbon Sequestration Project (Scolel té Natural Resources Management and Carbon Sequestration Project),Sociedad Cooperativa Ambio,Janssen LatAm Oncology Summit,Plan Vivo,Afforestation / Reforestation,63,PVC (tCO2e),UNIT
11 Dec 2024,2023,Scolel té Natural Resources Management and Carbon Sequestration Project (Scolel té Natural Resources Management and Carbon Sequestration Project),Sociedad Cooperativa Ambio,ÓSCAR MARTÍNEZ FERNÁNDEZ,Plan Vivo,Afforestation / Reforestation,20,PVC (tCO2e),UNIT
11 Dec 2024,2023,Scolel té Natural Resources Management and Carbon Sequestration Project (Scolel té Natural Resources Management and Carbon Sequestration Project),Sociedad Cooperativa Ambio,Andaz Mayakoba,Plan Vivo,Afforestation / Reforestation,5,PVC (tCO2e),UNIT
11 Dec 2024,2023,Scolel té Natural Resources Management and Carbon Sequestration Project (Scolel té Natural Resources Management and Carbon Sequestration Project),Sociedad Cooperativa Ambio,Andaz Mayakoba,Plan Vivo,Afforestation / Reforestation,10,PVC (tCO2e),UNIT
11 Dec 2024,2023,Scolel té Natural Resources Management and Carbon Sequestration Project (Scolel té Natural Resources Management and Carbon Sequestration Project),Sociedad Cooperativa Ambio,Dreams Riviera Cancún,Plan Vivo,Afforestation / Reforestation,5,PVC (tCO2e),UNIT
16 Dec 2024,2023,Scolel té Natural Resources Management and Carbon Sequestration Project (Scolel té Natural Resources Management and Carbon Sequestration Project),Sociedad Cooperativa Ambio,PANASONIC ENERGY MEXICO,Plan Vivo,Afforestation / Reforestation,20,PVC (tCO2e),UNIT
06 Jul 2015,2013,Scolel té Natural Resources Management and Carbon Sequestration Project (Scolel té Natural Resources Management and Carbon Sequestration Project),Sociedad Cooperativa Ambio,,Plan Vivo,Afforestation / Reforestation,4,PVC (tCO2e),UNIT
21 Dec 2018,2017,Scolel té Natural Resources Management and Carbon Sequestration Project (Scolel té Natural Resources Management and Carbon Sequestration Project),Sociedad Cooperativa Ambio,Tianguis Turístico de México Acapulco 2017,Plan Vivo,Afforestation / Reforestation,"1,863",PVC (tCO2e),UNIT
29 May 2019,2016,Scolel té Natural Resources Management and Carbon Sequestration Project (Scolel té Natural Resources Management and Carbon Sequestration Project),Sociedad Cooperativa Ambio,Société des Eaux de Marseille,Plan Vivo,Afforestation / Reforestation,9,PVC (tCO2e),UNIT
06 Jul 2015,2013,Scolel té Natural Resources Management and Carbon Sequestration Project (Scolel té Natural Resources Management and Carbon Sequestration Project),Sociedad Cooperativa Ambio,,Plan Vivo,Afforestation / Reforestation,4,PVC (tCO2e),UNIT
06 Jul 2015,2013,Scolel té Natural Resources Management and Carbon Sequestration Project (Scolel té Natural Resources Management and Carbon Sequestration Project),Sociedad Cooperativa Ambio,,Plan Vivo,Afforestation / Reforestation,4,PVC (tCO2e),UNIT
06 Jul 2015,2013,Scolel té Natural Resources Management and Carbon Sequestration Project (Scolel té Natural Resources Management and Carbon Sequestration Project),Sociedad Cooperativa Ambio,,Plan Vivo,Afforestation / Reforestation,4,PVC (tCO2e),UNIT
06 Jul 2015,2013,Scolel té Natural Resources Management and Carbon Sequestration Project (Scolel té Natural Resources Management and Carbon Sequestration Project),Sociedad Cooperativa Ambio,,Plan Vivo,Afforestation / Reforestation,4,PVC (tCO2e),UNIT
06 Jul 2015,2013,Scolel té Natural Resources Management and Carbon Sequestration Project (Scolel té Natural Resources Management and Carbon Sequestration Project),Sociedad Cooperativa Ambio,,Plan Vivo,Afforestation / Reforestation,40,PVC (tCO2e),UNIT
06 Jul 2015,2013,Scolel té Natural Resources Management and Carbon Sequestration Project (Scolel té Natural Resources Management and Carbon Sequestration Project),Sociedad Cooperativa Ambio,,Plan Vivo,Afforestation / Reforestation,72,PVC (tCO2e),UNIT
06 Jul 2015,2013,Scolel té Natural Resources Management and Carbon Sequestration Project (Scolel té Natural Resources Management and Carbon Sequestration Project),Sociedad Cooperativa Ambio,,Plan Vivo,Afforestation / Reforestation,352,PVC (tCO2e),UNIT
01 Sep 2016,2014 - 2015,Scolel té Natural Resources Management and Carbon Sequestration Project (Scolel té Natural Resources Management and Carbon Sequestration Project),Sociedad Cooperativa Ambio,,Plan Vivo,Afforestation / Reforestation,966,PVC (tCO2e),UNIT
06 Dec 2011,2010,Scolel té Natural Resources Management and Carbon Sequestration Project (Scolel té Natural Resources Management and Carbon Sequestration Project),Sociedad Cooperativa Ambio,,Plan Vivo,Afforestation / Reforestation,1,PVC (tCO2e),UNIT
28 Nov 2011,2010,Scolel té Natural Resources Management and Carbon Sequestration Project (Scolel té Natural Resources Management and Carbon Sequestration Project),Sociedad Cooperativa Ambio,,Plan Vivo,Afforestation / Reforestation,206,PVC (tCO2e),UNIT
06 Jul 2015,2013,Scolel té Natural Resources Management and Carbon Sequestration Project (Scolel té Natural Resources Management and Carbon Sequestration Project),Sociedad Cooperativa Ambio,,Plan Vivo,Afforestation / Reforestation,60,PVC (tCO2e),UNIT
11 Feb 2010,2006,Scolel té Natural Resources Management and Carbon Sequestration Project (Scolel té Natural Resources Management and Carbon Sequestration Project),Sociedad Cooperativa Ambio,,Plan Vivo,Forest,4,PVC (tCO2e),UNIT
21 Dec 2018,2017,Scolel té Natural Resources Management and Carbon Sequestration Project (Scolel té Natural Resources Management and Carbon Sequestration Project),Sociedad Cooperativa Ambio,FIL Guadalajara,Plan Vivo,Afforestation / Reforestation,10,PVC (tCO2e),UNIT
21 Dec 2018,2017,Scolel té Natural Resources Management and Carbon Sequestration Project (Scolel té Natural Resources Management and Carbon Sequestration Project),Sociedad Cooperativa Ambio,FIL Niños,Plan Vivo,Afforestation / Reforestation,113,PVC (tCO2e),UNIT
21 Dec 2018,2017,Scolel té Natural Resources Management and Carbon Sequestration Project (Scolel té Natural Resources Management and Carbon Sequestration Project),Sociedad Cooperativa Ambio,Pabellón Infinitum,Plan Vivo,Afforestation / Reforestation,1,PVC (tCO2e),UNIT
21 Dec 2018,2017,Scolel té Natural Resources Management and Carbon Sequestration Project (Scolel té Natural Resources Management and Carbon Sequestration Project),Sociedad Cooperativa Ambio,Tianguis Turístico de México Acapulco 2017,Plan Vivo,Afforestation / Reforestation,"1,863",PVC (tCO2e),UNIT
21 Dec 2018,2017,Scolel té Natural Resources Management and Carbon Sequestration Project (Scolel té Natural Resources Management and Carbon Sequestration Project),Sociedad Cooperativa Ambio,Sustainable and Social Tourism Summit,Plan Vivo,Afforestation / Reforestation,70,PVC (tCO2e),UNIT
21 Dec 2018,2017,Scolel té Natural Resources Management and Carbon Sequestration Project (Scolel té Natural Resources Management and Carbon Sequestration Project),Sociedad Cooperativa Ambio,Festival Bravo,Plan Vivo,Afforestation / Reforestation,51,PVC (tCO2e),UNIT
21 Dec 2018,2017,Scolel té Natural Resources Management and Carbon Sequestration Project (Scolel té Natural Resources Management and Carbon Sequestration Project),Sociedad Cooperativa Ambio,Paraíso BB México S. de R.L. de C.V.,Plan Vivo,Afforestation / Reforestation,"1,310",PVC (tCO2e),UNIT
21 Dec 2018,2017,Scolel té Natural Resources Management and Carbon Sequestration Project (Scolel té Natural Resources Management and Carbon Sequestration Project),Sociedad Cooperativa Ambio,Community Tours Sian Kaan,Plan Vivo,Afforestation / Reforestation,42,PVC (tCO2e),UNIT
21 Dec 2018,2017,Scolel té Natural Resources Management and Carbon Sequestration Project (Scolel té Natural Resources Management and Carbon Sequestration Project),Sociedad Cooperativa Ambio,Vehículos Líquidos Financieros S.A.P.I de C.V. SOFOM ENR,Plan Vivo,Afforestation / Reforestation,16,PVC (tCO2e),UNIT
21 Dec 2018,2017,Scolel té Natural Resources Management and Carbon Sequestration Project (Scolel té Natural Resources Management and Carbon Sequestration Project),Sociedad Cooperativa Ambio,MARTierra an Hábitas/Rise Earth Preservation,Plan Vivo,Afforestation / Reforestation,8,PVC (tCO2e),UNIT
21 Dec 2018,2017,Scolel té Natural Resources Management and Carbon Sequestration Project (Scolel té Natural Resources Management and Carbon Sequestration Project),Sociedad Cooperativa Ambio,Festival Comunité,Plan Vivo,Afforestation / Reforestation,40,PVC (tCO2e),UNIT
18 Feb 2019,2016,Scolel té Natural Resources Management and Carbon Sequestration Project (Scolel té Natural Resources Management and Carbon Sequestration Project),Sociedad Cooperativa Ambio,Environmental Defense Fund de México AC,Plan Vivo,Afforestation / Reforestation,10,PVC (tCO2e),UNIT
26 Nov 2019,2018,Scolel té Natural Resources Management and Carbon Sequestration Project (Scolel té Natural Resources Management and Carbon Sequestration Project),Sociedad Cooperativa Ambio,Harper Compañía S. de R.L. de C.V.,Plan Vivo,Afforestation / Reforestation,839,PVC (tCO2e),UNIT
26 Nov 2019,2018,Scolel té Natural Resources Management and Carbon Sequestration Project (Scolel té Natural Resources Management and Carbon Sequestration Project),Sociedad Cooperativa Ambio,International American School of Cancún A.C.,Plan Vivo,Afforestation / Reforestation,2,PVC (tCO2e),UNIT
26 Nov 2019,2018,Scolel té Natural Resources Management and Carbon Sequestration Project (Scolel té Natural Resources Management and Carbon Sequestration Project),Sociedad Cooperativa Ambio,Los Asistentes del Sustainable & Social Tourism Summit,Plan Vivo,Afforestation / Reforestation,130,PVC (tCO2e),UNIT
04 Nov 2022,2021,Scolel té Natural Resources Management and Carbon Sequestration Project (Scolel té Natural Resources Management and Carbon Sequestration Project),Sociedad Cooperativa Ambio,Bryan Jiménez Pulido y Emanuel Caballero Cienegas,Plan Vivo,Afforestation / Reforestation,121,PVC (tCO2e),UNIT
04 Nov 2022,2021,Scolel té Natural Resources Management and Carbon Sequestration Project (Scolel té Natural Resources Management and Carbon Sequestration Project),Sociedad Cooperativa Ambio,ION Solución Hipotecaría,Plan Vivo,Afforestation / Reforestation,20,PVC (tCO2e),UNIT
04 Nov 2022,2021,Scolel té Natural Resources Management and Carbon Sequestration Project (Scolel té Natural Resources Management and Carbon Sequestration Project),Sociedad Cooperativa Ambio,Arcadia – A charitable fund of Lisbet Rausing and Peter Baldwin,Plan Vivo,Afforestation / Reforestation,"37,170",PVC (tCO2e),UNIT
07 Nov 2022,2021,Scolel té Natural Resources Management and Carbon Sequestration Project (Scolel té Natural Resources Management and Carbon Sequestration Project),Sociedad Cooperativa Ambio,Davines S.p.A.,Plan Vivo,Afforestation / Reforestation,25,PVC (tCO2e),UNIT
07 Nov 2022,2021,Scolel té Natural Resources Management and Carbon Sequestration Project (Scolel té Natural Resources Management and Carbon Sequestration Project),Sociedad Cooperativa Ambio,Davines S.p.A.,Plan Vivo,Afforestation / Reforestation,936,PVC (tCO2e),UNIT
07 Nov 2022,2021,Scolel té Natural Resources Management and Carbon Sequestration Project (Scolel té Natural Resources Management and Carbon Sequestration Project),Sociedad Cooperativa Ambio,Davines S.p.A.,Plan Vivo,Afforestation / Reforestation,146,PVC (tCO2e),UNIT
07 Nov 2022,2021,Scolel té Natural Resources Management and Carbon Sequestration Project (Scolel té Natural Resources Management and Carbon Sequestration Project),Sociedad Cooperativa Ambio,Davines S.p.A.,Plan Vivo,Afforestation / Reforestation,265,PVC (tCO2e),UNIT
07 Nov 2022,2021,Scolel té Natural Resources Management and Carbon Sequestration Project (Scolel té Natural Resources Management and Carbon Sequestration Project),Sociedad Cooperativa Ambio,Davines S.p.A.,Plan Vivo,Afforestation / Reforestation,92,PVC (tCO2e),UNIT
11 Nov 2022,2021,Scolel té Natural Resources Management and Carbon Sequestration Project (Scolel té Natural Resources Management and Carbon Sequestration Project),Sociedad Cooperativa Ambio,ClimatePartner,Plan Vivo,Afforestation / Reforestation,"8,500",PVC (tCO2e),UNIT
29 May 2019,2016,Scolel té Natural Resources Management and Carbon Sequestration Project (Scolel té Natural Resources Management and Carbon Sequestration Project),Sociedad Cooperativa Ambio,Société des Eaux de Marseille,Plan Vivo,Afforestation / Reforestation,9,PVC (tCO2e),UNIT
08 Dec 2022,2021,Scolel té Natural Resources Management and Carbon Sequestration Project (Scolel té Natural Resources Management and Carbon Sequestration Project),Sociedad Cooperativa Ambio,Scania,Plan Vivo,Afforestation / Reforestation,389,PVC (tCO2e),UNIT
02 Oct 2017,2015,Scolel té Natural Resources Management and Carbon Sequestration Project (Scolel té Natural Resources Management and Carbon Sequestration Project),Sociedad Cooperativa Ambio,,Plan Vivo,Afforestation / Reforestation,20,PVC (tCO2e),UNIT
02 Oct 2017,2015,Scolel té Natural Resources Management and Carbon Sequestration Project (Scolel té Natural Resources Management and Carbon Sequestration Project),Sociedad Cooperativa Ambio,,Plan Vivo,Afforestation / Reforestation,"1,647",PVC (tCO2e),UNIT
02 Oct 2017,2015,Scolel té Natural Resources Management and Carbon Sequestration Project (Scolel té Natural Resources Management and Carbon Sequestration Project),Sociedad Cooperativa Ambio,,Plan Vivo,Afforestation / Reforestation,540,PVC (tCO2e),UNIT
02 Oct 2017,2016,Scolel té Natural Resources Management and Carbon Sequestration Project (Scolel té Natural Resources Management and Carbon Sequestration Project),Sociedad Cooperativa Ambio,,Plan Vivo,Afforestation / Reforestation,"3,183",PVC (tCO2e),UNIT
05 Jan 2024,2022,Scolel té Natural Resources Management and Carbon Sequestration Project (Scolel té Natural Resources Management and Carbon Sequestration Project),Sociedad Cooperativa Ambio,Textetra por Pimperl S.A de C.V.,Plan Vivo,Afforestation / Reforestation,27,PVC (tCO2e),UNIT
05 Jan 2024,2022,Scolel té Natural Resources Management and Carbon Sequestration Project (Scolel té Natural Resources Management and Carbon Sequestration Project),Sociedad Cooperativa Ambio,ECOCE “20 Aniversario”,Plan Vivo,Afforestation / Reforestation,2,PVC (tCO2e),UNIT
05 Jan 2024,2022,Scolel té Natural Resources Management and Carbon Sequestration Project (Scolel té Natural Resources Management and Carbon Sequestration Project),Sociedad Cooperativa Ambio,Producción: Captiva “General Motors”,Plan Vivo,Afforestation / Reforestation,11,PVC (tCO2e),UNIT
05 Jan 2024,2022,Scolel té Natural Resources Management and Carbon Sequestration Project (Scolel té Natural Resources Management and Carbon Sequestration Project),Sociedad Cooperativa Ambio,NOVO NORDISK MÉXICO S.A. DE C.V.,Plan Vivo,Afforestation / Reforestation,1,PVC (tCO2e),UNIT
05 Jan 2024,2022,Scolel té Natural Resources Management and Carbon Sequestration Project (Scolel té Natural Resources Management and Carbon Sequestration Project),Sociedad Cooperativa Ambio,"LAW+DGTAL, S.C.",Plan Vivo,Afforestation / Reforestation,2,PVC (tCO2e),UNIT
05 Jan 2024,2022,Scolel té Natural Resources Management and Carbon Sequestration Project (Scolel té Natural Resources Management and Carbon Sequestration Project),Sociedad Cooperativa Ambio,Natura México,Plan Vivo,Afforestation / Reforestation,4,PVC (tCO2e),UNIT
11 Feb 2010,2003,Scolel té Natural Resources Management and Carbon Sequestration Project (Scolel té Natural Resources Management and Carbon Sequestration Project),Sociedad Cooperativa Ambio,,Plan Vivo,Forest,20,PVC (tCO2e),UNIT
05 Jan 2024,2022,Scolel té Natural Resources Management and Carbon Sequestration Project (Scolel té Natural Resources Management and Carbon Sequestration Project),Sociedad Cooperativa Ambio,Hilarion Ortiz Godinez y Leonardo Cortina Cortina,Plan Vivo,Afforestation / Reforestation,49,PVC (tCO2e),UNIT
05 Jan 2024,2022,Scolel té Natural Resources Management and Carbon Sequestration Project (Scolel té Natural Resources Management and Carbon Sequestration Project),Sociedad Cooperativa Ambio,NOVO NORDISK MÉXICO S.A. DE C.V.,Plan Vivo,Afforestation / Reforestation,1,PVC (tCO2e),UNIT
11 Feb 2010,2003,Scolel té Natural Resources Management and Carbon Sequestration Project (Scolel té Natural Resources Management and Carbon Sequestration Project),Sociedad Cooperativa Ambio,,Plan Vivo,Forest,"32,284",PVC (tCO2e),UNIT
05 Jan 2024,2022,Scolel té Natural Resources Management and Carbon Sequestration Project (Scolel té Natural Resources Management and Carbon Sequestration Project),Sociedad Cooperativa Ambio,Centro de Reconocimiento de la Dignidad Humana,Plan Vivo,Afforestation / Reforestation,85,PVC (tCO2e),UNIT
05 Jan 2024,2022,Scolel té Natural Resources Management and Carbon Sequestration Project (Scolel té Natural Resources Management and Carbon Sequestration Project),Sociedad Cooperativa Ambio,DIAMOND HOTELS PLAYACAR,Plan Vivo,Afforestation / Reforestation,15,PVC (tCO2e),UNIT
05 Jan 2024,2022,Scolel té Natural Resources Management and Carbon Sequestration Project (Scolel té Natural Resources Management and Carbon Sequestration Project),Sociedad Cooperativa Ambio,HOTEL ROYAL PLAYACAR,Plan Vivo,Afforestation / Reforestation,16,PVC (tCO2e),UNIT
05 Jan 2024,2022,Scolel té Natural Resources Management and Carbon Sequestration Project (Scolel té Natural Resources Management and Carbon Sequestration Project),Sociedad Cooperativa Ambio,SISTEMAS INTEGRALES DE TECNOLOGÍA Y SERVICIO S.A. DE C.V.,Plan Vivo,Afforestation / Reforestation,10,PVC (tCO2e),UNIT
05 Jan 2024,2022,Scolel té Natural Resources Management and Carbon Sequestration Project (Scolel té Natural Resources Management and Carbon Sequestration Project),Sociedad Cooperativa Ambio,SISTEMAS INTEGRALES DE TECNOLOGÍA Y SERVICIO S.A. DE C.V.,Plan Vivo,Afforestation / Reforestation,2,PVC (tCO2e),UNIT
30 Oct 2017,2016,Scolel té Natural Resources Management and Carbon Sequestration Project (Scolel té Natural Resources Management and Carbon Sequestration Project),Sociedad Cooperativa Ambio,,Plan Vivo,Afforestation / Reforestation,2,PVC (tCO2e),UNIT
02 Oct 2017,2016,Scolel té Natural Resources Management and Carbon Sequestration Project (Scolel té Natural Resources Management and Carbon Sequestration Project),Sociedad Cooperativa Ambio,,Plan Vivo,Afforestation / Reforestation,"1,132",PVC (tCO2e),UNIT
29 Oct 2021,2020,Scolel té Natural Resources Management and Carbon Sequestration Project (Scolel té Natural Resources Management and Carbon Sequestration Project),Sociedad Cooperativa Ambio,ION Solución Hipotecaría,Plan Vivo,Afforestation / Reforestation,33,PVC (tCO2e),UNIT
29 Oct 2021,2020,Scolel té Natural Resources Management and Carbon Sequestration Project (Scolel té Natural Resources Management and Carbon Sequestration Project),Sociedad Cooperativa Ambio,PIMPERL,Plan Vivo,Afforestation / Reforestation,4,PVC (tCO2e),UNIT
02 Oct 2017,2016,Scolel té Natural Resources Management and Carbon Sequestration Project (Scolel té Natural Resources Management and Carbon Sequestration Project),Sociedad Cooperativa Ambio,,Plan Vivo,Afforestation / Reforestation,12,PVC (tCO2e),UNIT
16 Nov 2009,2008,Scolel té Natural Resources Management and Carbon Sequestration Project (Scolel té Natural Resources Management and Carbon Sequestration Project),Sociedad Cooperativa Ambio,,Plan Vivo,Forest,"4,900",PVC (tCO2e),UNIT
01 Jun 2011,2010,Scolel té Natural Resources Management and Carbon Sequestration Project (Scolel té Natural Resources Management and Carbon Sequestration Project),Sociedad Cooperativa Ambio,,Plan Vivo,Afforestation / Reforestation,"3,002",PVC (tCO2e),UNIT
29 Oct 2021,2020,Scolel té Natural Resources Management and Carbon Sequestration Project (Scolel té Natural Resources Management and Carbon Sequestration Project),Sociedad Cooperativa Ambio,HABITAS x Art With Me,Plan Vivo,Afforestation / Reforestation,25,PVC (tCO2e),UNIT
17 Jan 2014,2010,Scolel té Natural Resources Management and Carbon Sequestration Project (Scolel té Natural Resources Management and Carbon Sequestration Project),Sociedad Cooperativa Ambio,,Plan Vivo,Afforestation / Reforestation,"1,650",PVC (tCO2e),UNIT
08 Jun 2018,2016,Scolel té Natural Resources Management and Carbon Sequestration Project (Scolel té Natural Resources Management and Carbon Sequestration Project),Sociedad Cooperativa Ambio,,Plan Vivo,Afforestation / Reforestation,15,PVC (tCO2e),UNIT
06 Jul 2015,2013,Scolel té Natural Resources Management and Carbon Sequestration Project (Scolel té Natural Resources Management and Carbon Sequestration Project),Sociedad Cooperativa Ambio,,Plan Vivo,Afforestation / Reforestation,60,PVC (tCO2e),UNIT
06 Jul 2015,2013,Scolel té Natural Resources Management and Carbon Sequestration Project (Scolel té Natural Resources Management and Carbon Sequestration Project),Sociedad Cooperativa Ambio,,Plan Vivo,Afforestation / Reforestation,720,PVC (tCO2e),UNIT
06 Jul 2015,2013,Scolel té Natural Resources Management and Carbon Sequestration Project (Scolel té Natural Resources Management and Carbon Sequestration Project),Sociedad Cooperativa Ambio,,Plan Vivo,Afforestation / Reforestation,238,PVC (tCO2e),UNIT
06 Jul 2015,2013,Scolel té Natural Resources Management and Carbon Sequestration Project (Scolel té Natural Resources Management and Carbon Sequestration Project),Sociedad Cooperativa Ambio,,Plan Vivo,Afforestation / Reforestation,20,PVC (tCO2e),UNIT
06 Jul 2015,2013,Scolel té Natural Resources Management and Carbon Sequestration Project (Scolel té Natural Resources Management and Carbon Sequestration Project),Sociedad Cooperativa Ambio,,Plan Vivo,Afforestation / Reforestation,40,PVC (tCO2e),UNIT
02 Oct 2017,2016,Scolel té Natural Resources Management and Carbon Sequestration Project (Scolel té Natural Resources Management and Carbon Sequestration Project),Sociedad Cooperativa Ambio,,Plan Vivo,Afforestation / Reforestation,1,PVC (tCO2e),UNIT
02 Oct 2017,2016,Scolel té Natural Resources Management and Carbon Sequestration Project (Scolel té Natural Resources Management and Carbon Sequestration Project),Sociedad Cooperativa Ambio,,Plan Vivo,Afforestation / Reforestation,20,PVC (tCO2e),UNIT
02 Oct 2017,2016,Scolel té Natural Resources Management and Carbon Sequestration Project (Scolel té Natural Resources Management and Carbon Sequestration Project),Sociedad Cooperativa Ambio,,Plan Vivo,Afforestation / Reforestation,"1,132",PVC (tCO2e),UNIT
02 Oct 2017,2016,Scolel té Natural Resources Management and Carbon Sequestration Project (Scolel té Natural Resources Management and Carbon Sequestration Project),Sociedad Cooperativa Ambio,,Plan Vivo,Afforestation / Reforestation,12,PVC (tCO2e),UNIT
02 Oct 2017,2016,Scolel té Natural Resources Management and Carbon Sequestration Project (Scolel té Natural Resources Management and Carbon Sequestration Project),Sociedad Cooperativa Ambio,,Plan Vivo,Afforestation / Reforestation,9,PVC (tCO2e),UNIT
02 Oct 2017,2016,Scolel té Natural Resources Management and Carbon Sequestration Project (Scolel té Natural Resources Management and Carbon Sequestration Project),Sociedad Cooperativa Ambio,,Plan Vivo,Afforestation / Reforestation,120,PVC (tCO2e),UNIT
02 Oct 2017,2016,Scolel té Natural Resources Management and Carbon Sequestration Project (Scolel té Natural Resources Management and Carbon Sequestration Project),Sociedad Cooperativa Ambio,,Plan Vivo,Afforestation / Reforestation,5,PVC (tCO2e),UNIT
02 Oct 2017,2016,Scolel té Natural Resources Management and Carbon Sequestration Project (Scolel té Natural Resources Management and Carbon Sequestration Project),Sociedad Cooperativa Ambio,,Plan Vivo,Afforestation / Reforestation,15,PVC (tCO2e),UNIT
02 Oct 2017,2016,Scolel té Natural Resources Management and Carbon Sequestration Project (Scolel té Natural Resources Management and Carbon Sequestration Project),Sociedad Cooperativa Ambio,,Plan Vivo,Afforestation / Reforestation,6,PVC (tCO2e),UNIT
21 Dec 2018,2017,Scolel té Natural Resources Management and Carbon Sequestration Project (Scolel té Natural Resources Management and Carbon Sequestration Project),Sociedad Cooperativa Ambio,FIL Niños,Plan Vivo,Afforestation / Reforestation,113,PVC (tCO2e),UNIT
30 Oct 2017,2016,Scolel té Natural Resources Management and Carbon Sequestration Project (Scolel té Natural Resources Management and Carbon Sequestration Project),Sociedad Cooperativa Ambio,,Plan Vivo,Afforestation / Reforestation,2,PVC (tCO2e),UNIT
30 Oct 2017,2016,Scolel té Natural Resources Management and Carbon Sequestration Project (Scolel té Natural Resources Management and Carbon Sequestration Project),Sociedad Cooperativa Ambio,,Plan Vivo,Afforestation / Reforestation,94,PVC (tCO2e),UNIT
01 Sep 2016,2014 - 2015,Scolel té Natural Resources Management and Carbon Sequestration Project (Scolel té Natural Resources Management and Carbon Sequestration Project),Sociedad Cooperativa Ambio,,Plan Vivo,Afforestation / Reforestation,16,PVC (tCO2e),UNIT
21 Dec 2018,2017,Scolel té Natural Resources Management and Carbon Sequestration Project (Scolel té Natural Resources Management and Carbon Sequestration Project),Sociedad Cooperativa Ambio,Pabellón Infinitum,Plan Vivo,Afforestation / Reforestation,1,PVC (tCO2e),UNIT
21 Dec 2018,2017,Scolel té Natural Resources Management and Carbon Sequestration Project (Scolel té Natural Resources Management and Carbon Sequestration Project),Sociedad Cooperativa Ambio,Festival Comunité,Plan Vivo,Afforestation / Reforestation,40,PVC (tCO2e),UNIT
17 Apr 2014,2012,Scolel té Natural Resources Management and Carbon Sequestration Project (Scolel té Natural Resources Management and Carbon Sequestration Project),Sociedad Cooperativa Ambio,,Plan Vivo,Afforestation / Reforestation,40,PVC (tCO2e),UNIT
17 Apr 2014,2012,Scolel té Natural Resources Management and Carbon Sequestration Project (Scolel té Natural Resources Management and Carbon Sequestration Project),Sociedad Cooperativa Ambio,,Plan Vivo,Afforestation / Reforestation,70,PVC (tCO2e),UNIT
11 Feb 2010,2005,Scolel té Natural Resources Management and Carbon Sequestration Project (Scolel té Natural Resources Management and Carbon Sequestration Project),Sociedad Cooperativa Ambio,,Plan Vivo,Forest,"4,455",PVC (tCO2e),UNIT
16 Dec 2024,2023,Scolel té Natural Resources Management and Carbon Sequestration Project (Scolel té Natural Resources Management and Carbon Sequestration Project),Sociedad Cooperativa Ambio,PANASONIC ENERGY MEXICO,Plan Vivo,Afforestation / Reforestation,9,PVC (tCO2e),UNIT
07 Nov 2022,2021,Scolel té Natural Resources Management and Carbon Sequestration Project (Scolel té Natural Resources Management and Carbon Sequestration Project),Sociedad Cooperativa Ambio,Davines S.p.A.,Plan Vivo,Afforestation / Reforestation,146,PVC (tCO2e),UNIT
07 Nov 2022,2021,Scolel té Natural Resources Management and Carbon Sequestration Project (Scolel té Natural Resources Management and Carbon Sequestration Project),Sociedad Cooperativa Ambio,Davines S.p.A.,Plan Vivo,Afforestation / Reforestation,936,PVC (tCO2e),UNIT
02 Oct 2017,2015,Scolel té Natural Resources Management and Carbon Sequestration Project (Scolel té Natural Resources Management and Carbon Sequestration Project),Sociedad Cooperativa Ambio,,Plan Vivo,Afforestation / Reforestation,20,PVC (tCO2e),UNIT
10 Nov 2021,2020,Scolel té Natural Resources Management and Carbon Sequestration Project (Scolel té Natural Resources Management and Carbon Sequestration Project),Sociedad Cooperativa Ambio,Ela Expo Lighting America,Plan Vivo,Afforestation / Reforestation,41,PVC (tCO2e),UNIT
29 May 2019,2016,Scolel té Natural Resources Management and Carbon Sequestration Project (Scolel té Natural Resources Management and Carbon Sequestration Project),Sociedad Cooperativa Ambio,Société des Eaux de Marseille,Plan Vivo,Afforestation / Reforestation,9,PVC (tCO2e),UNIT
02 Oct 2017,2015,Scolel té Natural Resources Management and Carbon Sequestration Project (Scolel té Natural Resources Management and Carbon Sequestration Project),Sociedad Cooperativa Ambio,,Plan Vivo,Afforestation / Reforestation,102,PVC (tCO2e),UNIT
26 Nov 2019,2018,Scolel té Natural Resources Management and Carbon Sequestration Project (Scolel té Natural Resources Management and Carbon Sequestration Project),Sociedad Cooperativa Ambio,Tianguis Turístico de México Acapulco 2017 (segunda emisión),Plan Vivo,Afforestation / Reforestation,669,PVC (tCO2e),UNIT
19 Feb 2025,2004 - 2015,Scolel té Natural Resources Management and Carbon Sequestration Project (Forest Conservation),Sociedad Cooperativa Ambio,MAS LEASING S.A. DE C.V.,Plan Vivo,Forest Conservation & Avoided Deforestation,12,PVC (tCO2e),UNIT
06 Dec 2025,2023,Scolel té Natural Resources Management and Carbon Sequestration Project (Scolel té Natural Resources Management and Carbon Sequestration Project),Sociedad Cooperativa Ambio,beMATRIX NV,Plan Vivo,Afforestation / Reforestation,297,PVC (tCO2e),UNIT
23 Jan 2025,2023,Scolel té Natural Resources Management and Carbon Sequestration Project (Scolel té Natural Resources Management and Carbon Sequestration Project),Sociedad Cooperativa Ambio,Trees For All,Plan Vivo,Afforestation / Reforestation,"40,000",PVC (tCO2e),UNIT
31 Jul 2025,2023,Scolel té Natural Resources Management and Carbon Sequestration Project (Scolel té Natural Resources Management and Carbon Sequestration Project),Sociedad Cooperativa Ambio,DAVINES S.P.A.,Plan Vivo,Afforestation / Reforestation,"3,128",PVC (tCO2e),UNIT
01 Sep 2016,2014 - 2015,Scolel té Natural Resources Management and Carbon Sequestration Project (Scolel té Natural Resources Management and Carbon Sequestration Project),Sociedad Cooperativa Ambio,,Plan Vivo,Afforestation / Reforestation,47,PVC (tCO2e),UNIT
01 Sep 2016,2014 - 2015,Scolel té Natural Resources Management and Carbon Sequestration Project (Scolel té Natural Resources Management and Carbon Sequestration Project),Sociedad Cooperativa Ambio,,Plan Vivo,Afforestation / Reforestation,5,PVC (tCO2e),UNIT
01 Sep 2016,2014 - 2015,Scolel té Natural Resources Management and Carbon Sequestration Project (Scolel té Natural Resources Management and Carbon Sequestration Project),Sociedad Cooperativa Ambio,,Plan Vivo,Afforestation / Reforestation,5,PVC (tCO2e),UNIT
01 Sep 2016,2014 - 2015,Scolel té Natural Resources Management and Carbon Sequestration Project (Scolel té Natural Resources Management and Carbon Sequestration Project),Sociedad Cooperativa Ambio,,Plan Vivo,Afforestation / Reforestation,16,PVC (tCO2e),UNIT
06 Jul 2015,2013,Scolel té Natural Resources Management and Carbon Sequestration Project (Scolel té Natural Resources Management and Carbon Sequestration Project),Sociedad Cooperativa Ambio,,Plan Vivo,Afforestation / Reforestation,25,PVC (tCO2e),UNIT
04 Nov 2022,2021,Scolel té Natural Resources Management and Carbon Sequestration Project (Scolel té Natural Resources Management and Carbon Sequestration Project),Sociedad Cooperativa Ambio,Arcadia – A charitable fund of Lisbet Rausing and Peter Baldwin,Plan Vivo,Afforestation / Reforestation,"37,170",PVC (tCO2e),UNIT
06 Jul 2015,2013,Scolel té Natural Resources Management and Carbon Sequestration Project (Scolel té Natural Resources Management and Carbon Sequestration Project),Sociedad Cooperativa Ambio,,Plan Vivo,Afforestation / Reforestation,40,PVC (tCO2e),UNIT
06 Jul 2015,2013,Scolel té Natural Resources Management and Carbon Sequestration Project (Scolel té Natural Resources Management and Carbon Sequestration Project),Sociedad Cooperativa Ambio,,Plan Vivo,Afforestation / Reforestation,4,PVC (tCO2e),UNIT
13 Feb 2018,2016,Scolel té Natural Resources Management and Carbon Sequestration Project (Scolel té Natural Resources Management and Carbon Sequestration Project),Sociedad Cooperativa Ambio,,Plan Vivo,Afforestation / Reforestation,3,PVC (tCO2e),UNIT
04 Jan 2018,2016,Scolel té Natural Resources Management and Carbon Sequestration Project (Scolel té Natural Resources Management and Carbon Sequestration Project),Sociedad Cooperativa Ambio,,Plan Vivo,Afforestation / Reforestation,97,PVC (tCO2e),UNIT
26 Nov 2019,2018,Scolel té Natural Resources Management and Carbon Sequestration Project (Scolel té Natural Resources Management and Carbon Sequestration Project),Sociedad Cooperativa Ambio,Unión de Crédito Concreces S.A. de C.V.,Plan Vivo,Afforestation / Reforestation,59,PVC (tCO2e),UNIT
26 Nov 2019,2018,Scolel té Natural Resources Management and Carbon Sequestration Project (Scolel té Natural Resources Management and Carbon Sequestration Project),Sociedad Cooperativa Ambio,Procuraduría Federal de Protección al Ambiente,Plan Vivo,Afforestation / Reforestation,101,PVC (tCO2e),UNIT
26 Nov 2019,2018,Scolel té Natural Resources Management and Carbon Sequestration Project (Scolel té Natural Resources Management and Carbon Sequestration Project),Sociedad Cooperativa Ambio,"Thayer los Cabos Arrendador, S. de R.L. de C.V.",Plan Vivo,Afforestation / Reforestation,"1,298",PVC (tCO2e),UNIT
26 Nov 2019,2018,Scolel té Natural Resources Management and Carbon Sequestration Project (Scolel té Natural Resources Management and Carbon Sequestration Project),Sociedad Cooperativa Ambio,The Oceanic Global Foundation & HABITAS,Plan Vivo,Afforestation / Reforestation,20,PVC (tCO2e),UNIT
26 Nov 2019,2018,Scolel té Natural Resources Management and Carbon Sequestration Project (Scolel té Natural Resources Management and Carbon Sequestration Project),Sociedad Cooperativa Ambio,Leobardo Palacios Antonio,Plan Vivo,Afforestation / Reforestation,399,PVC (tCO2e),UNIT
18 Dec 2024,2023,Scolel té Natural Resources Management and Carbon Sequestration Project (Scolel té Natural Resources Management and Carbon Sequestration Project),Sociedad Cooperativa Ambio,"THE MAESTROS, SECTOR FILMS S.A. DE C.V.",Plan Vivo,Afforestation / Reforestation,3,PVC (tCO2e),UNIT
18 Dec 2024,2023,Scolel té Natural Resources Management and Carbon Sequestration Project (Scolel té Natural Resources Management and Carbon Sequestration Project),Sociedad Cooperativa Ambio,ÁRBOL CINE S.A. DE C.V.,Plan Vivo,Afforestation / Reforestation,1,PVC (tCO2e),UNIT
18 Dec 2024,2023,Scolel té Natural Resources Management and Carbon Sequestration Project (Scolel té Natural Resources Management and Carbon Sequestration Project),Sociedad Cooperativa Ambio,ION Financiera,Plan Vivo,Afforestation / Reforestation,57,PVC (tCO2e),UNIT
23 Dec 2020,2019,Scolel té Natural Resources Management and Carbon Sequestration Project (Scolel té Natural Resources Management and Carbon Sequestration Project),Sociedad Cooperativa Ambio,David Hernández Cruz,Plan Vivo,Afforestation / Reforestation,40,PVC (tCO2e),UNIT
23 Dec 2020,2019,Scolel té Natural Resources Management and Carbon Sequestration Project (Scolel té Natural Resources Management and Carbon Sequestration Project),Sociedad Cooperativa Ambio,Asociación de Relaciones Públicas del Caribe Mexicano AC,Plan Vivo,Afforestation / Reforestation,17,PVC (tCO2e),UNIT
22 Dec 2024,2022,Scolel té Natural Resources Management and Carbon Sequestration Project (Scolel té Natural Resources Management and Carbon Sequestration Project),Sociedad Cooperativa Ambio,DAVINES S.P.A.,Plan Vivo,Afforestation / Reforestation,"7,413",PVC (tCO2e),UNIT
22 Dec 2024,2022,Scolel té Natural Resources Management and Carbon Sequestration Project (Scolel té Natural Resources Management and Carbon Sequestration Project),Sociedad Cooperativa Ambio,DAVINES S.P.A.,Plan Vivo,Afforestation / Reforestation,"1,149",PVC (tCO2e),UNIT
22 Dec 2024,2022,Scolel té Natural Resources Management and Carbon Sequestration Project (Scolel té Natural Resources Management and Carbon Sequestration Project),Sociedad Cooperativa Ambio,DAVINES S.P.A.,Plan Vivo,Afforestation / Reforestation,70,PVC (tCO2e),UNIT
22 Dec 2024,2022,Scolel té Natural Resources Management and Carbon Sequestration Project (Scolel té Natural Resources Management and Carbon Sequestration Project),Sociedad Cooperativa Ambio,DAVINES S.P.A.,Plan Vivo,Afforestation / Reforestation,2,PVC (tCO2e),UNIT
22 Dec 2024,2022,Scolel té Natural Resources Management and Carbon Sequestration Project (Scolel té Natural Resources Management and Carbon Sequestration Project),Sociedad Cooperativa Ambio,DAVINES S.P.A.,Plan Vivo,Afforestation / Reforestation,80,PVC (tCO2e),UNIT
22 Dec 2024,2022,Scolel té Natural Resources Management and Carbon Sequestration Project (Scolel té Natural Resources Management and Carbon Sequestration Project),Sociedad Cooperativa Ambio,DAVINES S.P.A.,Plan Vivo,Afforestation / Reforestation,99,PVC (tCO2e),UNIT
22 Dec 2024,2022,Scolel té Natural Resources Management and Carbon Sequestration Project (Scolel té Natural Resources Management and Carbon Sequestration Project),Sociedad Cooperativa Ambio,DAVINES S.P.A.,Plan Vivo,Afforestation / Reforestation,40,PVC (tCO2e),UNIT
22 Dec 2024,2022,Scolel té Natural Resources Management and Carbon Sequestration Project (Scolel té Natural Resources Management and Carbon Sequestration Project),Sociedad Cooperativa Ambio,DAVINES S.P.A.,Plan Vivo,Afforestation / Reforestation,185,PVC (tCO2e),UNIT
22 Dec 2024,2022,Scolel té Natural Resources Management and Carbon Sequestration Project (Scolel té Natural Resources Management and Carbon Sequestration Project),Sociedad Cooperativa Ambio,DAVINES S.P.A.,Plan Vivo,Afforestation / Reforestation,159,PVC (tCO2e),UNIT
22 Dec 2024,2022,Scolel té Natural Resources Management and Carbon Sequestration Project (Scolel té Natural Resources Management and Carbon Sequestration Project),Sociedad Cooperativa Ambio,DAVINES S.P.A.,Plan Vivo,Afforestation / Reforestation,409,PVC (tCO2e),UNIT
11 Feb 2010,2005,Scolel té Natural Resources Management and Carbon Sequestration Project (Scolel té Natural Resources Management and Carbon Sequestration Project),Sociedad Cooperativa Ambio,,Plan Vivo,Forest,"4,455",PVC (tCO2e),UNIT
11 Feb 2010,2005,Scolel té Natural Resources Management and Carbon Sequestration Project (Scolel té Natural Resources Management and Carbon Sequestration Project),Sociedad Cooperativa Ambio,,Plan Vivo,Forest,4,PVC (tCO2e),UNIT
11 Feb 2010,2005,Scolel té Natural Resources Management and Carbon Sequestration Project (Scolel té Natural Resources Management and Carbon Sequestration Project),Sociedad Cooperativa Ambio,,Plan Vivo,Forest,"32,251",PVC (tCO2e),UNIT
11 Feb 2010,2005,Scolel té Natural Resources Management and Carbon Sequestration Project (Scolel té Natural Resources Management and Carbon Sequestration Project),Sociedad Cooperativa Ambio,,Plan Vivo,Forest,21,PVC (tCO2e),UNIT
19 Feb 2025,2004 - 2015,Scolel té Natural Resources Management and Carbon Sequestration Project (Forest Conservation),Sociedad Cooperativa Ambio,MAS LEASING S.A. DE C.V.,Plan Vivo,Forest Conservation & Avoided Deforestation,12,PVC (tCO2e),UNIT
26 Jun 2012,2010,Scolel té Natural Resources Management and Carbon Sequestration Project (Scolel té Natural Resources Management and Carbon Sequestration Project),Sociedad Cooperativa Ambio,,Plan Vivo,Afforestation / Reforestation,"2,227",PVC (tCO2e),UNIT
11 Feb 2010,2005,Scolel té Natural Resources Management and Carbon Sequestration Project (Scolel té Natural Resources Management and Carbon Sequestration Project),Sociedad Cooperativa Ambio,,Plan Vivo,Forest,21,PVC (tCO2e),UNIT
11 Feb 2010,2006,Scolel té Natural Resources Management and Carbon Sequestration Project (Scolel té Natural Resources Management and Carbon Sequestration Project),Sociedad Cooperativa Ambio,,Plan Vivo,Forest,4,PVC (tCO2e),UNIT
11 Feb 2010,2006,Scolel té Natural Resources Management and Carbon Sequestration Project (Scolel té Natural Resources Management and Carbon Sequestration Project),Sociedad Cooperativa Ambio,,Plan Vivo,Forest,"34,540",PVC (tCO2e),UNIT
11 Feb 2010,2006,Scolel té Natural Resources Management and Carbon Sequestration Project (Scolel té Natural Resources Management and Carbon Sequestration Project),Sociedad Cooperativa Ambio,,Plan Vivo,Forest,20,PVC (tCO2e),UNIT
11 Feb 2010,2006,Scolel té Natural Resources Management and Carbon Sequestration Project (Scolel té Natural Resources Management and Carbon Sequestration Project),Sociedad Cooperativa Ambio,,Plan Vivo,Forest,52,PVC (tCO2e),UNIT
11 Feb 2010,2006,Scolel té Natural Resources Management and Carbon Sequestration Project (Scolel té Natural Resources Management and Carbon Sequestration Project),Sociedad Cooperativa Ambio,,Plan Vivo,Forest,5,PVC (tCO2e),UNIT
11 Feb 2010,2007,Scolel té Natural Resources Management and Carbon Sequestration Project (Scolel té Natural Resources Management and Carbon Sequestration Project),Sociedad Cooperativa Ambio,,Plan Vivo,Forest,30,PVC (tCO2e),UNIT
26 Nov 2019,2017,Scolel té Natural Resources Management and Carbon Sequestration Project (Scolel té Natural Resources Management and Carbon Sequestration Project),Sociedad Cooperativa Ambio,Counter Culture Coffee,Plan Vivo,Afforestation / Reforestation,"1,063",PVC (tCO2e),UNIT
11 Feb 2010,2007,Scolel té Natural Resources Management and Carbon Sequestration Project (Scolel té Natural Resources Management and Carbon Sequestration Project),Sociedad Cooperativa Ambio,,Plan Vivo,Forest,35,PVC (tCO2e),UNIT
04 Nov 2022,2021,Scolel té Natural Resources Management and Carbon Sequestration Project (Scolel té Natural Resources Management and Carbon Sequestration Project),Sociedad Cooperativa Ambio,Sustainable & Social Tourism Summit,Plan Vivo,Afforestation / Reforestation,58,PVC (tCO2e),UNIT
04 Nov 2022,2021,Scolel té Natural Resources Management and Carbon Sequestration Project (Scolel té Natural Resources Management and Carbon Sequestration Project),Sociedad Cooperativa Ambio,Kimberly Clark de México – Jabones Kleenex,Plan Vivo,Afforestation / Reforestation,5,PVC (tCO2e),UNIT
04 Nov 2022,2021,Scolel té Natural Resources Management and Carbon Sequestration Project (Scolel té Natural Resources Management and Carbon Sequestration Project),Sociedad Cooperativa Ambio,Jesús Guadarrama Garrido,Plan Vivo,Afforestation / Reforestation,1,PVC (tCO2e),UNIT
04 Nov 2022,2021,Scolel té Natural Resources Management and Carbon Sequestration Project (Scolel té Natural Resources Management and Carbon Sequestration Project),Sociedad Cooperativa Ambio,Alberto Islas Vasco,Plan Vivo,Afforestation / Reforestation,1,PVC (tCO2e),UNIT
26 Nov 2019,2018,Scolel té Natural Resources Management and Carbon Sequestration Project (Scolel té Natural Resources Management and Carbon Sequestration Project),Sociedad Cooperativa Ambio,Tianguis Turístico de México Acapulco 2017 (segunda emisión),Plan Vivo,Afforestation / Reforestation,669,PVC (tCO2e),UNIT
22 Dec 2024,2022,Scolel té Natural Resources Management and Carbon Sequestration Project (Scolel té Natural Resources Management and Carbon Sequestration Project),Sociedad Cooperativa Ambio,DAVINES S.P.A.,Plan Vivo,Afforestation / Reforestation,80,PVC (tCO2e),UNIT
22 Dec 2024,2022,Scolel té Natural Resources Management and Carbon Sequestration Project (Scolel té Natural Resources Management and Carbon Sequestration Project),Sociedad Cooperativa Ambio,DAVINES S.P.A.,Plan Vivo,Afforestation / Reforestation,"7,413",PVC (tCO2e),UNIT
18 Dec 2024,2023,Scolel té Natural Resources Management and Carbon Sequestration Project (Scolel té Natural Resources Management and Carbon Sequestration Project),Sociedad Cooperativa Ambio,"THE MAESTROS, SECTOR FILMS S.A. DE C.V.",Plan Vivo,Afforestation / Reforestation,3,PVC (tCO2e),UNIT
18 Dec 2024,2023,Scolel té Natural Resources Management and Carbon Sequestration Project (Scolel té Natural Resources Management and Carbon Sequestration Project),Sociedad Cooperativa Ambio,OK AFFAIR RETREAT,Plan Vivo,Afforestation / Reforestation,3,PVC (tCO2e),UNIT
22 Dec 2024,2022,Scolel té Natural Resources Management and Carbon Sequestration Project (Scolel té Natural Resources Management and Carbon Sequestration Project),Sociedad Cooperativa Ambio,DAVINES S.P.A.,Plan Vivo,Afforestation / Reforestation,"1,149",PVC (tCO2e),UNIT
23 Dec 2020,2019,Scolel té Natural Resources Management and Carbon Sequestration Project (Scolel té Natural Resources Management and Carbon Sequestration Project),Sociedad Cooperativa Ambio,Rosalio Rosas Bonilla,Plan Vivo,Afforestation / Reforestation,40,PVC (tCO2e),UNIT
22 Dec 2020,2019,Scolel té Natural Resources Management and Carbon Sequestration Project (Scolel té Natural Resources Management and Carbon Sequestration Project),Sociedad Cooperativa Ambio,Leobardo Palacios Antonio,Plan Vivo,Afforestation / Reforestation,269,PVC (tCO2e),UNIT
22 Dec 2020,2019,Scolel té Natural Resources Management and Carbon Sequestration Project (Scolel té Natural Resources Management and Carbon Sequestration Project),Sociedad Cooperativa Ambio,Climate Stewards,Plan Vivo,Afforestation / Reforestation,"1,640",PVC (tCO2e),UNIT
22 Dec 2020,2019,Scolel té Natural Resources Management and Carbon Sequestration Project (Scolel té Natural Resources Management and Carbon Sequestration Project),Sociedad Cooperativa Ambio,Ben Twist,Plan Vivo,Afforestation / Reforestation,18,PVC (tCO2e),UNIT
22 Dec 2020,2019,Scolel té Natural Resources Management and Carbon Sequestration Project (Scolel té Natural Resources Management and Carbon Sequestration Project),Sociedad Cooperativa Ambio,Desarrolladora MAM de Centroamérica,Plan Vivo,Afforestation / Reforestation,"2,071",PVC (tCO2e),UNIT
24 Nov 2011,2010,Scolel té Natural Resources Management and Carbon Sequestration Project (Scolel té Natural Resources Management and Carbon Sequestration Project),Sociedad Cooperativa Ambio,,Plan Vivo,Afforestation / Reforestation,633,PVC (tCO2e),UNIT
26 Jun 2012,2010,Scolel té Natural Resources Management and Carbon Sequestration Project (Scolel té Natural Resources Management and Carbon Sequestration Project),Sociedad Cooperativa Ambio,,Plan Vivo,Afforestation / Reforestation,"2,227",PVC (tCO2e),UNIT
11 Feb 2010,2005,Scolel té Natural Resources Management and Carbon Sequestration Project (Scolel té Natural Resources Management and Carbon Sequestration Project),Sociedad Cooperativa Ambio,,Plan Vivo,Forest,4,PVC (tCO2e),UNIT
19 Feb 2025,2004 - 2015,Scolel té Natural Resources Management and Carbon Sequestration Project (Forest Conservation),Sociedad Cooperativa Ambio,MAS LEASING S.A. DE C.V.,Plan Vivo,Forest Conservation & Avoided Deforestation,12,PVC (tCO2e),UNIT
01 Jun 2011,2010,Scolel té Natural Resources Management and Carbon Sequestration Project (Scolel té Natural Resources Management and Carbon Sequestration Project),Sociedad Cooperativa Ambio,,Plan Vivo,Afforestation / Reforestation,1,PVC (tCO2e),UNIT
12 May 2010,2009,Scolel té Natural Resources Management and Carbon Sequestration Project (Scolel té Natural Resources Management and Carbon Sequestration Project),Sociedad Cooperativa Ambio,,Plan Vivo,Forest,200,PVC (tCO2e),UNIT
11 Feb 2010,2003,Scolel té Natural Resources Management and Carbon Sequestration Project (Scolel té Natural Resources Management and Carbon Sequestration Project),Sociedad Cooperativa Ambio,,Plan Vivo,Forest,"4,455",PVC (tCO2e),UNIT
01 Jun 2011,2010,Scolel té Natural Resources Management and Carbon Sequestration Project (Scolel té Natural Resources Management and Carbon Sequestration Project),Sociedad Cooperativa Ambio,,Plan Vivo,Afforestation / Reforestation,6,PVC (tCO2e),UNIT
01 Jun 2011,2010,Scolel té Natural Resources Management and Carbon Sequestration Project (Scolel té Natural Resources Management and Carbon Sequestration Project),Sociedad Cooperativa Ambio,,Plan Vivo,Afforestation / Reforestation,43,PVC (tCO2e),UNIT
01 Jun 2011,2010,Scolel té Natural Resources Management and Carbon Sequestration Project (Scolel té Natural Resources Management and Carbon Sequestration Project),Sociedad Cooperativa Ambio,,Plan Vivo,Afforestation / Reforestation,26,PVC (tCO2e),UNIT
11 Feb 2010,2004,Scolel té Natural Resources Management and Carbon Sequestration Project (Scolel té Natural Resources Management and Carbon Sequestration Project),Sociedad Cooperativa Ambio,,Plan Vivo,Forest,"4,455",PVC (tCO2e),UNIT
28 Nov 2011,2010,Scolel té Natural Resources Management and Carbon Sequestration Project (Scolel té Natural Resources Management and Carbon Sequestration Project),Sociedad Cooperativa Ambio,,Plan Vivo,Afforestation / Reforestation,206,PVC (tCO2e),UNIT
11 Aug 2014,2010,Scolel té Natural Resources Management and Carbon Sequestration Project (Scolel té Natural Resources Management and Carbon Sequestration Project),Sociedad Cooperativa Ambio,,Plan Vivo,Afforestation / Reforestation,140,PVC (tCO2e),UNIT
01 Jun 2011,2010,Scolel té Natural Resources Management and Carbon Sequestration Project (Scolel té Natural Resources Management and Carbon Sequestration Project),Sociedad Cooperativa Ambio,,Plan Vivo,Afforestation / Reforestation,80,PVC (tCO2e),UNIT
11 Feb 2010,2005,Scolel té Natural Resources Management and Carbon Sequestration Project (Scolel té Natural Resources Management and Carbon Sequestration Project),Sociedad Cooperativa Ambio,,Plan Vivo,Forest,"4,455",PVC (tCO2e),UNIT
26 Nov 2019,2018,Scolel té Natural Resources Management and Carbon Sequestration Project (Scolel té Natural Resources Management and Carbon Sequestration Project),Sociedad Cooperativa Ambio,Héctor Reyes Flores,Plan Vivo,Afforestation / Reforestation,8,PVC (tCO2e),UNIT
26 Nov 2019,2018,Scolel té Natural Resources Management and Carbon Sequestration Project (Scolel té Natural Resources Management and Carbon Sequestration Project),Sociedad Cooperativa Ambio,Sustentur,Plan Vivo,Afforestation / Reforestation,10,PVC (tCO2e),UNIT
26 Nov 2019,2018,Scolel té Natural Resources Management and Carbon Sequestration Project (Scolel té Natural Resources Management and Carbon Sequestration Project),Sociedad Cooperativa Ambio,Randi Shawn Stellar,Plan Vivo,Afforestation / Reforestation,317,PVC (tCO2e),UNIT
26 Nov 2019,2018,Scolel té Natural Resources Management and Carbon Sequestration Project (Scolel té Natural Resources Management and Carbon Sequestration Project),Sociedad Cooperativa Ambio,Ben Twist,Plan Vivo,Afforestation / Reforestation,19,PVC (tCO2e),UNIT
26 Nov 2019,2018,Scolel té Natural Resources Management and Carbon Sequestration Project (Scolel té Natural Resources Management and Carbon Sequestration Project),Sociedad Cooperativa Ambio,Carnaval Bahidorá (Distrito Global),Plan Vivo,Afforestation / Reforestation,80,PVC (tCO2e),UNIT
26 Nov 2019,2018,Scolel té Natural Resources Management and Carbon Sequestration Project (Scolel té Natural Resources Management and Carbon Sequestration Project),Sociedad Cooperativa Ambio,Leobardo Palacios Antonio,Plan Vivo,Afforestation / Reforestation,399,PVC (tCO2e),UNIT
26 Nov 2019,2018,Scolel té Natural Resources Management and Carbon Sequestration Project (Scolel té Natural Resources Management and Carbon Sequestration Project),Sociedad Cooperativa Ambio,The Oceanic Global Foundation & HABITAS,Plan Vivo,Afforestation / Reforestation,20,PVC (tCO2e),UNIT
26 Nov 2019,2018,Scolel té Natural Resources Management and Carbon Sequestration Project (Scolel té Natural Resources Management and Carbon Sequestration Project),Sociedad Cooperativa Ambio,"Thayer los Cabos Arrendador, S. de R.L. de C.V.",Plan Vivo,Afforestation / Reforestation,"1,298",PVC (tCO2e),UNIT
26 Nov 2019,2018,Scolel té Natural Resources Management and Carbon Sequestration Project (Scolel té Natural Resources Management and Carbon Sequestration Project),Sociedad Cooperativa Ambio,Procuraduría Federal de Protección al Ambiente,Plan Vivo,Afforestation / Reforestation,101,PVC (tCO2e),UNIT
26 Nov 2019,2018,Scolel té Natural Resources Management and Carbon Sequestration Project (Scolel té Natural Resources Management and Carbon Sequestration Project),Sociedad Cooperativa Ambio,Unión de Crédito Concreces S.A. de C.V.,Plan Vivo,Afforestation / Reforestation,59,PVC (tCO2e),UNIT
10 Aug 2018,2016,Scolel té Natural Resources Management and Carbon Sequestration Project (Scolel té Natural Resources Management and Carbon Sequestration Project),Sociedad Cooperativa Ambio,,Plan Vivo,Afforestation / Reforestation,35,PVC (tCO2e),UNIT
10 Aug 2018,2016,Scolel té Natural Resources Management and Carbon Sequestration Project (Scolel té Natural Resources Management and Carbon Sequestration Project),Sociedad Cooperativa Ambio,,Plan Vivo,Afforestation / Reforestation,26,PVC (tCO2e),UNIT
10 Aug 2018,2016,Scolel té Natural Resources Management and Carbon Sequestration Project (Scolel té Natural Resources Management and Carbon Sequestration Project),Sociedad Cooperativa Ambio,,Plan Vivo,Afforestation / Reforestation,90,PVC (tCO2e),UNIT
06 Feb 2014,2011,Scolel té Natural Resources Management and Carbon Sequestration Project (Scolel té Natural Resources Management and Carbon Sequestration Project),Sociedad Cooperativa Ambio,,Plan Vivo,Afforestation / Reforestation,150,PVC (tCO2e),UNIT
18 Jun 2013,2011,Scolel té Natural Resources Management and Carbon Sequestration Project (Scolel té Natural Resources Management and Carbon Sequestration Project),Sociedad Cooperativa Ambio,,Plan Vivo,Afforestation / Reforestation,230,PVC (tCO2e),UNIT
10 Nov 2021,2020,Scolel té Natural Resources Management and Carbon Sequestration Project (Scolel té Natural Resources Management and Carbon Sequestration Project),Sociedad Cooperativa Ambio,Ela Expo Lighting America,Plan Vivo,Afforestation / Reforestation,41,PVC (tCO2e),UNIT
23 Jan 2025,2023,Scolel té Natural Resources Management and Carbon Sequestration Project (Scolel té Natural Resources Management and Carbon Sequestration Project),Sociedad Cooperativa Ambio,Trees For All,Plan Vivo,Afforestation / Reforestation,"40,000",PVC (tCO2e),UNIT
19 Feb 2025,2004 - 2015,Scolel té Natural Resources Management and Carbon Sequestration Project (Forest Conservation),Sociedad Cooperativa Ambio,MAS LEASING S.A. DE C.V.,Plan Vivo,Forest Conservation & Avoided Deforestation,12,PVC (tCO2e),UNIT
15 Sep 2021,2019 - 2020,The CommuniTree Carbon Program (formerly Limay Community Carbon Project),Taking Root Inc.,Frokostkonsulenten ApS,Plan Vivo,Forest,462,PVC (tCO2e),UNIT
11 May 2023,2022,The CommuniTree Carbon Program (formerly Limay Community Carbon Project),Taking Root Inc.,"Banco de la Produccion, S.A. (Banpro)",Plan Vivo,Forest,"2,000",PVC (tCO2e),UNIT
31 Mar 2021,2017 - 2018,The CommuniTree Carbon Program (formerly Limay Community Carbon Project),Taking Root Inc.,Studio Buteo (Rosemary Conroy),Plan Vivo,Forest,2,PVC (tCO2e),UNIT
25 Feb 2019,2017 - 2018,The CommuniTree Carbon Program (formerly Limay Community Carbon Project),Taking Root Inc.,Fundación Ecología y Desarrollo (ECODES CEROCO2),Plan Vivo,Forest,"3,000",PVC (tCO2e),UNIT
07 Dec 2021,2019 - 2020,The CommuniTree Carbon Program (formerly Limay Community Carbon Project),Taking Root Inc.,Wonderstate Coffee,Plan Vivo,Forest,125,PVC (tCO2e),UNIT
17 May 2019,2017 - 2018,The CommuniTree Carbon Program (formerly Limay Community Carbon Project),Taking Root Inc.,The Vancouver Fraser Port Authority,Plan Vivo,Forest,"1,466",PVC (tCO2e),UNIT
25 Feb 2019,2016 - 2017,The CommuniTree Carbon Program (formerly Limay Community Carbon Project),Taking Root Inc.,The Vancouver Fraser Port Authority,Plan Vivo,Forest,"1,363",PVC (tCO2e),UNIT
26 Jul 2021,2019 - 2020,The CommuniTree Carbon Program (formerly Limay Community Carbon Project),Taking Root Inc.,Mondrian Investment Partners Limited,Plan Vivo,Forest,"1,083",PVC (tCO2e),UNIT
24 Jun 2019,2016 - 2017,The CommuniTree Carbon Program (formerly Limay Community Carbon Project),Taking Root Inc.,C-Level,Plan Vivo,Forest,"1,500",PVC (tCO2e),UNIT
21 Sep 2021,2019 - 2020,The CommuniTree Carbon Program (formerly Limay Community Carbon Project),Taking Root Inc.,Klimate Aps,Plan Vivo,Forest,300,PVC (tCO2e),UNIT
25 Feb 2019,2016 - 2017,The CommuniTree Carbon Program (formerly Limay Community Carbon Project),Taking Root Inc.,Green Gas,Plan Vivo,Forest,40,PVC (tCO2e),UNIT
25 Feb 2019,2017 - 2018,The CommuniTree Carbon Program (formerly Limay Community Carbon Project),Taking Root Inc.,AQUAPAX,Plan Vivo,Forest,68,PVC (tCO2e),UNIT
21 Jan 2015,2013,The CommuniTree Carbon Program (formerly Limay Community Carbon Project),Taking Root Inc.,,Plan Vivo,Forest,28,PVC (tCO2e),UNIT
19 Sep 2022,2021,The CommuniTree Carbon Program (formerly Limay Community Carbon Project),Taking Root Inc.,Pura Aventura,Plan Vivo,Forest,136,PVC (tCO2e),UNIT
24 Jun 2019,2016 - 2017,The CommuniTree Carbon Program (formerly Limay Community Carbon Project),Taking Root Inc.,C-Level,Plan Vivo,Forest,"1,500",PVC (tCO2e),UNIT
12 Mar 2025,2024,The CommuniTree Carbon Program (formerly Limay Community Carbon Project),Taking Root Inc.,SAP,Plan Vivo,Forest,"86,000",PVC (tCO2e),UNIT
12 Mar 2025,2024,The CommuniTree Carbon Program (formerly Limay Community Carbon Project),Taking Root Inc.,Mondrian Investment Partners,Plan Vivo,Forest,"5,504",PVC (tCO2e),UNIT
12 Mar 2025,2024,The CommuniTree Carbon Program (formerly Limay Community Carbon Project),Taking Root Inc.,Taking Root Inc,Plan Vivo,Forest,922,PVC (tCO2e),UNIT
31 Mar 2021,2019 - 2020,The CommuniTree Carbon Program (formerly Limay Community Carbon Project),Taking Root Inc.,Prometour 2000,Plan Vivo,Forest,118,PVC (tCO2e),UNIT
17 Nov 2022,2019 - 2020,The CommuniTree Carbon Program (formerly Limay Community Carbon Project),Taking Root Inc.,The Vancouver Fraser Port Authority,Plan Vivo,Forest,780,PVC (tCO2e),UNIT
07 Mar 2024,2023,The CommuniTree Carbon Program (formerly Limay Community Carbon Project),Taking Root Inc.,SAP,Plan Vivo,Forest,"49,813",PVC (tCO2e),UNIT
31 Mar 2021,2017 - 2018,The CommuniTree Carbon Program (formerly Limay Community Carbon Project),Taking Root Inc.,Taking Root,Plan Vivo,Forest,54,PVC (tCO2e),UNIT
16 Mar 2026,2025,The CommuniTree Carbon Program (formerly Limay Community Carbon Project),Taking Root Inc.,l'Espiegle Inc.,Plan Vivo,Forest,100,PVC (tCO2e),UNIT
09 Sep 2024,2023,The CommuniTree Carbon Program (formerly Limay Community Carbon Project),Taking Root Inc.,Pelorus Foundation,Plan Vivo,Forest,150,PVC (tCO2e),UNIT
07 Mar 2024,2023,The CommuniTree Carbon Program (formerly Limay Community Carbon Project),Taking Root Inc.,Taking Root,Plan Vivo,Forest,568,PVC (tCO2e),UNIT
30 Mar 2022,2021,The CommuniTree Carbon Program (formerly Limay Community Carbon Project),Taking Root Inc.,Amavida Coffee Roasters,Plan Vivo,Forest,343,PVC (tCO2e),UNIT
21 Jan 2015,2013,The CommuniTree Carbon Program (formerly Limay Community Carbon Project),Taking Root Inc.,,Plan Vivo,Forest,52,PVC (tCO2e),UNIT
17 Jan 2013,2012,The CommuniTree Carbon Program (formerly Limay Community Carbon Project),Taking Root Inc.,,Plan Vivo,Forest,9,PVC (tCO2e),UNIT
17 Jan 2013,2012,The CommuniTree Carbon Program (formerly Limay Community Carbon Project),Taking Root Inc.,,Plan Vivo,Forest,9,PVC (tCO2e),UNIT
17 Jan 2013,2012,The CommuniTree Carbon Program (formerly Limay Community Carbon Project),Taking Root Inc.,,Plan Vivo,Forest,2,PVC (tCO2e),UNIT
17 Jan 2013,2012,The CommuniTree Carbon Program (formerly Limay Community Carbon Project),Taking Root Inc.,,Plan Vivo,Forest,18,PVC (tCO2e),UNIT
17 Jan 2013,2012,The CommuniTree Carbon Program (formerly Limay Community Carbon Project),Taking Root Inc.,,Plan Vivo,Forest,184,PVC (tCO2e),UNIT
17 Jan 2013,2012,The CommuniTree Carbon Program (formerly Limay Community Carbon Project),Taking Root Inc.,,Plan Vivo,Forest,1,PVC (tCO2e),UNIT
17 Jan 2013,2012,The CommuniTree Carbon Program (formerly Limay Community Carbon Project),Taking Root Inc.,,Plan Vivo,Forest,7,PVC (tCO2e),UNIT
17 Jan 2013,2012,The CommuniTree Carbon Program (formerly Limay Community Carbon Project),Taking Root Inc.,,Plan Vivo,Forest,20,PVC (tCO2e),UNIT
17 Jan 2013,2012,The CommuniTree Carbon Program (formerly Limay Community Carbon Project),Taking Root Inc.,,Plan Vivo,Forest,8,PVC (tCO2e),UNIT
17 Jan 2013,2012,The CommuniTree Carbon Program (formerly Limay Community Carbon Project),Taking Root Inc.,,Plan Vivo,Forest,4,PVC (tCO2e),UNIT
17 Jan 2013,2012,The CommuniTree Carbon Program (formerly Limay Community Carbon Project),Taking Root Inc.,,Plan Vivo,Forest,10,PVC (tCO2e),UNIT
17 Jan 2013,2012,The CommuniTree Carbon Program (formerly Limay Community Carbon Project),Taking Root Inc.,,Plan Vivo,Forest,1,PVC (tCO2e),UNIT
17 Jan 2013,2012,The CommuniTree Carbon Program (formerly Limay Community Carbon Project),Taking Root Inc.,,Plan Vivo,Forest,2,PVC (tCO2e),UNIT
17 Jan 2013,2012,The CommuniTree Carbon Program (formerly Limay Community Carbon Project),Taking Root Inc.,,Plan Vivo,Forest,1,PVC (tCO2e),UNIT
17 Jan 2013,2012,The CommuniTree Carbon Program (formerly Limay Community Carbon Project),Taking Root Inc.,,Plan Vivo,Forest,5,PVC (tCO2e),UNIT
10 Mar 2021,2018 - 2019,The CommuniTree Carbon Program (formerly Limay Community Carbon Project),Taking Root Inc.,Port of Vancouver,Plan Vivo,Forest,"1,467",PVC (tCO2e),UNIT
28 Sep 2022,2021,The CommuniTree Carbon Program (formerly Limay Community Carbon Project),Taking Root Inc.,Pure Leapfrog,Plan Vivo,Forest,800,PVC (tCO2e),UNIT
04 Jun 2012,2010 - 2011,The CommuniTree Carbon Program (formerly Limay Community Carbon Project),Taking Root Inc.,,Plan Vivo,Forest,5,PVC (tCO2e),UNIT
17 May 2019,2017 - 2018,The CommuniTree Carbon Program (formerly Limay Community Carbon Project),Taking Root Inc.,The Vancouver Fraser Port Authority,Plan Vivo,Forest,"1,466",PVC (tCO2e),UNIT
25 Feb 2019,2017 - 2018,The CommuniTree Carbon Program (formerly Limay Community Carbon Project),Taking Root Inc.,Tree-Nation,Plan Vivo,Forest,112,PVC (tCO2e),UNIT
25 Feb 2019,2017 - 2018,The CommuniTree Carbon Program (formerly Limay Community Carbon Project),Taking Root Inc.,Dawson College,Plan Vivo,Forest,600,PVC (tCO2e),UNIT
13 Mar 2012,2010 - 2011,The CommuniTree Carbon Program (formerly Limay Community Carbon Project),Taking Root Inc.,,Plan Vivo,Forest,6,PVC (tCO2e),UNIT
10 Mar 2020,2018 - 2019,The CommuniTree Carbon Program (formerly Limay Community Carbon Project),Taking Root Inc.,Tree-Nation ASBL,Plan Vivo,Forest,"2,225",PVC (tCO2e),UNIT
04 Mar 2020,2018 - 2019,The CommuniTree Carbon Program (formerly Limay Community Carbon Project),Taking Root Inc.,Passion Terre,Plan Vivo,Forest,135,PVC (tCO2e),UNIT
19 Jul 2018,2016 - 2017,The CommuniTree Carbon Program (formerly Limay Community Carbon Project),Taking Root Inc.,,Plan Vivo,Forest,"2,383",PVC (tCO2e),UNIT
21 Sep 2021,2019 - 2020,The CommuniTree Carbon Program (formerly Limay Community Carbon Project),Taking Root Inc.,Klimate Aps,Plan Vivo,Forest,300,PVC (tCO2e),UNIT
30 May 2011,2010,The CommuniTree Carbon Program (formerly Limay Community Carbon Project),Taking Root Inc.,,Plan Vivo,Forest,4,PVC (tCO2e),UNIT
30 May 2011,2010,The CommuniTree Carbon Program (formerly Limay Community Carbon Project),Taking Root Inc.,,Plan Vivo,Forest,10,PVC (tCO2e),UNIT
30 May 2011,2010,The CommuniTree Carbon Program (formerly Limay Community Carbon Project),Taking Root Inc.,,Plan Vivo,Forest,1,PVC (tCO2e),UNIT
30 May 2011,2010,The CommuniTree Carbon Program (formerly Limay Community Carbon Project),Taking Root Inc.,,Plan Vivo,Forest,146,PVC (tCO2e),UNIT
01 Mar 2012,2010 - 2011,The CommuniTree Carbon Program (formerly Limay Community Carbon Project),Taking Root Inc.,,Plan Vivo,Forest,4,PVC (tCO2e),UNIT
01 Mar 2012,2010 - 2011,The CommuniTree Carbon Program (formerly Limay Community Carbon Project),Taking Root Inc.,,Plan Vivo,Forest,1,PVC (tCO2e),UNIT
13 Mar 2012,2010 - 2011,The CommuniTree Carbon Program (formerly Limay Community Carbon Project),Taking Root Inc.,,Plan Vivo,Forest,2,PVC (tCO2e),UNIT
13 Mar 2012,2010 - 2011,The CommuniTree Carbon Program (formerly Limay Community Carbon Project),Taking Root Inc.,,Plan Vivo,Forest,6,PVC (tCO2e),UNIT
13 Mar 2012,2010 - 2011,The CommuniTree Carbon Program (formerly Limay Community Carbon Project),Taking Root Inc.,,Plan Vivo,Forest,34,PVC (tCO2e),UNIT
13 Mar 2012,2010 - 2011,The CommuniTree Carbon Program (formerly Limay Community Carbon Project),Taking Root Inc.,,Plan Vivo,Forest,4,PVC (tCO2e),UNIT
13 Mar 2012,2010 - 2011,The CommuniTree Carbon Program (formerly Limay Community Carbon Project),Taking Root Inc.,,Plan Vivo,Forest,14,PVC (tCO2e),UNIT
12 Apr 2012,2010 - 2011,The CommuniTree Carbon Program (formerly Limay Community Carbon Project),Taking Root Inc.,,Plan Vivo,Forest,1,PVC (tCO2e),UNIT
19 Apr 2012,2010 - 2011,The CommuniTree Carbon Program (formerly Limay Community Carbon Project),Taking Root Inc.,,Plan Vivo,Forest,13,PVC (tCO2e),UNIT
19 Apr 2012,2010 - 2011,The CommuniTree Carbon Program (formerly Limay Community Carbon Project),Taking Root Inc.,,Plan Vivo,Forest,139,PVC (tCO2e),UNIT
16 May 2012,2010 - 2011,The CommuniTree Carbon Program (formerly Limay Community Carbon Project),Taking Root Inc.,,Plan Vivo,Forest,8,PVC (tCO2e),UNIT
16 May 2012,2010 - 2011,The CommuniTree Carbon Program (formerly Limay Community Carbon Project),Taking Root Inc.,,Plan Vivo,Forest,1,PVC (tCO2e),UNIT
23 May 2012,2010 - 2011,The CommuniTree Carbon Program (formerly Limay Community Carbon Project),Taking Root Inc.,,Plan Vivo,Forest,1,PVC (tCO2e),UNIT
23 May 2012,2010 - 2011,The CommuniTree Carbon Program (formerly Limay Community Carbon Project),Taking Root Inc.,,Plan Vivo,Forest,3,PVC (tCO2e),UNIT
23 May 2012,2010 - 2011,The CommuniTree Carbon Program (formerly Limay Community Carbon Project),Taking Root Inc.,,Plan Vivo,Forest,1,PVC (tCO2e),UNIT
17 Jan 2013,2012,The CommuniTree Carbon Program (formerly Limay Community Carbon Project),Taking Root Inc.,,Plan Vivo,Forest,5,PVC (tCO2e),UNIT
17 Jan 2013,2012,The CommuniTree Carbon Program (formerly Limay Community Carbon Project),Taking Root Inc.,,Plan Vivo,Forest,1,PVC (tCO2e),UNIT
17 Jan 2013,2012,The CommuniTree Carbon Program (formerly Limay Community Carbon Project),Taking Root Inc.,,Plan Vivo,Forest,2,PVC (tCO2e),UNIT
17 Jan 2013,2012,The CommuniTree Carbon Program (formerly Limay Community Carbon Project),Taking Root Inc.,,Plan Vivo,Forest,1,PVC (tCO2e),UNIT
17 Jan 2013,2012,The CommuniTree Carbon Program (formerly Limay Community Carbon Project),Taking Root Inc.,,Plan Vivo,Forest,10,PVC (tCO2e),UNIT
17 Jan 2013,2012,The CommuniTree Carbon Program (formerly Limay Community Carbon Project),Taking Root Inc.,,Plan Vivo,Forest,4,PVC (tCO2e),UNIT
17 Jan 2013,2012,The CommuniTree Carbon Program (formerly Limay Community Carbon Project),Taking Root Inc.,,Plan Vivo,Forest,8,PVC (tCO2e),UNIT
17 Jan 2013,2012,The CommuniTree Carbon Program (formerly Limay Community Carbon Project),Taking Root Inc.,,Plan Vivo,Forest,20,PVC (tCO2e),UNIT
17 Jan 2013,2012,The CommuniTree Carbon Program (formerly Limay Community Carbon Project),Taking Root Inc.,,Plan Vivo,Forest,7,PVC (tCO2e),UNIT
17 Jan 2013,2012,The CommuniTree Carbon Program (formerly Limay Community Carbon Project),Taking Root Inc.,,Plan Vivo,Forest,1,PVC (tCO2e),UNIT
17 Jan 2013,2012,The CommuniTree Carbon Program (formerly Limay Community Carbon Project),Taking Root Inc.,,Plan Vivo,Forest,184,PVC (tCO2e),UNIT
17 Jan 2013,2012,The CommuniTree Carbon Program (formerly Limay Community Carbon Project),Taking Root Inc.,,Plan Vivo,Forest,18,PVC (tCO2e),UNIT
17 Jan 2013,2012,The CommuniTree Carbon Program (formerly Limay Community Carbon Project),Taking Root Inc.,,Plan Vivo,Forest,2,PVC (tCO2e),UNIT
17 Jan 2013,2012,The CommuniTree Carbon Program (formerly Limay Community Carbon Project),Taking Root Inc.,,Plan Vivo,Forest,9,PVC (tCO2e),UNIT
17 Jan 2013,2012,The CommuniTree Carbon Program (formerly Limay Community Carbon Project),Taking Root Inc.,,Plan Vivo,Forest,9,PVC (tCO2e),UNIT
07 Mar 2024,2023,The CommuniTree Carbon Program (formerly Limay Community Carbon Project),Taking Root Inc.,SAP,Plan Vivo,Forest,"49,813",PVC (tCO2e),UNIT
03 Mar 2021,2019 - 2020,The CommuniTree Carbon Program (formerly Limay Community Carbon Project),Taking Root Inc.,Mondrian Investment Partners Limited,Plan Vivo,Forest,"3,185",PVC (tCO2e),UNIT
31 Mar 2021,2017 - 2018,The CommuniTree Carbon Program (formerly Limay Community Carbon Project),Taking Root Inc.,Studio Buteo (Rosemary Conroy),Plan Vivo,Forest,2,PVC (tCO2e),UNIT
28 Jan 2014,2013,The CommuniTree Carbon Program (formerly Limay Community Carbon Project),Taking Root Inc.,,Plan Vivo,Forest,1,PVC (tCO2e),UNIT
30 Mar 2022,2021,The CommuniTree Carbon Program (formerly Limay Community Carbon Project),Taking Root Inc.,Dawson College,Plan Vivo,Forest,"2,762",PVC (tCO2e),UNIT
02 Mar 2020,2018 - 2019,The CommuniTree Carbon Program (formerly Limay Community Carbon Project),Taking Root Inc.,Amavida Coffee and Trading Company,Plan Vivo,Forest,181,PVC (tCO2e),UNIT
03 Mar 2021,2019 - 2020,The CommuniTree Carbon Program (formerly Limay Community Carbon Project),Taking Root Inc.,Mondrian Investment Partners Limited,Plan Vivo,Forest,"1,083",PVC (tCO2e),UNIT
06 Dec 2024,2023,The CommuniTree Carbon Program (formerly Limay Community Carbon Project),Taking Root Inc.,SAP,Plan Vivo,Forest,"38,722",PVC (tCO2e),UNIT
05 Mar 2021,2019 - 2020,The CommuniTree Carbon Program (formerly Limay Community Carbon Project),Taking Root Inc.,Fusion Paper and Board Ltd.,Plan Vivo,Forest,277,PVC (tCO2e),UNIT
02 Feb 2012,2010 - 2011,The CommuniTree Carbon Program (formerly Limay Community Carbon Project),Taking Root Inc.,,Plan Vivo,Forest,135,PVC (tCO2e),UNIT
02 Feb 2012,2010 - 2011,The CommuniTree Carbon Program (formerly Limay Community Carbon Project),Taking Root Inc.,,Plan Vivo,Forest,356,PVC (tCO2e),UNIT
02 Feb 2012,2010 - 2011,The CommuniTree Carbon Program (formerly Limay Community Carbon Project),Taking Root Inc.,,Plan Vivo,Forest,70,PVC (tCO2e),UNIT
02 Feb 2012,2010 - 2011,The CommuniTree Carbon Program (formerly Limay Community Carbon Project),Taking Root Inc.,,Plan Vivo,Forest,10,PVC (tCO2e),UNIT
31 Mar 2021,2017 - 2018,The CommuniTree Carbon Program (formerly Limay Community Carbon Project),Taking Root Inc.,Taking Root,Plan Vivo,Forest,54,PVC (tCO2e),UNIT
02 Feb 2012,2010 - 2011,The CommuniTree Carbon Program (formerly Limay Community Carbon Project),Taking Root Inc.,,Plan Vivo,Forest,314,PVC (tCO2e),UNIT
17 Jan 2013,2012,The CommuniTree Carbon Program (formerly Limay Community Carbon Project),Taking Root Inc.,,Plan Vivo,Forest,8,PVC (tCO2e),UNIT
17 Jan 2013,2012,The CommuniTree Carbon Program (formerly Limay Community Carbon Project),Taking Root Inc.,,Plan Vivo,Forest,63,PVC (tCO2e),UNIT
17 Jan 2013,2012,The CommuniTree Carbon Program (formerly Limay Community Carbon Project),Taking Root Inc.,,Plan Vivo,Forest,4,PVC (tCO2e),UNIT
17 Jan 2013,2012,The CommuniTree Carbon Program (formerly Limay Community Carbon Project),Taking Root Inc.,,Plan Vivo,Forest,8,PVC (tCO2e),UNIT
21 Jan 2015,2013,The CommuniTree Carbon Program (formerly Limay Community Carbon Project),Taking Root Inc.,,Plan Vivo,Forest,9,PVC (tCO2e),UNIT
30 Apr 2014,2013,The CommuniTree Carbon Program (formerly Limay Community Carbon Project),Taking Root Inc.,,Plan Vivo,Forest,1,PVC (tCO2e),UNIT
30 Mar 2022,2021,The CommuniTree Carbon Program (formerly Limay Community Carbon Project),Taking Root Inc.,Dawson College,Plan Vivo,Forest,"2,762",PVC (tCO2e),UNIT
30 Mar 2022,2021,The CommuniTree Carbon Program (formerly Limay Community Carbon Project),Taking Root Inc.,Lespiegle,Plan Vivo,Forest,33,PVC (tCO2e),UNIT
30 Mar 2022,2021,The CommuniTree Carbon Program (formerly Limay Community Carbon Project),Taking Root Inc.,Oneka Elements,Plan Vivo,Forest,400,PVC (tCO2e),UNIT
30 Mar 2022,2021,The CommuniTree Carbon Program (formerly Limay Community Carbon Project),Taking Root Inc.,Sectoral Asset Management,Plan Vivo,Forest,260,PVC (tCO2e),UNIT
17 Jan 2013,2012,The CommuniTree Carbon Program (formerly Limay Community Carbon Project),Taking Root Inc.,,Plan Vivo,Forest,18,PVC (tCO2e),UNIT
17 Jan 2013,2012,The CommuniTree Carbon Program (formerly Limay Community Carbon Project),Taking Root Inc.,,Plan Vivo,Forest,2,PVC (tCO2e),UNIT
30 Mar 2022,2021,The CommuniTree Carbon Program (formerly Limay Community Carbon Project),Taking Root Inc.,Union Coffee,Plan Vivo,Forest,300,PVC (tCO2e),UNIT
30 Mar 2022,2021,The CommuniTree Carbon Program (formerly Limay Community Carbon Project),Taking Root Inc.,United World College,Plan Vivo,Forest,464,PVC (tCO2e),UNIT
30 Mar 2022,2021,The CommuniTree Carbon Program (formerly Limay Community Carbon Project),Taking Root Inc.,Wonderstate Coffee,Plan Vivo,Forest,125,PVC (tCO2e),UNIT
31 Mar 2021,2019 - 2020,The CommuniTree Carbon Program (formerly Limay Community Carbon Project),Taking Root Inc.,Turnstyle Design Ltd,Plan Vivo,Forest,322,PVC (tCO2e),UNIT
31 Mar 2021,2019 - 2020,The CommuniTree Carbon Program (formerly Limay Community Carbon Project),Taking Root Inc.,Pura Aventura Ltd,Plan Vivo,Forest,700,PVC (tCO2e),UNIT
31 Mar 2021,2019 - 2020,The CommuniTree Carbon Program (formerly Limay Community Carbon Project),Taking Root Inc.,Prometour 2000,Plan Vivo,Forest,118,PVC (tCO2e),UNIT
31 Mar 2021,2019 - 2020,The CommuniTree Carbon Program (formerly Limay Community Carbon Project),Taking Root Inc.,"Sebastien Letailleur, Prometour 2000",Plan Vivo,Forest,186,PVC (tCO2e),UNIT
31 Mar 2021,2019 - 2020,The CommuniTree Carbon Program (formerly Limay Community Carbon Project),Taking Root Inc.,Canadian donor,Plan Vivo,Forest,243,PVC (tCO2e),UNIT
31 Mar 2021,2019 - 2020,The CommuniTree Carbon Program (formerly Limay Community Carbon Project),Taking Root Inc.,Canadian donors and other clients,Plan Vivo,Forest,692,PVC (tCO2e),UNIT
31 Mar 2021,2019 - 2020,The CommuniTree Carbon Program (formerly Limay Community Carbon Project),Taking Root Inc.,Picturesmith,Plan Vivo,Forest,25,PVC (tCO2e),UNIT
15 Dec 2023,2022,The CommuniTree Carbon Program (formerly Limay Community Carbon Project),Taking Root Inc.,SAP,Plan Vivo,Forest,"33,249",PVC (tCO2e),UNIT
06 Apr 2021,2019 - 2020,The CommuniTree Carbon Program (formerly Limay Community Carbon Project),Taking Root Inc.,Frokostkonsulenten ApS,Plan Vivo,Forest,250,PVC (tCO2e),UNIT
19 Jul 2017,2016,The CommuniTree Carbon Program (formerly Limay Community Carbon Project),Taking Root Inc.,,Plan Vivo,Forest,"1,050",PVC (tCO2e),UNIT
23 Apr 2015,2014,The CommuniTree Carbon Program (formerly Limay Community Carbon Project),Taking Root Inc.,,Plan Vivo,Forest,4,PVC (tCO2e),UNIT
09 Apr 2015,2014,The CommuniTree Carbon Program (formerly Limay Community Carbon Project),Taking Root Inc.,,Plan Vivo,Forest,11,PVC (tCO2e),UNIT
06 Mar 2020,2018 - 2019,The CommuniTree Carbon Program (formerly Limay Community Carbon Project),Taking Root Inc.,Mega Plast Industrial-Exporting S.A.,Plan Vivo,Forest,100,PVC (tCO2e),UNIT
22 Mar 2023,2022,The CommuniTree Carbon Program (formerly Limay Community Carbon Project),Taking Root Inc.,Tense Watch Canada,Plan Vivo,Forest,56,PVC (tCO2e),UNIT
22 Mar 2023,2022,The CommuniTree Carbon Program (formerly Limay Community Carbon Project),Taking Root Inc.,World Congress of Agroforestry,Plan Vivo,Forest,700,PVC (tCO2e),UNIT
17 Nov 2022,2019 - 2020,The CommuniTree Carbon Program (formerly Limay Community Carbon Project),Taking Root Inc.,Turnstyle Design Ltd,Plan Vivo,Forest,158,PVC (tCO2e),UNIT
17 May 2019,2017 - 2018,The CommuniTree Carbon Program (formerly Limay Community Carbon Project),Taking Root Inc.,The Vancouver Fraser Port Authority,Plan Vivo,Forest,"1,466",PVC (tCO2e),UNIT
02 Jan 2014,2013,The CommuniTree Carbon Program (formerly Limay Community Carbon Project),Taking Root Inc.,,Plan Vivo,Forest,504,PVC (tCO2e),UNIT
15 Dec 2023,2022,The CommuniTree Carbon Program (formerly Limay Community Carbon Project),Taking Root Inc.,SAP,Plan Vivo,Forest,"33,249",PVC (tCO2e),UNIT
02 Jan 2014,2013,The CommuniTree Carbon Program (formerly Limay Community Carbon Project),Taking Root Inc.,,Plan Vivo,Forest,17,PVC (tCO2e),UNIT
03 May 2017,2015,The CommuniTree Carbon Program (formerly Limay Community Carbon Project),Taking Root Inc.,,Plan Vivo,Forest,717,PVC (tCO2e),UNIT
31 Mar 2021,2017 - 2018,The CommuniTree Carbon Program (formerly Limay Community Carbon Project),Taking Root Inc.,Taking Root,Plan Vivo,Forest,54,PVC (tCO2e),UNIT
31 Mar 2021,2018 - 2019,The CommuniTree Carbon Program (formerly Limay Community Carbon Project),Taking Root Inc.,Taking Root,Plan Vivo,Forest,400,PVC (tCO2e),UNIT
31 Mar 2021,2017 - 2018,The CommuniTree Carbon Program (formerly Limay Community Carbon Project),Taking Root Inc.,Retail clients - website,Plan Vivo,Forest,62,PVC (tCO2e),UNIT
31 Mar 2021,2019 - 2020,The CommuniTree Carbon Program (formerly Limay Community Carbon Project),Taking Root Inc.,Turnstyle Design Ltd,Plan Vivo,Forest,322,PVC (tCO2e),UNIT
31 Mar 2021,2019 - 2020,The CommuniTree Carbon Program (formerly Limay Community Carbon Project),Taking Root Inc.,Pura Aventura Ltd,Plan Vivo,Forest,700,PVC (tCO2e),UNIT
31 Mar 2021,2019 - 2020,The CommuniTree Carbon Program (formerly Limay Community Carbon Project),Taking Root Inc.,Prometour 2000,Plan Vivo,Forest,118,PVC (tCO2e),UNIT
31 Mar 2021,2019 - 2020,The CommuniTree Carbon Program (formerly Limay Community Carbon Project),Taking Root Inc.,"Sebastien Letailleur, Prometour 2000",Plan Vivo,Forest,186,PVC (tCO2e),UNIT
17 Jan 2013,2012,The CommuniTree Carbon Program (formerly Limay Community Carbon Project),Taking Root Inc.,,Plan Vivo,Forest,10,PVC (tCO2e),UNIT
21 Jan 2015,2013,The CommuniTree Carbon Program (formerly Limay Community Carbon Project),Taking Root Inc.,,Plan Vivo,Forest,12,PVC (tCO2e),UNIT
02 Jan 2014,2013,The CommuniTree Carbon Program (formerly Limay Community Carbon Project),Taking Root Inc.,,Plan Vivo,Forest,17,PVC (tCO2e),UNIT
02 Jan 2014,2013,The CommuniTree Carbon Program (formerly Limay Community Carbon Project),Taking Root Inc.,,Plan Vivo,Forest,2,PVC (tCO2e),UNIT
02 Jan 2014,2013,The CommuniTree Carbon Program (formerly Limay Community Carbon Project),Taking Root Inc.,,Plan Vivo,Forest,34,PVC (tCO2e),UNIT
02 Jan 2014,2013,The CommuniTree Carbon Program (formerly Limay Community Carbon Project),Taking Root Inc.,,Plan Vivo,Forest,13,PVC (tCO2e),UNIT
02 Jan 2014,2013,The CommuniTree Carbon Program (formerly Limay Community Carbon Project),Taking Root Inc.,,Plan Vivo,Forest,14,PVC (tCO2e),UNIT
02 Jan 2014,2013,The CommuniTree Carbon Program (formerly Limay Community Carbon Project),Taking Root Inc.,,Plan Vivo,Forest,169,PVC (tCO2e),UNIT
21 Apr 2023,2022,The CommuniTree Carbon Program (formerly Limay Community Carbon Project),Taking Root Inc.,Café Bean Fair Coffee,Plan Vivo,Forest,13,PVC (tCO2e),UNIT
02 Jan 2014,2013,The CommuniTree Carbon Program (formerly Limay Community Carbon Project),Taking Root Inc.,,Plan Vivo,Forest,12,PVC (tCO2e),UNIT
02 Jan 2014,2013,The CommuniTree Carbon Program (formerly Limay Community Carbon Project),Taking Root Inc.,,Plan Vivo,Forest,6,PVC (tCO2e),UNIT
15 Nov 2011,2010,The CommuniTree Carbon Program (formerly Limay Community Carbon Project),Taking Root Inc.,,Plan Vivo,Forest,5,PVC (tCO2e),UNIT
02 Jan 2014,2013,The CommuniTree Carbon Program (formerly Limay Community Carbon Project),Taking Root Inc.,,Plan Vivo,Forest,504,PVC (tCO2e),UNIT
07 Nov 2011,2010,The CommuniTree Carbon Program (formerly Limay Community Carbon Project),Taking Root Inc.,,Plan Vivo,Forest,1,PVC (tCO2e),UNIT
07 Nov 2011,2010,The CommuniTree Carbon Program (formerly Limay Community Carbon Project),Taking Root Inc.,,Plan Vivo,Forest,7,PVC (tCO2e),UNIT
24 Jun 2019,2017 - 2018,The CommuniTree Carbon Program (formerly Limay Community Carbon Project),Taking Root Inc.,Canadian clients and partners,Plan Vivo,Forest,"1,344",PVC (tCO2e),UNIT
02 Jan 2014,2013,The CommuniTree Carbon Program (formerly Limay Community Carbon Project),Taking Root Inc.,,Plan Vivo,Forest,64,PVC (tCO2e),UNIT
17 Jan 2013,2012,The CommuniTree Carbon Program (formerly Limay Community Carbon Project),Taking Root Inc.,,Plan Vivo,Forest,3,PVC (tCO2e),UNIT
17 Jan 2013,2012,The CommuniTree Carbon Program (formerly Limay Community Carbon Project),Taking Root Inc.,,Plan Vivo,Forest,6,PVC (tCO2e),UNIT
17 Jan 2013,2012,The CommuniTree Carbon Program (formerly Limay Community Carbon Project),Taking Root Inc.,,Plan Vivo,Forest,4,PVC (tCO2e),UNIT
17 Jan 2013,2012,The CommuniTree Carbon Program (formerly Limay Community Carbon Project),Taking Root Inc.,,Plan Vivo,Forest,17,PVC (tCO2e),UNIT
17 Jan 2013,2012,The CommuniTree Carbon Program (formerly Limay Community Carbon Project),Taking Root Inc.,,Plan Vivo,Forest,1,PVC (tCO2e),UNIT
17 Jan 2013,2012,The CommuniTree Carbon Program (formerly Limay Community Carbon Project),Taking Root Inc.,,Plan Vivo,Forest,2,PVC (tCO2e),UNIT
17 Jan 2013,2012,The CommuniTree Carbon Program (formerly Limay Community Carbon Project),Taking Root Inc.,,Plan Vivo,Forest,20,PVC (tCO2e),UNIT
17 Jan 2013,2012,The CommuniTree Carbon Program (formerly Limay Community Carbon Project),Taking Root Inc.,,Plan Vivo,Forest,4,PVC (tCO2e),UNIT
21 Jan 2015,2013,The CommuniTree Carbon Program (formerly Limay Community Carbon Project),Taking Root Inc.,,Plan Vivo,Forest,41,PVC (tCO2e),UNIT
18 Dec 2013,2013,The CommuniTree Carbon Program (formerly Limay Community Carbon Project),Taking Root Inc.,,Plan Vivo,Forest,457,PVC (tCO2e),UNIT
30 Apr 2014,2013,The CommuniTree Carbon Program (formerly Limay Community Carbon Project),Taking Root Inc.,,Plan Vivo,Forest,1,PVC (tCO2e),UNIT
02 Jan 2014,2013,The CommuniTree Carbon Program (formerly Limay Community Carbon Project),Taking Root Inc.,,Plan Vivo,Forest,64,PVC (tCO2e),UNIT
02 Jan 2014,2013,The CommuniTree Carbon Program (formerly Limay Community Carbon Project),Taking Root Inc.,,Plan Vivo,Forest,504,PVC (tCO2e),UNIT
02 Jan 2014,2013,The CommuniTree Carbon Program (formerly Limay Community Carbon Project),Taking Root Inc.,,Plan Vivo,Forest,6,PVC (tCO2e),UNIT
02 Jan 2014,2013,The CommuniTree Carbon Program (formerly Limay Community Carbon Project),Taking Root Inc.,,Plan Vivo,Forest,12,PVC (tCO2e),UNIT
16 Jan 2014,2013,The CommuniTree Carbon Program (formerly Limay Community Carbon Project),Taking Root Inc.,,Plan Vivo,Forest,12,PVC (tCO2e),UNIT
16 Jan 2014,2013,The CommuniTree Carbon Program (formerly Limay Community Carbon Project),Taking Root Inc.,,Plan Vivo,Forest,890,PVC (tCO2e),UNIT
28 Jan 2014,2013,The CommuniTree Carbon Program (formerly Limay Community Carbon Project),Taking Root Inc.,,Plan Vivo,Forest,1,PVC (tCO2e),UNIT
05 Feb 2014,2013,The CommuniTree Carbon Program (formerly Limay Community Carbon Project),Taking Root Inc.,,Plan Vivo,Forest,414,PVC (tCO2e),UNIT
05 Mar 2021,2019 - 2020,The CommuniTree Carbon Program (formerly Limay Community Carbon Project),Taking Root Inc.,ECODES,Plan Vivo,Forest,"3,000",PVC (tCO2e),UNIT
05 Mar 2021,2019 - 2020,The CommuniTree Carbon Program (formerly Limay Community Carbon Project),Taking Root Inc.,Oneka,Plan Vivo,Forest,620,PVC (tCO2e),UNIT
05 Mar 2021,2019 - 2020,The CommuniTree Carbon Program (formerly Limay Community Carbon Project),Taking Root Inc.,Reforestation World,Plan Vivo,Forest,25,PVC (tCO2e),UNIT
05 Mar 2021,2019 - 2020,The CommuniTree Carbon Program (formerly Limay Community Carbon Project),Taking Root Inc.,Spring Activator,Plan Vivo,Forest,24,PVC (tCO2e),UNIT
11 Mar 2014,2013,The CommuniTree Carbon Program (formerly Limay Community Carbon Project),Taking Root Inc.,,Plan Vivo,Forest,28,PVC (tCO2e),UNIT
05 Mar 2021,2019 - 2020,The CommuniTree Carbon Program (formerly Limay Community Carbon Project),Taking Root Inc.,Tense Watch,Plan Vivo,Forest,50,PVC (tCO2e),UNIT
31 Mar 2014,2013,The CommuniTree Carbon Program (formerly Limay Community Carbon Project),Taking Root Inc.,,Plan Vivo,Forest,8,PVC (tCO2e),UNIT
01 Apr 2014,2013,The CommuniTree Carbon Program (formerly Limay Community Carbon Project),Taking Root Inc.,,Plan Vivo,Forest,13,PVC (tCO2e),UNIT
14 Apr 2014,2013,The CommuniTree Carbon Program (formerly Limay Community Carbon Project),Taking Root Inc.,,Plan Vivo,Forest,12,PVC (tCO2e),UNIT
24 Mar 2021,2019 - 2020,The CommuniTree Carbon Program (formerly Limay Community Carbon Project),Taking Root Inc.,Tense Watch,Plan Vivo,Forest,98,PVC (tCO2e),UNIT
06 May 2014,2013,The CommuniTree Carbon Program (formerly Limay Community Carbon Project),Taking Root Inc.,,Plan Vivo,Forest,4,PVC (tCO2e),UNIT
13 Mar 2012,2010 - 2011,The CommuniTree Carbon Program (formerly Limay Community Carbon Project),Taking Root Inc.,,Plan Vivo,Forest,34,PVC (tCO2e),UNIT
13 Mar 2012,2010 - 2011,The CommuniTree Carbon Program (formerly Limay Community Carbon Project),Taking Root Inc.,,Plan Vivo,Forest,6,PVC (tCO2e),UNIT
13 Mar 2012,2010 - 2011,The CommuniTree Carbon Program (formerly Limay Community Carbon Project),Taking Root Inc.,,Plan Vivo,Forest,2,PVC (tCO2e),UNIT
01 Mar 2012,2010 - 2011,The CommuniTree Carbon Program (formerly Limay Community Carbon Project),Taking Root Inc.,,Plan Vivo,Forest,1,PVC (tCO2e),UNIT
01 Mar 2012,2010 - 2011,The CommuniTree Carbon Program (formerly Limay Community Carbon Project),Taking Root Inc.,,Plan Vivo,Forest,4,PVC (tCO2e),UNIT
25 Feb 2019,2017 - 2018,The CommuniTree Carbon Program (formerly Limay Community Carbon Project),Taking Root Inc.,Fundación Ecología y Desarrollo (ECODES CEROCO2),Plan Vivo,Forest,"3,000",PVC (tCO2e),UNIT
25 Feb 2019,2017 - 2018,The CommuniTree Carbon Program (formerly Limay Community Carbon Project),Taking Root Inc.,AQUAPAX,Plan Vivo,Forest,68,PVC (tCO2e),UNIT
25 Feb 2019,2016 - 2017,The CommuniTree Carbon Program (formerly Limay Community Carbon Project),Taking Root Inc.,Green Gas,Plan Vivo,Forest,40,PVC (tCO2e),UNIT
25 Feb 2019,2016 - 2017,The CommuniTree Carbon Program (formerly Limay Community Carbon Project),Taking Root Inc.,The Vancouver Fraser Port Authority,Plan Vivo,Forest,"1,363",PVC (tCO2e),UNIT
25 Feb 2019,2017 - 2018,The CommuniTree Carbon Program (formerly Limay Community Carbon Project),Taking Root Inc.,Dawson College,Plan Vivo,Forest,600,PVC (tCO2e),UNIT
02 Feb 2012,2010 - 2011,The CommuniTree Carbon Program (formerly Limay Community Carbon Project),Taking Root Inc.,,Plan Vivo,Forest,135,PVC (tCO2e),UNIT
25 Feb 2019,2017 - 2018,The CommuniTree Carbon Program (formerly Limay Community Carbon Project),Taking Root Inc.,Tree-Nation,Plan Vivo,Forest,112,PVC (tCO2e),UNIT
02 Feb 2012,2010 - 2011,The CommuniTree Carbon Program (formerly Limay Community Carbon Project),Taking Root Inc.,,Plan Vivo,Forest,356,PVC (tCO2e),UNIT
02 Feb 2012,2010 - 2011,The CommuniTree Carbon Program (formerly Limay Community Carbon Project),Taking Root Inc.,,Plan Vivo,Forest,70,PVC (tCO2e),UNIT
02 Feb 2012,2010 - 2011,The CommuniTree Carbon Program (formerly Limay Community Carbon Project),Taking Root Inc.,,Plan Vivo,Forest,10,PVC (tCO2e),UNIT
17 Jan 2013,2012,The CommuniTree Carbon Program (formerly Limay Community Carbon Project),Taking Root Inc.,,Plan Vivo,Forest,4,PVC (tCO2e),UNIT
17 Jan 2013,2012,The CommuniTree Carbon Program (formerly Limay Community Carbon Project),Taking Root Inc.,,Plan Vivo,Forest,20,PVC (tCO2e),UNIT
17 Jan 2013,2012,The CommuniTree Carbon Program (formerly Limay Community Carbon Project),Taking Root Inc.,,Plan Vivo,Forest,2,PVC (tCO2e),UNIT
17 Jan 2013,2012,The CommuniTree Carbon Program (formerly Limay Community Carbon Project),Taking Root Inc.,,Plan Vivo,Forest,1,PVC (tCO2e),UNIT
17 Jan 2013,2012,The CommuniTree Carbon Program (formerly Limay Community Carbon Project),Taking Root Inc.,,Plan Vivo,Forest,17,PVC (tCO2e),UNIT
17 Jan 2013,2012,The CommuniTree Carbon Program (formerly Limay Community Carbon Project),Taking Root Inc.,,Plan Vivo,Forest,4,PVC (tCO2e),UNIT
17 Jan 2013,2012,The CommuniTree Carbon Program (formerly Limay Community Carbon Project),Taking Root Inc.,,Plan Vivo,Forest,6,PVC (tCO2e),UNIT
17 Jan 2013,2012,The CommuniTree Carbon Program (formerly Limay Community Carbon Project),Taking Root Inc.,,Plan Vivo,Forest,3,PVC (tCO2e),UNIT
17 Jan 2013,2012,The CommuniTree Carbon Program (formerly Limay Community Carbon Project),Taking Root Inc.,,Plan Vivo,Forest,9,PVC (tCO2e),UNIT
17 Jan 2013,2012,The CommuniTree Carbon Program (formerly Limay Community Carbon Project),Taking Root Inc.,,Plan Vivo,Forest,9,PVC (tCO2e),UNIT
17 Jan 2013,2012,The CommuniTree Carbon Program (formerly Limay Community Carbon Project),Taking Root Inc.,,Plan Vivo,Forest,2,PVC (tCO2e),UNIT
17 Jan 2013,2012,The CommuniTree Carbon Program (formerly Limay Community Carbon Project),Taking Root Inc.,,Plan Vivo,Forest,18,PVC (tCO2e),UNIT
17 Jan 2013,2012,The CommuniTree Carbon Program (formerly Limay Community Carbon Project),Taking Root Inc.,,Plan Vivo,Forest,184,PVC (tCO2e),UNIT
17 Jan 2013,2012,The CommuniTree Carbon Program (formerly Limay Community Carbon Project),Taking Root Inc.,,Plan Vivo,Forest,1,PVC (tCO2e),UNIT
17 Jan 2013,2012,The CommuniTree Carbon Program (formerly Limay Community Carbon Project),Taking Root Inc.,,Plan Vivo,Forest,7,PVC (tCO2e),UNIT
30 May 2011,2010,The CommuniTree Carbon Program (formerly Limay Community Carbon Project),Taking Root Inc.,,Plan Vivo,Forest,10,PVC (tCO2e),UNIT
30 May 2011,2010,The CommuniTree Carbon Program (formerly Limay Community Carbon Project),Taking Root Inc.,,Plan Vivo,Forest,1,PVC (tCO2e),UNIT
09 Jul 2012,2010 - 2011,The CommuniTree Carbon Program (formerly Limay Community Carbon Project),Taking Root Inc.,,Plan Vivo,Forest,14,PVC (tCO2e),UNIT
09 Jul 2012,2010 - 2011,The CommuniTree Carbon Program (formerly Limay Community Carbon Project),Taking Root Inc.,,Plan Vivo,Forest,2,PVC (tCO2e),UNIT
23 May 2012,2010 - 2011,The CommuniTree Carbon Program (formerly Limay Community Carbon Project),Taking Root Inc.,,Plan Vivo,Forest,10,PVC (tCO2e),UNIT
09 Jul 2012,2010 - 2011,The CommuniTree Carbon Program (formerly Limay Community Carbon Project),Taking Root Inc.,,Plan Vivo,Forest,2,PVC (tCO2e),UNIT
14 Sep 2023,2022,The CommuniTree Carbon Program (formerly Limay Community Carbon Project),Taking Root Inc.,l'Espiègle Inc.,Plan Vivo,Forest,60,PVC (tCO2e),UNIT
26 Aug 2023,2019,ArBolivia,The Cochabamba Project,Trees for All Foundation,Plan Vivo,Afforestation / Reforestation,877,PVC (tCO2e),UNIT
21 May 2012,2011,ArBolivia,The Cochabamba Project,,Plan Vivo,Afforestation / Reforestation,"5,000",PVC (tCO2e),UNIT
13 Dec 2019,2018,ArBolivia,The Cochabamba Project,Banco Fassil S.A.,Plan Vivo,Afforestation / Reforestation,"1,522",PVC (tCO2e),UNIT
15 Dec 2019,2018,ArBolivia,The Cochabamba Project,IDDRI,Plan Vivo,Afforestation / Reforestation,105,PVC (tCO2e),UNIT
06 Apr 2021,2020,ArBolivia,The Cochabamba Project,Trees for All Foundation,Plan Vivo,Afforestation / Reforestation,"11,500",PVC (tCO2e),UNIT
03 Jul 2018,2017,ArBolivia,The Cochabamba Project,,Plan Vivo,Afforestation / Reforestation,25,PVC (tCO2e),UNIT
10 Feb 2020,2018,ArBolivia,The Cochabamba Project,IDDRI,Plan Vivo,Afforestation / Reforestation,66,PVC (tCO2e),UNIT
29 Nov 2016,2011,ArBolivia,The Cochabamba Project,,Plan Vivo,Afforestation / Reforestation,231,PVC (tCO2e),UNIT
03 Jul 2018,2017,ArBolivia,The Cochabamba Project,,Plan Vivo,Afforestation / Reforestation,25,PVC (tCO2e),UNIT
31 Jan 2016,2011,ArBolivia,The Cochabamba Project,,Plan Vivo,Afforestation / Reforestation,339,PVC (tCO2e),UNIT
06 Apr 2021,2020,ArBolivia,The Cochabamba Project,Trees for All Foundation,Plan Vivo,Afforestation / Reforestation,"8,500",PVC (tCO2e),UNIT
10 Feb 2020,2018,ArBolivia,The Cochabamba Project,IDDRI,Plan Vivo,Afforestation / Reforestation,66,PVC (tCO2e),UNIT
13 Dec 2019,2018,ArBolivia,The Cochabamba Project,Banco Fassil S.A.,Plan Vivo,Afforestation / Reforestation,"1,522",PVC (tCO2e),UNIT
15 Dec 2019,2018,ArBolivia,The Cochabamba Project,IDDRI,Plan Vivo,Afforestation / Reforestation,105,PVC (tCO2e),UNIT
22 Sep 2020,2019,ArBolivia,The Cochabamba Project,Trees for All Foundation,Plan Vivo,Afforestation / Reforestation,"3,500",PVC (tCO2e),UNIT
27 Feb 2025,2022 - 2024,Olympic Forest (Olympic Forest (Mali)),Tree Aid,The International Olympic Committee,Plan Vivo,Afforestation / Reforestation,"100,091",PVC (tCO2e),UNIT
27 Feb 2025,2022 - 2024,Olympic Forest (Olympic Forest (Senegal)),Tree Aid,The International Olympic Committee,Plan Vivo,Afforestation / Reforestation,"90,935",PVC (tCO2e),UNIT
13 Apr 2021,2019 - 2020,The CommuniTree Carbon Program (formerly Limay Community Carbon Project),Tree-Nation,FLR Spectron,Plan Vivo,Forest,168,PVC (tCO2e),UNIT
13 Apr 2021,2019 - 2020,The CommuniTree Carbon Program (formerly Limay Community Carbon Project),Tree-Nation,Aliter Networks,Plan Vivo,Forest,506,PVC (tCO2e),UNIT
13 Apr 2021,2019 - 2020,The CommuniTree Carbon Program (formerly Limay Community Carbon Project),Tree-Nation,Mabanaft Group,Plan Vivo,Forest,559,PVC (tCO2e),UNIT
11 Mar 2022,2019 - 2020,The CommuniTree Carbon Program (formerly Limay Community Carbon Project),Tree-Nation,C.P.E Béton,Plan Vivo,Forest,671,PVC (tCO2e),UNIT
02 Sep 2021,2019 - 2020,The CommuniTree Carbon Program (formerly Limay Community Carbon Project),Tree-Nation,BAM Construct UK,Plan Vivo,Forest,16,PVC (tCO2e),UNIT
13 Apr 2021,2019 - 2020,The CommuniTree Carbon Program (formerly Limay Community Carbon Project),Tree-Nation,Oiltanking,Plan Vivo,Forest,"5,062",PVC (tCO2e),UNIT
11 Mar 2022,2019 - 2020,The CommuniTree Carbon Program (formerly Limay Community Carbon Project),Tree-Nation,G.I.S SRL,Plan Vivo,Forest,671,PVC (tCO2e),UNIT
25 Jul 2023,2019 - 2020,The CommuniTree Carbon Program (formerly Limay Community Carbon Project),Tree-Nation,ICON Exhibitions & Display Ltd,Plan Vivo,Forest,28,PVC (tCO2e),UNIT
19 Jul 2022,2019 - 2020,The CommuniTree Carbon Program (formerly Limay Community Carbon Project),Tree-Nation,AGRI SYNERGIE SAS,Plan Vivo,Forest,"2,377",PVC (tCO2e),UNIT
13 Apr 2021,2019 - 2020,The CommuniTree Carbon Program (formerly Limay Community Carbon Project),Tree-Nation,Rosemood,Plan Vivo,Forest,838,PVC (tCO2e),UNIT
13 Apr 2021,2019 - 2020,The CommuniTree Carbon Program (formerly Limay Community Carbon Project),Tree-Nation,WeDoWood,Plan Vivo,Forest,153,PVC (tCO2e),UNIT
13 Apr 2021,2019 - 2020,The CommuniTree Carbon Program (formerly Limay Community Carbon Project),Tree-Nation,Tree-Nation ASBL,Plan Vivo,Forest,1,PVC (tCO2e),UNIT
13 Apr 2021,2019 - 2020,The CommuniTree Carbon Program (formerly Limay Community Carbon Project),Tree-Nation,Innovacasa,Plan Vivo,Forest,14,PVC (tCO2e),UNIT
13 Apr 2021,2019 - 2020,The CommuniTree Carbon Program (formerly Limay Community Carbon Project),Tree-Nation,Mabanaft Group,Plan Vivo,Forest,559,PVC (tCO2e),UNIT
13 Apr 2021,2019 - 2020,The CommuniTree Carbon Program (formerly Limay Community Carbon Project),Tree-Nation,FLR Spectron,Plan Vivo,Forest,168,PVC (tCO2e),UNIT
11 Mar 2022,2019 - 2020,The CommuniTree Carbon Program (formerly Limay Community Carbon Project),Tree-Nation,Kuhn Slovakia s.r.o.,Plan Vivo,Forest,671,PVC (tCO2e),UNIT
13 Apr 2021,2019 - 2020,The CommuniTree Carbon Program (formerly Limay Community Carbon Project),Tree-Nation,skytanking-holding-gmbh,Plan Vivo,Forest,785,PVC (tCO2e),UNIT
19 Apr 2022,2019 - 2020,The CommuniTree Carbon Program (formerly Limay Community Carbon Project),Tree-Nation,Recyklacia s.r.o.,Plan Vivo,Forest,670,PVC (tCO2e),UNIT
13 Apr 2021,2019 - 2020,The CommuniTree Carbon Program (formerly Limay Community Carbon Project),Tree-Nation,Marquard & Bahls,Plan Vivo,Forest,"1,279",PVC (tCO2e),UNIT
30 Mar 2023,2019 - 2020,The CommuniTree Carbon Program (formerly Limay Community Carbon Project),Tree-Nation,Brand Addition Limited,Plan Vivo,Forest,800,PVC (tCO2e),UNIT
19 Apr 2022,2019 - 2020,The CommuniTree Carbon Program (formerly Limay Community Carbon Project),Tree-Nation,Bagersbau s.r.o.,Plan Vivo,Forest,672,PVC (tCO2e),UNIT
13 Apr 2021,2019 - 2020,The CommuniTree Carbon Program (formerly Limay Community Carbon Project),Tree-Nation,Tree-Nation ASBL,Plan Vivo,Forest,1,PVC (tCO2e),UNIT
24 Jul 2024,2019 - 2020,The CommuniTree Carbon Program (formerly Limay Community Carbon Project),Tree-Nation,Communauté de communes Entre Juine et Renarde,Plan Vivo,Forest,121,PVC (tCO2e),UNIT
13 Apr 2021,2019 - 2020,The CommuniTree Carbon Program (formerly Limay Community Carbon Project),Tree-Nation,WeDoWood,Plan Vivo,Forest,153,PVC (tCO2e),UNIT
25 Jul 2023,2019 - 2020,The CommuniTree Carbon Program (formerly Limay Community Carbon Project),Tree-Nation,ICON Exhibitions & Display Ltd,Plan Vivo,Forest,28,PVC (tCO2e),UNIT
13 Apr 2021,2019 - 2020,The CommuniTree Carbon Program (formerly Limay Community Carbon Project),Tree-Nation,Tree-Nation,Plan Vivo,Forest,1,PVC (tCO2e),UNIT
13 Apr 2021,2019 - 2020,The CommuniTree Carbon Program (formerly Limay Community Carbon Project),Tree-Nation,Innovacasa,Plan Vivo,Forest,14,PVC (tCO2e),UNIT
13 Apr 2021,2019 - 2020,The CommuniTree Carbon Program (formerly Limay Community Carbon Project),Tree-Nation,Rosemood,Plan Vivo,Forest,838,PVC (tCO2e),UNIT
24 Jul 2024,2019 - 2020,The CommuniTree Carbon Program (formerly Limay Community Carbon Project),Tree-Nation,Communauté de communes Entre Juine et Renarde,Plan Vivo,Forest,121,PVC (tCO2e),UNIT
30 Apr 2020,2014,Trees of Hope,United Bank of Carbon,Wayne McEnteer,Plan Vivo,Afforestation / Reforestation,43,PVC (tCO2e),UNIT
14 Apr 2015,2010,Trees of Hope,United Bank of Carbon,,Plan Vivo,Afforestation / Reforestation,45,PVC (tCO2e),UNIT
14 Apr 2015,2010,Trees of Hope,United Bank of Carbon,,Plan Vivo,Afforestation / Reforestation,8,PVC (tCO2e),UNIT
31 Jul 2019,2014,Trees of Hope,United Bank of Carbon,Fiona Watters,Plan Vivo,Afforestation / Reforestation,7,PVC (tCO2e),UNIT
29 Nov 2019,2014,Trees of Hope,United Bank of Carbon,Dr Hannah Walker,Plan Vivo,Afforestation / Reforestation,5,PVC (tCO2e),UNIT
23 Jun 2019,2014,Trees of Hope,United Bank of Carbon,Tom Bliss,Plan Vivo,Afforestation / Reforestation,7,PVC (tCO2e),UNIT
12 Apr 2018,2014,Trees of Hope,United Bank of Carbon,,Plan Vivo,Afforestation / Reforestation,6,PVC (tCO2e),UNIT
06 Jun 2018,2014,Trees of Hope,United Bank of Carbon,,Plan Vivo,Afforestation / Reforestation,178,PVC (tCO2e),UNIT
19 Dec 2018,2014,Trees of Hope,United Bank of Carbon,Astrid Kause,Plan Vivo,Afforestation / Reforestation,4,PVC (tCO2e),UNIT
15 Jan 2020,2014,Trees of Hope,United Bank of Carbon,David Eggleston,Plan Vivo,Afforestation / Reforestation,35,PVC (tCO2e),UNIT
04 Aug 2020,2014,Trees of Hope,United Bank of Carbon,United Bank of Carbon,Plan Vivo,Afforestation / Reforestation,42,PVC (tCO2e),UNIT
17 Jul 2017,2014,Trees of Hope,United Bank of Carbon,,Plan Vivo,Afforestation / Reforestation,126,PVC (tCO2e),UNIT
15 Nov 2019,2014,Trees of Hope,United Bank of Carbon,All Saints RC School York Fund,Plan Vivo,Afforestation / Reforestation,5,PVC (tCO2e),UNIT
30 Apr 2020,2014,Trees of Hope,United Bank of Carbon,Wayne McEnteer,Plan Vivo,Afforestation / Reforestation,43,PVC (tCO2e),UNIT
09 Jan 2019,2014,Trees of Hope,United Bank of Carbon,Dr John Marsham,Plan Vivo,Afforestation / Reforestation,2,PVC (tCO2e),UNIT
24 Oct 2017,2014,Trees of Hope,United Bank of Carbon,,Plan Vivo,Afforestation / Reforestation,8,PVC (tCO2e),UNIT
20 Feb 2019,2014,Trees of Hope,United Bank of Carbon,David Eggleston,Plan Vivo,Afforestation / Reforestation,20,PVC (tCO2e),UNIT
19 Jul 2016,2010,Trees of Hope,United Bank of Carbon,,Plan Vivo,Afforestation / Reforestation,134,PVC (tCO2e),UNIT
25 Apr 2016,2010,Trees of Hope,United Bank of Carbon,,Plan Vivo,Afforestation / Reforestation,66,PVC (tCO2e),UNIT
14 Apr 2015,2010,Trees of Hope,United Bank of Carbon,,Plan Vivo,Afforestation / Reforestation,8,PVC (tCO2e),UNIT
14 Apr 2015,2010,Trees of Hope,United Bank of Carbon,,Plan Vivo,Afforestation / Reforestation,57,PVC (tCO2e),UNIT
23 Jun 2019,2014,Trees of Hope,United Bank of Carbon,Tom Bliss,Plan Vivo,Afforestation / Reforestation,7,PVC (tCO2e),UNIT
14 Apr 2015,2010,Trees of Hope,United Bank of Carbon,,Plan Vivo,Afforestation / Reforestation,57,PVC (tCO2e),UNIT
14 Apr 2015,2010,Trees of Hope,United Bank of Carbon,,Plan Vivo,Afforestation / Reforestation,8,PVC (tCO2e),UNIT
14 Apr 2015,2010,Trees of Hope,United Bank of Carbon,,Plan Vivo,Afforestation / Reforestation,45,PVC (tCO2e),UNIT
09 Jun 2015,2010,Trees of Hope,United Bank of Carbon,,Plan Vivo,Afforestation / Reforestation,70,PVC (tCO2e),UNIT
23 Jun 2019,2014,Trees of Hope,United Bank of Carbon,Tom Bliss,Plan Vivo,Afforestation / Reforestation,7,PVC (tCO2e),UNIT
17 May 2012,2010,Trees of Hope,United Bank of Carbon,,Plan Vivo,Afforestation / Reforestation,27,PVC (tCO2e),UNIT
17 May 2012,2010,Trees of Hope,United Bank of Carbon,,Plan Vivo,Afforestation / Reforestation,11,PVC (tCO2e),UNIT
29 Nov 2019,2014,Trees of Hope,United Bank of Carbon,Dr Hannah Walker,Plan Vivo,Afforestation / Reforestation,5,PVC (tCO2e),UNIT
19 Jul 2016,2010,Trees of Hope,United Bank of Carbon,,Plan Vivo,Afforestation / Reforestation,134,PVC (tCO2e),UNIT
31 Jul 2019,2014,Trees of Hope,United Bank of Carbon,Fiona Watters,Plan Vivo,Afforestation / Reforestation,7,PVC (tCO2e),UNIT
16 May 2025,2017 - 2022,UTNWF,UPPER TANA NAIROBI WATER FUND,NextEnergy Group,Plan Vivo,Agriculture land management,334,PVC (tCO2e),UNIT
27 Jun 2024,2017 - 2022,UTNWF,UPPER TANA NAIROBI WATER FUND,Clim-EAT,Plan Vivo,Agriculture land management,100,PVC (tCO2e),UNIT
19 Jun 2024,2018 - 2019,Emiti Nibwo Bulora,Vi Agroforestry,Bokförlaget LIND & Co AB,Plan Vivo,Afforestation / Reforestation,"2,343",PVC (tCO2e),UNIT
06 Jun 2013,2011,Emiti Nibwo Bulora,Vi Agroforestry,,Plan Vivo,Afforestation / Reforestation,"2,934",PVC (tCO2e),UNIT
19 Jun 2024,2019 - 2020,Emiti Nibwo Bulora,Vi Agroforestry,Folksam Ömsesidig Sakförsäkring,Plan Vivo,Afforestation / Reforestation,"1,133",PVC (tCO2e),UNIT
15 Jun 2015,2011,Emiti Nibwo Bulora,Vi Agroforestry,,Plan Vivo,Afforestation / Reforestation,"1,000",PVC (tCO2e),UNIT
14 Jan 2015,2011,Emiti Nibwo Bulora,Vi Agroforestry,,Plan Vivo,Afforestation / Reforestation,62,PVC (tCO2e),UNIT
21 Jan 2015,2011,Emiti Nibwo Bulora,Vi Agroforestry,,Plan Vivo,Afforestation / Reforestation,228,PVC (tCO2e),UNIT
19 Jun 2024,2018 - 2019,Emiti Nibwo Bulora,Vi Agroforestry,Bokus AB,Plan Vivo,Afforestation / Reforestation,524,PVC (tCO2e),UNIT
08 Jan 2015,2011,Emiti Nibwo Bulora,Vi Agroforestry,,Plan Vivo,Afforestation / Reforestation,5,PVC (tCO2e),UNIT
08 Jan 2015,2011,Emiti Nibwo Bulora,Vi Agroforestry,,Plan Vivo,Afforestation / Reforestation,145,PVC (tCO2e),UNIT
19 Jun 2024,2019 - 2020,Emiti Nibwo Bulora,Vi Agroforestry,Svenska Röda Korsets Ungdomsförbund,Plan Vivo,Afforestation / Reforestation,1,PVC (tCO2e),UNIT
08 Jan 2015,2011,Emiti Nibwo Bulora,Vi Agroforestry,,Plan Vivo,Afforestation / Reforestation,110,PVC (tCO2e),UNIT
19 Jun 2024,2019 - 2020,Emiti Nibwo Bulora,Vi Agroforestry,KPA Tjänstepensionsförsäkring AB,Plan Vivo,Afforestation / Reforestation,336,PVC (tCO2e),UNIT
08 Jan 2015,2011,Emiti Nibwo Bulora,Vi Agroforestry,,Plan Vivo,Afforestation / Reforestation,614,PVC (tCO2e),UNIT
08 Jan 2015,2011,Emiti Nibwo Bulora,Vi Agroforestry,,Plan Vivo,Afforestation / Reforestation,3,PVC (tCO2e),UNIT
08 Jan 2015,2011,Emiti Nibwo Bulora,Vi Agroforestry,,Plan Vivo,Afforestation / Reforestation,10,PVC (tCO2e),UNIT
08 Jan 2015,2011,Emiti Nibwo Bulora,Vi Agroforestry,,Plan Vivo,Afforestation / Reforestation,481,PVC (tCO2e),UNIT
15 Jun 2015,2011,Emiti Nibwo Bulora,Vi Agroforestry,,Plan Vivo,Afforestation / Reforestation,204,PVC (tCO2e),UNIT
15 Jun 2015,2011,Emiti Nibwo Bulora,Vi Agroforestry,,Plan Vivo,Afforestation / Reforestation,"1,421",PVC (tCO2e),UNIT
08 Jan 2015,2011,Emiti Nibwo Bulora,Vi Agroforestry,,Plan Vivo,Afforestation / Reforestation,10,PVC (tCO2e),UNIT
08 Jan 2015,2011,Emiti Nibwo Bulora,Vi Agroforestry,,Plan Vivo,Afforestation / Reforestation,95,PVC (tCO2e),UNIT
08 Jan 2015,2011,Emiti Nibwo Bulora,Vi Agroforestry,,Plan Vivo,Afforestation / Reforestation,167,PVC (tCO2e),UNIT
08 Jan 2015,2011,Emiti Nibwo Bulora,Vi Agroforestry,,Plan Vivo,Afforestation / Reforestation,366,PVC (tCO2e),UNIT
14 Jan 2015,2011,Emiti Nibwo Bulora,Vi Agroforestry,,Plan Vivo,Afforestation / Reforestation,"2,792",PVC (tCO2e),UNIT
14 Jan 2015,2011,Emiti Nibwo Bulora,Vi Agroforestry,,Plan Vivo,Afforestation / Reforestation,228,PVC (tCO2e),UNIT
17 Aug 2015,2011,Emiti Nibwo Bulora,Vi Agroforestry,,Plan Vivo,Afforestation / Reforestation,6,PVC (tCO2e),UNIT
17 Aug 2015,2011,Emiti Nibwo Bulora,Vi Agroforestry,,Plan Vivo,Afforestation / Reforestation,"1,246",PVC (tCO2e),UNIT
14 Jan 2015,2011,Emiti Nibwo Bulora,Vi Agroforestry,,Plan Vivo,Afforestation / Reforestation,62,PVC (tCO2e),UNIT
21 Jan 2015,2011,Emiti Nibwo Bulora,Vi Agroforestry,,Plan Vivo,Afforestation / Reforestation,228,PVC (tCO2e),UNIT
17 Aug 2016,2011,Emiti Nibwo Bulora,Vi Agroforestry,,Plan Vivo,Afforestation / Reforestation,20,PVC (tCO2e),UNIT
04 Feb 2015,2011,Emiti Nibwo Bulora,Vi Agroforestry,,Plan Vivo,Afforestation / Reforestation,"1,862",PVC (tCO2e),UNIT
04 Feb 2015,2011,Emiti Nibwo Bulora,Vi Agroforestry,,Plan Vivo,Afforestation / Reforestation,241,PVC (tCO2e),UNIT
06 Jun 2013,2011,Emiti Nibwo Bulora,Vi Agroforestry,,Plan Vivo,Afforestation / Reforestation,"2,934",PVC (tCO2e),UNIT
06 Jun 2013,2011,Emiti Nibwo Bulora,Vi Agroforestry,,Plan Vivo,Afforestation / Reforestation,127,PVC (tCO2e),UNIT
08 Jan 2015,2011,Emiti Nibwo Bulora,Vi Agroforestry,,Plan Vivo,Afforestation / Reforestation,30,PVC (tCO2e),UNIT
08 Jan 2015,2011,Emiti Nibwo Bulora,Vi Agroforestry,,Plan Vivo,Afforestation / Reforestation,24,PVC (tCO2e),UNIT
08 Jan 2015,2011,Emiti Nibwo Bulora,Vi Agroforestry,,Plan Vivo,Afforestation / Reforestation,10,PVC (tCO2e),UNIT
08 Jan 2015,2011,Emiti Nibwo Bulora,Vi Agroforestry,,Plan Vivo,Afforestation / Reforestation,248,PVC (tCO2e),UNIT
08 Jan 2015,2011,Emiti Nibwo Bulora,Vi Agroforestry,,Plan Vivo,Afforestation / Reforestation,930,PVC (tCO2e),UNIT
08 Jan 2015,2011,Emiti Nibwo Bulora,Vi Agroforestry,,Plan Vivo,Afforestation / Reforestation,374,PVC (tCO2e),UNIT
15 Jun 2015,2011,Emiti Nibwo Bulora,Vi Agroforestry,,Plan Vivo,Afforestation / Reforestation,"1,421",PVC (tCO2e),UNIT
15 Jun 2015,2011,Emiti Nibwo Bulora,Vi Agroforestry,,Plan Vivo,Afforestation / Reforestation,43,PVC (tCO2e),UNIT
15 Jun 2015,2011,Emiti Nibwo Bulora,Vi Agroforestry,,Plan Vivo,Afforestation / Reforestation,300,PVC (tCO2e),UNIT
15 Jun 2015,2011,Emiti Nibwo Bulora,Vi Agroforestry,,Plan Vivo,Afforestation / Reforestation,334,PVC (tCO2e),UNIT
15 Jun 2015,2011,Emiti Nibwo Bulora,Vi Agroforestry,,Plan Vivo,Afforestation / Reforestation,"1,000",PVC (tCO2e),UNIT
08 Jan 2015,2011,Emiti Nibwo Bulora,Vi Agroforestry,,Plan Vivo,Afforestation / Reforestation,31,PVC (tCO2e),UNIT
08 Jan 2015,2011,Emiti Nibwo Bulora,Vi Agroforestry,,Plan Vivo,Afforestation / Reforestation,117,PVC (tCO2e),UNIT
08 Jan 2015,2011,Emiti Nibwo Bulora,Vi Agroforestry,,Plan Vivo,Afforestation / Reforestation,357,PVC (tCO2e),UNIT
08 Jan 2015,2011,Emiti Nibwo Bulora,Vi Agroforestry,,Plan Vivo,Afforestation / Reforestation,318,PVC (tCO2e),UNIT
08 Jan 2015,2011,Emiti Nibwo Bulora,Vi Agroforestry,,Plan Vivo,Afforestation / Reforestation,357,PVC (tCO2e),UNIT
08 Jan 2015,2011,Emiti Nibwo Bulora,Vi Agroforestry,,Plan Vivo,Afforestation / Reforestation,67,PVC (tCO2e),UNIT
08 Jan 2015,2011,Emiti Nibwo Bulora,Vi Agroforestry,,Plan Vivo,Afforestation / Reforestation,318,PVC (tCO2e),UNIT
08 Jan 2015,2011,Emiti Nibwo Bulora,Vi Agroforestry,,Plan Vivo,Afforestation / Reforestation,378,PVC (tCO2e),UNIT
08 Jan 2015,2011,Emiti Nibwo Bulora,Vi Agroforestry,,Plan Vivo,Afforestation / Reforestation,131,PVC (tCO2e),UNIT
08 Jan 2015,2011,Emiti Nibwo Bulora,Vi Agroforestry,,Plan Vivo,Afforestation / Reforestation,603,PVC (tCO2e),UNIT
08 Jan 2015,2011,Emiti Nibwo Bulora,Vi Agroforestry,,Plan Vivo,Afforestation / Reforestation,30,PVC (tCO2e),UNIT
08 Jan 2015,2011,Emiti Nibwo Bulora,Vi Agroforestry,,Plan Vivo,Afforestation / Reforestation,24,PVC (tCO2e),UNIT
08 Jan 2015,2011,Emiti Nibwo Bulora,Vi Agroforestry,,Plan Vivo,Afforestation / Reforestation,10,PVC (tCO2e),UNIT
08 Jan 2015,2011,Emiti Nibwo Bulora,Vi Agroforestry,,Plan Vivo,Afforestation / Reforestation,248,PVC (tCO2e),UNIT
08 Jan 2015,2011,Emiti Nibwo Bulora,Vi Agroforestry,,Plan Vivo,Afforestation / Reforestation,930,PVC (tCO2e),UNIT
08 Jan 2015,2011,Emiti Nibwo Bulora,Vi Agroforestry,,Plan Vivo,Afforestation / Reforestation,128,PVC (tCO2e),UNIT
08 Jan 2015,2011,Emiti Nibwo Bulora,Vi Agroforestry,,Plan Vivo,Afforestation / Reforestation,"4,613",PVC (tCO2e),UNIT
08 Jan 2015,2011,Emiti Nibwo Bulora,Vi Agroforestry,,Plan Vivo,Afforestation / Reforestation,207,PVC (tCO2e),UNIT
08 Jan 2015,2011,Emiti Nibwo Bulora,Vi Agroforestry,,Plan Vivo,Afforestation / Reforestation,3,PVC (tCO2e),UNIT
15 Jun 2015,2011,Emiti Nibwo Bulora,Vi Agroforestry,,Plan Vivo,Afforestation / Reforestation,"1,000",PVC (tCO2e),UNIT
19 Jul 2011,2010,Emiti Nibwo Bulora,Vi Agroforestry,,Plan Vivo,Afforestation / Reforestation,"1,861",PVC (tCO2e),UNIT
08 Jan 2015,2011,Emiti Nibwo Bulora,Vi Agroforestry,,Plan Vivo,Afforestation / Reforestation,95,PVC (tCO2e),UNIT
08 Jan 2015,2011,Emiti Nibwo Bulora,Vi Agroforestry,,Plan Vivo,Afforestation / Reforestation,167,PVC (tCO2e),UNIT
08 Jan 2015,2011,Emiti Nibwo Bulora,Vi Agroforestry,,Plan Vivo,Afforestation / Reforestation,366,PVC (tCO2e),UNIT
14 Jan 2015,2011,Emiti Nibwo Bulora,Vi Agroforestry,,Plan Vivo,Afforestation / Reforestation,"2,792",PVC (tCO2e),UNIT
14 Jan 2015,2011,Emiti Nibwo Bulora,Vi Agroforestry,,Plan Vivo,Afforestation / Reforestation,228,PVC (tCO2e),UNIT
14 Jan 2015,2011,Emiti Nibwo Bulora,Vi Agroforestry,,Plan Vivo,Afforestation / Reforestation,62,PVC (tCO2e),UNIT
08 Jan 2015,2011,Emiti Nibwo Bulora,Vi Agroforestry,,Plan Vivo,Afforestation / Reforestation,10,PVC (tCO2e),UNIT
08 Jan 2015,2011,Emiti Nibwo Bulora,Vi Agroforestry,,Plan Vivo,Afforestation / Reforestation,145,PVC (tCO2e),UNIT
08 Jan 2015,2011,Emiti Nibwo Bulora,Vi Agroforestry,,Plan Vivo,Afforestation / Reforestation,131,PVC (tCO2e),UNIT
08 Jan 2015,2011,Emiti Nibwo Bulora,Vi Agroforestry,,Plan Vivo,Afforestation / Reforestation,378,PVC (tCO2e),UNIT
08 Jan 2015,2011,Emiti Nibwo Bulora,Vi Agroforestry,,Plan Vivo,Afforestation / Reforestation,318,PVC (tCO2e),UNIT
18 Jun 2024,2019 - 2020,Emiti Nibwo Bulora,Vi Agroforestry,Midsona Sverige AB,Plan Vivo,Afforestation / Reforestation,942,PVC (tCO2e),UNIT
17 Aug 2016,2011,Emiti Nibwo Bulora,Vi Agroforestry,,Plan Vivo,Afforestation / Reforestation,20,PVC (tCO2e),UNIT
14 Jan 2015,2011,Emiti Nibwo Bulora,Vi Agroforestry,,Plan Vivo,Afforestation / Reforestation,"2,792",PVC (tCO2e),UNIT
08 Jan 2015,2011,Emiti Nibwo Bulora,Vi Agroforestry,,Plan Vivo,Afforestation / Reforestation,366,PVC (tCO2e),UNIT
08 Jan 2015,2011,Emiti Nibwo Bulora,Vi Agroforestry,,Plan Vivo,Afforestation / Reforestation,167,PVC (tCO2e),UNIT
15 Jun 2015,2011,Emiti Nibwo Bulora,Vi Agroforestry,,Plan Vivo,Afforestation / Reforestation,43,PVC (tCO2e),UNIT
08 Jan 2015,2011,Emiti Nibwo Bulora,Vi Agroforestry,,Plan Vivo,Afforestation / Reforestation,95,PVC (tCO2e),UNIT
06 Jun 2013,2011,Emiti Nibwo Bulora,Vi Agroforestry,,Plan Vivo,Afforestation / Reforestation,33,PVC (tCO2e),UNIT
08 Jan 2015,2011,Emiti Nibwo Bulora,Vi Agroforestry,,Plan Vivo,Afforestation / Reforestation,10,PVC (tCO2e),UNIT
08 Jan 2015,2011,Emiti Nibwo Bulora,Vi Agroforestry,,Plan Vivo,Afforestation / Reforestation,117,PVC (tCO2e),UNIT
08 Jan 2015,2011,Emiti Nibwo Bulora,Vi Agroforestry,,Plan Vivo,Afforestation / Reforestation,117,PVC (tCO2e),UNIT
08 Jan 2015,2011,Emiti Nibwo Bulora,Vi Agroforestry,,Plan Vivo,Afforestation / Reforestation,930,PVC (tCO2e),UNIT
08 Jan 2015,2011,Emiti Nibwo Bulora,Vi Agroforestry,,Plan Vivo,Afforestation / Reforestation,167,PVC (tCO2e),UNIT
08 Jan 2015,2011,Emiti Nibwo Bulora,Vi Agroforestry,,Plan Vivo,Afforestation / Reforestation,40,PVC (tCO2e),UNIT
08 Jan 2015,2011,Emiti Nibwo Bulora,Vi Agroforestry,,Plan Vivo,Afforestation / Reforestation,248,PVC (tCO2e),UNIT
08 Jan 2015,2011,Emiti Nibwo Bulora,Vi Agroforestry,,Plan Vivo,Afforestation / Reforestation,68,PVC (tCO2e),UNIT
08 Jan 2015,2011,Emiti Nibwo Bulora,Vi Agroforestry,,Plan Vivo,Afforestation / Reforestation,3,PVC (tCO2e),UNIT
07 Jan 2025,2018 - 2019,Emiti Nibwo Bulora,Vi Agroforestry,Blomsterlandet AB,Plan Vivo,Afforestation / Reforestation,503,PVC (tCO2e),UNIT
19 Jul 2011,2010,Emiti Nibwo Bulora,Vi Agroforestry,,Plan Vivo,Afforestation / Reforestation,"1,861",PVC (tCO2e),UNIT
06 Jun 2013,2011,Emiti Nibwo Bulora,Vi Agroforestry,,Plan Vivo,Afforestation / Reforestation,"2,934",PVC (tCO2e),UNIT
23 Feb 2015,2013,Trees of Hope,William J. Clinton Foundation,,Plan Vivo,Afforestation / Reforestation,"1,500",PVC (tCO2e),UNIT
09 Jan 2014,2010,Trees of Hope,William J. Clinton Foundation,,Plan Vivo,Afforestation / Reforestation,30,PVC (tCO2e),UNIT
09 Jan 2014,2010,Trees of Hope,William J. Clinton Foundation,,Plan Vivo,Afforestation / Reforestation,252,PVC (tCO2e),UNIT
24 Oct 2023,2022,Vanga Blue Forest,Yacht Carbon Offset,Hill Robinson Group Ltd,Plan Vivo,Forest Conservation & Avoided Deforestation,2,PVC (tCO2e),UNIT
20 Nov 2023,2022,Vanga Blue Forest,Yacht Carbon Offset,Yacht Carbon Offset,Plan Vivo,Forest Conservation & Avoided Deforestation,211,PVC (tCO2e),UNIT
29 Apr 2021,2020,Mikoko Pamoja,Yacht Carbon Offset,Hill Robinson Group Ltd.,Plan Vivo,Forest Conservation & Avoided Deforestation,985,PVC (tCO2e),UNIT
24 Nov 2023,2022,Vanga Blue Forest,Yacht Carbon Offset,Yacht Carbon Offset,Plan Vivo,Forest Conservation & Avoided Deforestation,25,PVC (tCO2e),UNIT
30 Apr 2024,2022,Mikoko Pamoja,Yacht Carbon Offset,Yacht Carbon Offset,Plan Vivo,Forest Conservation & Avoided Deforestation,33,PVC (tCO2e),UNIT
24 Mar 2021,2020,Mikoko Pamoja,Yacht Carbon Offset,Sea-Change Sailing Trust,Plan Vivo,Forest Conservation & Avoided Deforestation,1,PVC (tCO2e),UNIT
24 Jan 2025,2022,Vanga Blue Forest,Yacht Carbon Offset,Yacht Carbon Offset,Plan Vivo,Forest Conservation & Avoided Deforestation,10,PVC (tCO2e),UNIT
23 Oct 2023,2022,Vanga Blue Forest,Yacht Carbon Offset,Hill Robinson Group,Plan Vivo,Forest Conservation & Avoided Deforestation,85,PVC (tCO2e),UNIT
30 Apr 2024,2022,Mikoko Pamoja,Yacht Carbon Offset,Yacht Carbon Offset Ltd.,Plan Vivo,Forest Conservation & Avoided Deforestation,82,PVC (tCO2e),UNIT
11 Aug 2023,2022,Mikoko Pamoja,Yacht Carbon Offset,Gym Marine Group,Plan Vivo,Forest Conservation & Avoided Deforestation,17,PVC (tCO2e),UNIT
20 May 2022,2021,Vanga Blue Forest,Yacht Carbon Offset,M.Y. Monkeyfish (Macaulay Limited),Plan Vivo,Forest Conservation & Avoided Deforestation,26,PVC (tCO2e),UNIT
29 Apr 2022,2021,Vanga Blue Forest,Yacht Carbon Offset,Henry Cookson Adventures Ltd.,Plan Vivo,Forest Conservation & Avoided Deforestation,250,PVC (tCO2e),UNIT
24 Jan 2025,2023,Vanga Blue Forest,Yacht Carbon Offset,Yacht Carbon Offset,Plan Vivo,Forest Conservation & Avoided Deforestation,126,PVC (tCO2e),UNIT
24 May 2023,2022,Vanga Blue Forest,Yacht Carbon Offset,Hill Robinson Group Ltd.,Plan Vivo,Forest Conservation & Avoided Deforestation,115,PVC (tCO2e),UNIT
25 May 2022,2021,Vanga Blue Forest,Yacht Carbon Offset,Fraser Worldwide S.A.M.,Plan Vivo,Forest Conservation & Avoided Deforestation,26,PVC (tCO2e),UNIT
29 Apr 2022,2021,Mikoko Pamoja,Yacht Carbon Offset,Henry Cookson Adventures Ltd.,Plan Vivo,Forest Conservation & Avoided Deforestation,250,PVC (tCO2e),UNIT
18 Oct 2024,2023,Mikoko Pamoja,Yacht Carbon Offset,Yacht Carbon Offset,Plan Vivo,Forest Conservation & Avoided Deforestation,24,PVC (tCO2e),UNIT
16 May 2025,2023,Vanga Blue Forest,Yacht Carbon Offset,Yacht Carbon Offset Ltd,Plan Vivo,Forest Conservation & Avoided Deforestation,74,PVC (tCO2e),UNIT
20 Nov 2023,2022,Vanga Blue Forest,Yacht Carbon Offset,Yacht Carbon Offset,Plan Vivo,Forest Conservation & Avoided Deforestation,211,PVC (tCO2e),UNIT
30 Apr 2024,2022,Mikoko Pamoja,Yacht Carbon Offset,Yacht Carbon Offset Ltd.,Plan Vivo,Forest Conservation & Avoided Deforestation,82,PVC (tCO2e),UNIT
23 Oct 2023,2022,Vanga Blue Forest,Yacht Carbon Offset,Hill Robinson Group,Plan Vivo,Forest Conservation & Avoided Deforestation,85,PVC (tCO2e),UNIT
24 Oct 2023,2022,Vanga Blue Forest,Yacht Carbon Offset,Hill Robinson Group Ltd,Plan Vivo,Forest Conservation & Avoided Deforestation,2,PVC (tCO2e),UNIT
24 Nov 2023,2022,Vanga Blue Forest,Yacht Carbon Offset,Yacht Carbon Offset,Plan Vivo,Forest Conservation & Avoided Deforestation,25,PVC (tCO2e),UNIT
01 Feb 2024,2022,Mikoko Pamoja,Yacht Carbon Offset,Yacht Carbon Offset,Plan Vivo,Forest Conservation & Avoided Deforestation,118,PVC (tCO2e),UNIT
15 Mar 2021,2019,Rimbak Pakai Pengidup Project,Yayasan PRCF-Indonesia,PT. INDO SAWIT KEKAL,Plan Vivo,Forest Conservation & Avoided Deforestation,"1,308",PVC (tCO2e),UNIT
15 Mar 2021,2020,Rimbak Pakai Pengidup Project,Yayasan PRCF-Indonesia,PT. INDO SAWIT KEKAL,Plan Vivo,Forest Conservation & Avoided Deforestation,872,PVC (tCO2e),UNIT
10 Aug 2021,2019 - 2020,The CommuniTree Carbon Program (formerly Limay Community Carbon Project),ZeroMission AB- Plan Vivo,Johan Hagström,Plan Vivo,Forest,28,PVC (tCO2e),UNIT
10 Aug 2021,2019 - 2020,The CommuniTree Carbon Program (formerly Limay Community Carbon Project),ZeroMission AB- Plan Vivo,Maria Nila,Plan Vivo,Forest,"1,000",PVC (tCO2e),UNIT
10 Aug 2021,2019 - 2020,The CommuniTree Carbon Program (formerly Limay Community Carbon Project),ZeroMission AB- Plan Vivo,Jahwa Fikaservice,Plan Vivo,Forest,127,PVC (tCO2e),UNIT
10 Aug 2021,2019 - 2020,The CommuniTree Carbon Program (formerly Limay Community Carbon Project),ZeroMission AB- Plan Vivo,Plåtspressning AB (Järnmalmer),Plan Vivo,Forest,7,PVC (tCO2e),UNIT
10 Aug 2021,2019 - 2020,The CommuniTree Carbon Program (formerly Limay Community Carbon Project),ZeroMission AB- Plan Vivo,Nordsvets i Göteborg AB (Järnmalmer),Plan Vivo,Forest,5,PVC (tCO2e),UNIT
10 Aug 2021,2019 - 2020,The CommuniTree Carbon Program (formerly Limay Community Carbon Project),ZeroMission AB- Plan Vivo,Gemo Lagerinredningar AB (Järnmalmer),Plan Vivo,Forest,7,PVC (tCO2e),UNIT
10 Aug 2021,2019 - 2020,The CommuniTree Carbon Program (formerly Limay Community Carbon Project),ZeroMission AB- Plan Vivo,Lynx Asset Management,Plan Vivo,Forest,34,PVC (tCO2e),UNIT
10 Aug 2021,2019 - 2020,The CommuniTree Carbon Program (formerly Limay Community Carbon Project),ZeroMission AB- Plan Vivo,Arvid Nordquist (kaffe),Plan Vivo,Forest,"2,292",PVC (tCO2e),UNIT
10 Aug 2021,2019 - 2020,The CommuniTree Carbon Program (formerly Limay Community Carbon Project),ZeroMission AB- Plan Vivo,Arvid Nordquist (kaffe),Plan Vivo,Forest,"27,785",PVC (tCO2e),UNIT
10 Aug 2021,2019 - 2020,The CommuniTree Carbon Program (formerly Limay Community Carbon Project),ZeroMission AB- Plan Vivo,Società per la Cremazione Torino,Plan Vivo,Forest,788,PVC (tCO2e),UNIT
10 Aug 2021,2019 - 2020,The CommuniTree Carbon Program (formerly Limay Community Carbon Project),ZeroMission AB- Plan Vivo,Freys Express AB,Plan Vivo,Forest,24,PVC (tCO2e),UNIT
10 Aug 2021,2019 - 2020,The CommuniTree Carbon Program (formerly Limay Community Carbon Project),ZeroMission AB- Plan Vivo,Movare AB,Plan Vivo,Forest,46,PVC (tCO2e),UNIT
10 Aug 2021,2019 - 2020,The CommuniTree Carbon Program (formerly Limay Community Carbon Project),ZeroMission AB- Plan Vivo,Eterne AB,Plan Vivo,Forest,47,PVC (tCO2e),UNIT
04 Jan 2023,2021,ArBolivia,ZeroMission AB- Plan Vivo,MVR Service AB,Plan Vivo,Afforestation / Reforestation,80,PVC (tCO2e),UNIT
04 Jan 2023,2021,ArBolivia,ZeroMission AB- Plan Vivo,GodDryck,Plan Vivo,Afforestation / Reforestation,71,PVC (tCO2e),UNIT
04 Jan 2023,2021,ArBolivia,ZeroMission AB- Plan Vivo,Warner Music Sweden,Plan Vivo,Afforestation / Reforestation,55,PVC (tCO2e),UNIT
04 Jan 2023,2021,ArBolivia,ZeroMission AB- Plan Vivo,Saltå Kvarn,Plan Vivo,Afforestation / Reforestation,529,PVC (tCO2e),UNIT
05 Jan 2023,2021,Trees for Global Benefits,ZeroMission AB- Plan Vivo,Arla Eko,Plan Vivo,Afforestation / Reforestation,"50,000",PVC (tCO2e),UNIT
13 Sep 2024,2015 - 2016,Drawa Rainforest Carbon Project,ZeroMission AB- Plan Vivo,NOBA Bank Group AB,Plan Vivo,Improved forest management,"1,318",PVC (tCO2e),UNIT
23 Jun 2020,2017,Scolel té Natural Resources Management and Carbon Sequestration Project (Scolel té Natural Resources Management and Carbon Sequestration Project),ZeroMission AB- Plan Vivo,Ekobanken,Plan Vivo,Afforestation / Reforestation,4,PVC (tCO2e),UNIT
05 Jan 2023,2021,Trees for Global Benefits,ZeroMission AB- Plan Vivo,V-Tab,Plan Vivo,Afforestation / Reforestation,16,PVC (tCO2e),UNIT
23 Jun 2020,2017,Scolel té Natural Resources Management and Carbon Sequestration Project (Scolel té Natural Resources Management and Carbon Sequestration Project),ZeroMission AB- Plan Vivo,Ekobanken,Plan Vivo,Afforestation / Reforestation,7,PVC (tCO2e),UNIT
07 Jan 2019,2017,Scolel té Natural Resources Management and Carbon Sequestration Project (Scolel té Natural Resources Management and Carbon Sequestration Project),ZeroMission AB- Plan Vivo,Risenta,Plan Vivo,Afforestation / Reforestation,"3,461",PVC (tCO2e),UNIT
05 Jan 2023,2021,Trees for Global Benefits,ZeroMission AB- Plan Vivo,KantDesign,Plan Vivo,Afforestation / Reforestation,150,PVC (tCO2e),UNIT
05 Jan 2023,2021,Trees for Global Benefits,ZeroMission AB- Plan Vivo,Embedded Artists,Plan Vivo,Afforestation / Reforestation,124,PVC (tCO2e),UNIT
07 Jan 2019,2017,ArBolivia,ZeroMission AB- Plan Vivo,Opus Bilprovning,Plan Vivo,Afforestation / Reforestation,75,PVC (tCO2e),UNIT
07 Jan 2019,2011,ArBolivia,ZeroMission AB- Plan Vivo,Saltå Kvarn,Plan Vivo,Afforestation / Reforestation,4,PVC (tCO2e),UNIT
07 Jan 2019,2011,ArBolivia,ZeroMission AB- Plan Vivo,KRAV,Plan Vivo,Afforestation / Reforestation,26,PVC (tCO2e),UNIT
17 Dec 2021,2020,Scolel té Natural Resources Management and Carbon Sequestration Project (Scolel té Natural Resources Management and Carbon Sequestration Project),ZeroMission AB- Plan Vivo,MAX Norway AB,Plan Vivo,Afforestation / Reforestation,751,PVC (tCO2e),UNIT
17 Dec 2021,2020,Scolel té Natural Resources Management and Carbon Sequestration Project (Scolel té Natural Resources Management and Carbon Sequestration Project),ZeroMission AB- Plan Vivo,MAX Burgers AB,Plan Vivo,Afforestation / Reforestation,"19,306",PVC (tCO2e),UNIT
17 Dec 2021,2020,Scolel té Natural Resources Management and Carbon Sequestration Project (Scolel té Natural Resources Management and Carbon Sequestration Project),ZeroMission AB- Plan Vivo,MAX Norway AS,Plan Vivo,Afforestation / Reforestation,694,PVC (tCO2e),UNIT
17 Dec 2021,2020,Trees for Global Benefits,ZeroMission AB- Plan Vivo,We Love Burgers AS,Plan Vivo,Afforestation / Reforestation,"2,176",PVC (tCO2e),UNIT
17 Dec 2021,2021,ArBolivia,ZeroMission AB- Plan Vivo,Golvkedjan,Plan Vivo,Afforestation / Reforestation,"2,695",PVC (tCO2e),UNIT
17 Dec 2021,2021,ArBolivia,ZeroMission AB- Plan Vivo,GodEl,Plan Vivo,Afforestation / Reforestation,"6,000",PVC (tCO2e),UNIT
17 Dec 2021,2021,ArBolivia,ZeroMission AB- Plan Vivo,Opus Bilprovning,Plan Vivo,Afforestation / Reforestation,"5,005",PVC (tCO2e),UNIT
17 Dec 2021,2021,ArBolivia,ZeroMission AB- Plan Vivo,Advania,Plan Vivo,Afforestation / Reforestation,236,PVC (tCO2e),UNIT
17 Dec 2021,2021,ArBolivia,ZeroMission AB- Plan Vivo,Länsförsäkringar Jönköping,Plan Vivo,Afforestation / Reforestation,174,PVC (tCO2e),UNIT
19 Apr 2016,2011,ArBolivia,ZeroMission AB- Plan Vivo,,Plan Vivo,Afforestation / Reforestation,293,PVC (tCO2e),UNIT
19 Apr 2016,2011,ArBolivia,ZeroMission AB- Plan Vivo,,Plan Vivo,Afforestation / Reforestation,71,PVC (tCO2e),UNIT
08 Apr 2016,2011,Emiti Nibwo Bulora,ZeroMission AB- Plan Vivo,,Plan Vivo,Afforestation / Reforestation,8,PVC (tCO2e),UNIT
08 Apr 2016,2011,Emiti Nibwo Bulora,ZeroMission AB- Plan Vivo,,Plan Vivo,Afforestation / Reforestation,121,PVC (tCO2e),UNIT
28 Dec 2016,2009,Scolel té Natural Resources Management and Carbon Sequestration Project (Scolel té Natural Resources Management and Carbon Sequestration Project),ZeroMission AB- Plan Vivo,,Plan Vivo,Forest,3,PVC (tCO2e),UNIT
08 Apr 2016,2011,Emiti Nibwo Bulora,ZeroMission AB- Plan Vivo,,Plan Vivo,Afforestation / Reforestation,30,PVC (tCO2e),UNIT
01 Jun 2018,2012,Sofala Community Carbon Project (formerly the N'hambita Community Carbon Project),ZeroMission AB- Plan Vivo,,Plan Vivo,Forest,70,PVC (tCO2e),UNIT
04 Jan 2023,2021,ArBolivia,ZeroMission AB- Plan Vivo,Nordnet AB,Plan Vivo,Afforestation / Reforestation,261,PVC (tCO2e),UNIT
04 Jan 2023,2021,ArBolivia,ZeroMission AB- Plan Vivo,SKL Kommentus,Plan Vivo,Afforestation / Reforestation,100,PVC (tCO2e),UNIT
04 Jan 2023,2021,ArBolivia,ZeroMission AB- Plan Vivo,Lundaekonomerna,Plan Vivo,Afforestation / Reforestation,56,PVC (tCO2e),UNIT
04 Jan 2023,2021,ArBolivia,ZeroMission AB- Plan Vivo,Saltå Kvarn,Plan Vivo,Afforestation / Reforestation,759,PVC (tCO2e),UNIT
04 Jan 2023,2021,ArBolivia,ZeroMission AB- Plan Vivo,Norvida,Plan Vivo,Afforestation / Reforestation,781,PVC (tCO2e),UNIT
04 Jan 2023,2021,ArBolivia,ZeroMission AB- Plan Vivo,Wigg family,Plan Vivo,Afforestation / Reforestation,20,PVC (tCO2e),UNIT
04 Jan 2023,2021,ArBolivia,ZeroMission AB- Plan Vivo,GodDryck,Plan Vivo,Afforestation / Reforestation,775,PVC (tCO2e),UNIT
04 Jan 2023,2021,ArBolivia,ZeroMission AB- Plan Vivo,Urbio,Plan Vivo,Afforestation / Reforestation,160,PVC (tCO2e),UNIT
04 Jan 2023,2021,ArBolivia,ZeroMission AB- Plan Vivo,Norvida,Plan Vivo,Afforestation / Reforestation,756,PVC (tCO2e),UNIT
04 Jan 2023,2021,ArBolivia,ZeroMission AB- Plan Vivo,Norvida,Plan Vivo,Afforestation / Reforestation,678,PVC (tCO2e),UNIT
04 Jan 2023,2021,ArBolivia,ZeroMission AB- Plan Vivo,SKL Kommentus,Plan Vivo,Afforestation / Reforestation,18,PVC (tCO2e),UNIT
04 Jan 2023,2021,ArBolivia,ZeroMission AB- Plan Vivo,Nordnet AB,Plan Vivo,Afforestation / Reforestation,176,PVC (tCO2e),UNIT
04 Jan 2023,2021,ArBolivia,ZeroMission AB- Plan Vivo,MVR Service AB,Plan Vivo,Afforestation / Reforestation,6,PVC (tCO2e),UNIT
04 Jan 2023,2021,ArBolivia,ZeroMission AB- Plan Vivo,Länsförsäkringar Jönköping,Plan Vivo,Afforestation / Reforestation,157,PVC (tCO2e),UNIT
07 Jan 2019,2017,Scolel té Natural Resources Management and Carbon Sequestration Project (Scolel té Natural Resources Management and Carbon Sequestration Project),ZeroMission AB- Plan Vivo,Ecometrica,Plan Vivo,Afforestation / Reforestation,200,PVC (tCO2e),UNIT
07 Jan 2019,2017,Scolel té Natural Resources Management and Carbon Sequestration Project (Scolel té Natural Resources Management and Carbon Sequestration Project),ZeroMission AB- Plan Vivo,Hermansson & Co,Plan Vivo,Afforestation / Reforestation,614,PVC (tCO2e),UNIT
07 Jan 2019,2017,ArBolivia,ZeroMission AB- Plan Vivo,Harry McNeil,Plan Vivo,Afforestation / Reforestation,28,PVC (tCO2e),UNIT
07 Jan 2019,2011,ArBolivia,ZeroMission AB- Plan Vivo,KRAV,Plan Vivo,Afforestation / Reforestation,26,PVC (tCO2e),UNIT
07 Jan 2019,2011,ArBolivia,ZeroMission AB- Plan Vivo,Saltå Kvarn,Plan Vivo,Afforestation / Reforestation,4,PVC (tCO2e),UNIT
07 Jan 2019,2017,ArBolivia,ZeroMission AB- Plan Vivo,Opus Bilprovning,Plan Vivo,Afforestation / Reforestation,75,PVC (tCO2e),UNIT
23 Dec 2020,2018,ArBolivia,ZeroMission AB- Plan Vivo,Golvkedjan,Plan Vivo,Afforestation / Reforestation,"1,865",PVC (tCO2e),UNIT
06 May 2022,2018,ArBolivia,ZeroMission AB- Plan Vivo,Switch Nordic Green,Plan Vivo,Afforestation / Reforestation,2,PVC (tCO2e),UNIT
19 Dec 2019,2018,ArBolivia,ZeroMission AB- Plan Vivo,Saltå Kvarn,Plan Vivo,Afforestation / Reforestation,961,PVC (tCO2e),UNIT
07 Jan 2019,2017,Scolel té Natural Resources Management and Carbon Sequestration Project (Scolel té Natural Resources Management and Carbon Sequestration Project),ZeroMission AB- Plan Vivo,Risenta,Plan Vivo,Afforestation / Reforestation,"3,461",PVC (tCO2e),UNIT
23 Jun 2020,2017,Scolel té Natural Resources Management and Carbon Sequestration Project (Scolel té Natural Resources Management and Carbon Sequestration Project),ZeroMission AB- Plan Vivo,Ekobanken,Plan Vivo,Afforestation / Reforestation,7,PVC (tCO2e),UNIT
23 Jun 2020,2017,Scolel té Natural Resources Management and Carbon Sequestration Project (Scolel té Natural Resources Management and Carbon Sequestration Project),ZeroMission AB- Plan Vivo,Ekobanken,Plan Vivo,Afforestation / Reforestation,4,PVC (tCO2e),UNIT
31 Aug 2018,2016 - 2017,Trees of Hope,ZeroMission AB- Plan Vivo,Axis Communications,Plan Vivo,Afforestation / Reforestation,"1,487",PVC (tCO2e),UNIT
22 Aug 2018,2016 - 2017,The CommuniTree Carbon Program (formerly Limay Community Carbon Project),ZeroMission AB- Plan Vivo,Fontana Food AB,Plan Vivo,Forest,15,PVC (tCO2e),UNIT
14 Nov 2025,2022,ArBolivia,ZeroMission AB- Plan Vivo,Saltå Kvarn,Plan Vivo,Afforestation / Reforestation,92,PVC (tCO2e),UNIT
14 Jul 2022,2021,Trees for Global Benefits,ZeroMission AB- Plan Vivo,Esam AB,Plan Vivo,Afforestation / Reforestation,2,PVC (tCO2e),UNIT
14 Jul 2022,2021,Trees for Global Benefits,ZeroMission AB- Plan Vivo,Warner Music Norway,Plan Vivo,Afforestation / Reforestation,57,PVC (tCO2e),UNIT
14 Jul 2022,2021,Trees for Global Benefits,ZeroMission AB- Plan Vivo,Ecometrica,Plan Vivo,Afforestation / Reforestation,100,PVC (tCO2e),UNIT
14 Jul 2022,2019,Scolel té Natural Resources Management and Carbon Sequestration Project (Scolel té Natural Resources Management and Carbon Sequestration Project),ZeroMission AB- Plan Vivo,Fraktus,Plan Vivo,Afforestation / Reforestation,237,PVC (tCO2e),UNIT
14 Jul 2022,2019,Scolel té Natural Resources Management and Carbon Sequestration Project (Scolel té Natural Resources Management and Carbon Sequestration Project),ZeroMission AB- Plan Vivo,The Absolut Company,Plan Vivo,Afforestation / Reforestation,709,PVC (tCO2e),UNIT
14 Jul 2022,2019,Scolel té Natural Resources Management and Carbon Sequestration Project (Scolel té Natural Resources Management and Carbon Sequestration Project),ZeroMission AB- Plan Vivo,The Absolut Company,Plan Vivo,Afforestation / Reforestation,138,PVC (tCO2e),UNIT
14 Jul 2022,2019,Scolel té Natural Resources Management and Carbon Sequestration Project (Scolel té Natural Resources Management and Carbon Sequestration Project),ZeroMission AB- Plan Vivo,Fraktus,Plan Vivo,Afforestation / Reforestation,230,PVC (tCO2e),UNIT
14 Jul 2022,2020,Khasi Hills Community REDD+ Project: Restoring and Conserving Meghalaya's Hill ForestsThrough Community Action,ZeroMission AB- Plan Vivo,Presentkakan,Plan Vivo,REDD,"5,274",PVC (tCO2e),UNIT
14 Jul 2022,2020,Khasi Hills Community REDD+ Project: Restoring and Conserving Meghalaya's Hill ForestsThrough Community Action,ZeroMission AB- Plan Vivo,Nordströms Bygghandel AB,Plan Vivo,REDD,"14,636",PVC (tCO2e),UNIT
15 Jul 2022,2018,Mikoko Pamoja,ZeroMission AB- Plan Vivo,CWS-boco Sweden AB,Plan Vivo,Forest Conservation & Avoided Deforestation,28,PVC (tCO2e),UNIT
15 Jul 2022,2020,Mikoko Pamoja,ZeroMission AB- Plan Vivo,GEP Communication Group AB,Plan Vivo,Forest Conservation & Avoided Deforestation,27,PVC (tCO2e),UNIT
15 Jul 2022,2011 - 2019,HALO VERDE TIMOR COMMUNITY FOREST CARBON,ZeroMission AB- Plan Vivo,Länsförsäkringar Norrbotten,Plan Vivo,Afforestation / Reforestation,276,PVC (tCO2e),UNIT
08 Apr 2016,2013,Trees of Hope,ZeroMission AB- Plan Vivo,,Plan Vivo,Afforestation / Reforestation,"10,000",PVC (tCO2e),UNIT
04 Apr 2025,2022,The CommuniTree Carbon Program (formerly Limay Community Carbon Project),ZeroMission AB- Plan Vivo,Länsförsäkringar Norrbotten,Plan Vivo,Forest,291,PVC (tCO2e),UNIT
28 Apr 2025,2023 - 2024,"Paskaia Mosquitia, Honduras",ZeroMission AB- Plan Vivo,Arvid Nordquist Handelsaktiebolag,Plan Vivo,Forest Restoration,"33,930",PVC (tCO2e),UNIT
11 Jul 2017,2014,Trees of Hope,ZeroMission AB- Plan Vivo,,Plan Vivo,Afforestation / Reforestation,12,PVC (tCO2e),UNIT
08 Apr 2016,2014,Trees of Hope,ZeroMission AB- Plan Vivo,,Plan Vivo,Afforestation / Reforestation,"20,000",PVC (tCO2e),UNIT
22 Dec 2025,2023 - 2024,"Paskaia Mosquitia, Honduras",ZeroMission AB- Plan Vivo,MAX Burgers AB,Plan Vivo,Forest Restoration,"20,126",PVC (tCO2e),UNIT
11 Jul 2017,2013,Trees of Hope,ZeroMission AB- Plan Vivo,,Plan Vivo,Afforestation / Reforestation,"1,090",PVC (tCO2e),UNIT
05 Apr 2016,2014,Khasi Hills Community REDD+ Project: Restoring and Conserving Meghalaya's Hill ForestsThrough Community Action,ZeroMission AB- Plan Vivo,,Plan Vivo,REDD,"14,902",PVC (tCO2e),UNIT
05 Apr 2016,2014,Khasi Hills Community REDD+ Project: Restoring and Conserving Meghalaya's Hill ForestsThrough Community Action,ZeroMission AB- Plan Vivo,,Plan Vivo,REDD,"6,500",PVC (tCO2e),UNIT
08 Apr 2016,2013,Sofala Community Carbon Project (formerly the N'hambita Community Carbon Project),ZeroMission AB- Plan Vivo,,Plan Vivo,Forest,"6,204",PVC (tCO2e),UNIT
08 Apr 2016,2013,Sofala Community Carbon Project (formerly the N'hambita Community Carbon Project),ZeroMission AB- Plan Vivo,,Plan Vivo,Forest,"2,800",PVC (tCO2e),UNIT
08 Apr 2016,2013,Sofala Community Carbon Project (formerly the N'hambita Community Carbon Project),ZeroMission AB- Plan Vivo,,Plan Vivo,Forest,"5,949",PVC (tCO2e),UNIT
08 Apr 2016,2013,Sofala Community Carbon Project (formerly the N'hambita Community Carbon Project),ZeroMission AB- Plan Vivo,,Plan Vivo,Forest,396,PVC (tCO2e),UNIT
08 Apr 2016,2013,Sofala Community Carbon Project (formerly the N'hambita Community Carbon Project),ZeroMission AB- Plan Vivo,,Plan Vivo,Forest,94,PVC (tCO2e),UNIT
08 Apr 2016,2013,Sofala Community Carbon Project (formerly the N'hambita Community Carbon Project),ZeroMission AB- Plan Vivo,,Plan Vivo,Forest,17,PVC (tCO2e),UNIT
08 Apr 2016,2013,Sofala Community Carbon Project (formerly the N'hambita Community Carbon Project),ZeroMission AB- Plan Vivo,,Plan Vivo,Forest,5,PVC (tCO2e),UNIT
08 Apr 2016,2013,Sofala Community Carbon Project (formerly the N'hambita Community Carbon Project),ZeroMission AB- Plan Vivo,,Plan Vivo,Forest,58,PVC (tCO2e),UNIT
08 Apr 2016,2011,ArBolivia,ZeroMission AB- Plan Vivo,,Plan Vivo,Afforestation / Reforestation,188,PVC (tCO2e),UNIT
12 Apr 2021,2018 - 2019,Loru Forest Project,ZeroMission AB- Plan Vivo,Opus Bilprovning,Plan Vivo,Reduced emissions from deforestation & degradation,"2,000",PVC (tCO2e),UNIT
18 Nov 2020,2018 - 2019,Loru Forest Project,ZeroMission AB- Plan Vivo,Opus Bilprovning,Plan Vivo,Reduced emissions from deforestation & degradation,868,PVC (tCO2e),UNIT
28 Dec 2016,2013,Scolel té Natural Resources Management and Carbon Sequestration Project (Scolel té Natural Resources Management and Carbon Sequestration Project),ZeroMission AB- Plan Vivo,,Plan Vivo,Afforestation / Reforestation,"1,828",PVC (tCO2e),UNIT
28 Dec 2016,2013,Scolel té Natural Resources Management and Carbon Sequestration Project (Scolel té Natural Resources Management and Carbon Sequestration Project),ZeroMission AB- Plan Vivo,,Plan Vivo,Afforestation / Reforestation,"1,727",PVC (tCO2e),UNIT
23 Dec 2020,2019,ArBolivia,ZeroMission AB- Plan Vivo,Nordnet,Plan Vivo,Afforestation / Reforestation,270,PVC (tCO2e),UNIT
10 Aug 2021,2019 - 2020,The Yaeda-Eyasi Landscape REDD project(old),ZeroMission AB- Plan Vivo,Airmee,Plan Vivo,REDD,750,PVC (tCO2e),UNIT
11 Sep 2024,2021 - 2022,The Yaeda-Eyasi Landscape REDD project,ZeroMission AB- Plan Vivo,Bengt Dahlgren Skövde,Plan Vivo,REDD,2,PVC (tCO2e),UNIT
28 Dec 2016,2013,Scolel té Natural Resources Management and Carbon Sequestration Project (Scolel té Natural Resources Management and Carbon Sequestration Project),ZeroMission AB- Plan Vivo,,Plan Vivo,Afforestation / Reforestation,"2,446",PVC (tCO2e),UNIT
23 Oct 2020,2019,ArBolivia,ZeroMission AB- Plan Vivo,Opus Bilprovning,Plan Vivo,Afforestation / Reforestation,"4,000",PVC (tCO2e),UNIT
08 Apr 2016,2011,ArBolivia,ZeroMission AB- Plan Vivo,,Plan Vivo,Afforestation / Reforestation,18,PVC (tCO2e),UNIT
15 Jun 2022,2021,ArBolivia,ZeroMission AB- Plan Vivo,Länsförsäkringar Jönköping,Plan Vivo,Afforestation / Reforestation,170,PVC (tCO2e),UNIT
15 Jun 2022,2021,ArBolivia,ZeroMission AB- Plan Vivo,Norvida,Plan Vivo,Afforestation / Reforestation,261,PVC (tCO2e),UNIT
15 Jun 2022,2021,ArBolivia,ZeroMission AB- Plan Vivo,Fraktus,Plan Vivo,Afforestation / Reforestation,513,PVC (tCO2e),UNIT
23 Oct 2020,2013 - 2014,Drawa Rainforest Carbon Project,ZeroMission AB- Plan Vivo,Opus Bilprovning,Plan Vivo,Improved forest management,169,PVC (tCO2e),UNIT
28 Dec 2016,2012,Scolel té Natural Resources Management and Carbon Sequestration Project (Scolel té Natural Resources Management and Carbon Sequestration Project),ZeroMission AB- Plan Vivo,,Plan Vivo,Afforestation / Reforestation,300,PVC (tCO2e),UNIT
24 Nov 2022,2019 - 2020,The CommuniTree Carbon Program (formerly Limay Community Carbon Project),ZeroMission AB- Plan Vivo,Maria Nila,Plan Vivo,Forest,"1,149",PVC (tCO2e),UNIT
24 Nov 2022,2019 - 2020,The CommuniTree Carbon Program (formerly Limay Community Carbon Project),ZeroMission AB- Plan Vivo,Cary Group AB,Plan Vivo,Forest,803,PVC (tCO2e),UNIT
24 Nov 2022,2019 - 2020,The CommuniTree Carbon Program (formerly Limay Community Carbon Project),ZeroMission AB- Plan Vivo,Nordiska Ventilationsprodukter AB (Järnmalmer),Plan Vivo,Forest,1,PVC (tCO2e),UNIT
24 Nov 2022,2019 - 2020,The CommuniTree Carbon Program (formerly Limay Community Carbon Project),ZeroMission AB- Plan Vivo,Plåtspressning AB (Järnmalmer),Plan Vivo,Forest,7,PVC (tCO2e),UNIT
24 Mar 2021,2016,Bujang Raba Community PES Project,ZeroMission AB- Plan Vivo,Kivra,Plan Vivo,REDD,154,PVC (tCO2e),UNIT
28 Dec 2016,2012,Scolel té Natural Resources Management and Carbon Sequestration Project (Scolel té Natural Resources Management and Carbon Sequestration Project),ZeroMission AB- Plan Vivo,,Plan Vivo,Afforestation / Reforestation,124,PVC (tCO2e),UNIT
28 Dec 2016,2010,Scolel té Natural Resources Management and Carbon Sequestration Project (Scolel té Natural Resources Management and Carbon Sequestration Project),ZeroMission AB- Plan Vivo,,Plan Vivo,Afforestation / Reforestation,115,PVC (tCO2e),UNIT
28 Dec 2016,2010,Scolel té Natural Resources Management and Carbon Sequestration Project (Scolel té Natural Resources Management and Carbon Sequestration Project),ZeroMission AB- Plan Vivo,,Plan Vivo,Afforestation / Reforestation,161,PVC (tCO2e),UNIT
28 Dec 2016,2010,Scolel té Natural Resources Management and Carbon Sequestration Project (Scolel té Natural Resources Management and Carbon Sequestration Project),ZeroMission AB- Plan Vivo,,Plan Vivo,Afforestation / Reforestation,184,PVC (tCO2e),UNIT
28 Dec 2016,2010,Scolel té Natural Resources Management and Carbon Sequestration Project (Scolel té Natural Resources Management and Carbon Sequestration Project),ZeroMission AB- Plan Vivo,,Plan Vivo,Afforestation / Reforestation,350,PVC (tCO2e),UNIT
28 Dec 2016,2010,Scolel té Natural Resources Management and Carbon Sequestration Project (Scolel té Natural Resources Management and Carbon Sequestration Project),ZeroMission AB- Plan Vivo,,Plan Vivo,Afforestation / Reforestation,533,PVC (tCO2e),UNIT
28 Dec 2016,2009,Scolel té Natural Resources Management and Carbon Sequestration Project (Scolel té Natural Resources Management and Carbon Sequestration Project),ZeroMission AB- Plan Vivo,,Plan Vivo,Forest,10,PVC (tCO2e),UNIT
28 Dec 2016,2009,Scolel té Natural Resources Management and Carbon Sequestration Project (Scolel té Natural Resources Management and Carbon Sequestration Project),ZeroMission AB- Plan Vivo,,Plan Vivo,Forest,250,PVC (tCO2e),UNIT
28 Dec 2016,2009,Scolel té Natural Resources Management and Carbon Sequestration Project (Scolel té Natural Resources Management and Carbon Sequestration Project),ZeroMission AB- Plan Vivo,,Plan Vivo,Forest,44,PVC (tCO2e),UNIT
28 Dec 2016,2009,Scolel té Natural Resources Management and Carbon Sequestration Project (Scolel té Natural Resources Management and Carbon Sequestration Project),ZeroMission AB- Plan Vivo,,Plan Vivo,Forest,58,PVC (tCO2e),UNIT
27 Dec 2016,2010,Scolel té Natural Resources Management and Carbon Sequestration Project (Scolel té Natural Resources Management and Carbon Sequestration Project),ZeroMission AB- Plan Vivo,,Plan Vivo,Afforestation / Reforestation,40,PVC (tCO2e),UNIT
22 Aug 2018,2016 - 2017,The CommuniTree Carbon Program (formerly Limay Community Carbon Project),ZeroMission AB- Plan Vivo,Freys Express International AB,Plan Vivo,Forest,128,PVC (tCO2e),UNIT
22 Aug 2018,2016 - 2017,The CommuniTree Carbon Program (formerly Limay Community Carbon Project),ZeroMission AB- Plan Vivo,Bea Hus,Plan Vivo,Forest,143,PVC (tCO2e),UNIT
22 Aug 2018,2016 - 2017,The CommuniTree Carbon Program (formerly Limay Community Carbon Project),ZeroMission AB- Plan Vivo,Bea Hus,Plan Vivo,Forest,152,PVC (tCO2e),UNIT
22 Aug 2018,2016 - 2017,The CommuniTree Carbon Program (formerly Limay Community Carbon Project),ZeroMission AB- Plan Vivo,TCO,Plan Vivo,Forest,139,PVC (tCO2e),UNIT
22 Aug 2018,2016 - 2017,The CommuniTree Carbon Program (formerly Limay Community Carbon Project),ZeroMission AB- Plan Vivo,Trafikpedagogerna i Lund AB,Plan Vivo,Forest,74,PVC (tCO2e),UNIT
22 Aug 2018,2016 - 2017,The CommuniTree Carbon Program (formerly Limay Community Carbon Project),ZeroMission AB- Plan Vivo,Trafikpedagogerna i Lund AB,Plan Vivo,Forest,74,PVC (tCO2e),UNIT
22 Aug 2018,2016 - 2017,The CommuniTree Carbon Program (formerly Limay Community Carbon Project),ZeroMission AB- Plan Vivo,Johanna Grant,Plan Vivo,Forest,15,PVC (tCO2e),UNIT
22 Aug 2018,2016 - 2017,The CommuniTree Carbon Program (formerly Limay Community Carbon Project),ZeroMission AB- Plan Vivo,Jobmeal Öst-Västbo AB,Plan Vivo,Forest,29,PVC (tCO2e),UNIT
22 Aug 2018,2016 - 2017,The CommuniTree Carbon Program (formerly Limay Community Carbon Project),ZeroMission AB- Plan Vivo,Budbee AB,Plan Vivo,Forest,94,PVC (tCO2e),UNIT
27 Dec 2016,2009,Scolel té Natural Resources Management and Carbon Sequestration Project (Scolel té Natural Resources Management and Carbon Sequestration Project),ZeroMission AB- Plan Vivo,,Plan Vivo,Forest,18,PVC (tCO2e),UNIT
27 Dec 2016,2009,Scolel té Natural Resources Management and Carbon Sequestration Project (Scolel té Natural Resources Management and Carbon Sequestration Project),ZeroMission AB- Plan Vivo,,Plan Vivo,Forest,4,PVC (tCO2e),UNIT
22 Aug 2018,2016 - 2017,The CommuniTree Carbon Program (formerly Limay Community Carbon Project),ZeroMission AB- Plan Vivo,Jobmeal Norrköping AB,Plan Vivo,Forest,43,PVC (tCO2e),UNIT
27 Dec 2016,2009,Scolel té Natural Resources Management and Carbon Sequestration Project (Scolel té Natural Resources Management and Carbon Sequestration Project),ZeroMission AB- Plan Vivo,,Plan Vivo,Forest,6,PVC (tCO2e),UNIT
22 Aug 2018,2016 - 2017,The CommuniTree Carbon Program (formerly Limay Community Carbon Project),ZeroMission AB- Plan Vivo,Internetstiftelsen i Sverige,Plan Vivo,Forest,107,PVC (tCO2e),UNIT
02 Mar 2020,2018 - 2019,The CommuniTree Carbon Program (formerly Limay Community Carbon Project),ZeroMission AB- Plan Vivo,Kinnevik,Plan Vivo,Forest,645,PVC (tCO2e),UNIT
02 Mar 2020,2018 - 2019,The CommuniTree Carbon Program (formerly Limay Community Carbon Project),ZeroMission AB- Plan Vivo,JOBmeal Finland OY,Plan Vivo,Forest,342,PVC (tCO2e),UNIT
02 Mar 2020,2018 - 2019,The CommuniTree Carbon Program (formerly Limay Community Carbon Project),ZeroMission AB- Plan Vivo,Arvid Nordquist HAB,Plan Vivo,Forest,289,PVC (tCO2e),UNIT
02 Mar 2020,2018 - 2019,The CommuniTree Carbon Program (formerly Limay Community Carbon Project),ZeroMission AB- Plan Vivo,JOBmeal Finland OY,Plan Vivo,Forest,305,PVC (tCO2e),UNIT
02 Mar 2020,2018 - 2019,The CommuniTree Carbon Program (formerly Limay Community Carbon Project),ZeroMission AB- Plan Vivo,JOBmeal Gävle,Plan Vivo,Forest,279,PVC (tCO2e),UNIT
02 Mar 2020,2018 - 2019,The CommuniTree Carbon Program (formerly Limay Community Carbon Project),ZeroMission AB- Plan Vivo,Atea,Plan Vivo,Forest,159,PVC (tCO2e),UNIT
02 Mar 2020,2018 - 2019,The CommuniTree Carbon Program (formerly Limay Community Carbon Project),ZeroMission AB- Plan Vivo,GADDEN,Plan Vivo,Forest,80,PVC (tCO2e),UNIT
02 Mar 2020,2018 - 2019,The CommuniTree Carbon Program (formerly Limay Community Carbon Project),ZeroMission AB- Plan Vivo,IIS Internetdagarna,Plan Vivo,Forest,94,PVC (tCO2e),UNIT
10 Aug 2021,2016 - 2017,"Pasture Conservation and Climate Action , Mongolia",ZeroMission AB- Plan Vivo,Lövsta Future Challenge Dressage,Plan Vivo,Agriculture land management,6,PVC (tCO2e),UNIT
31 Mar 2023,2022,The CommuniTree Carbon Program (formerly Limay Community Carbon Project),ZeroMission AB- Plan Vivo,MAX Burgers AB,Plan Vivo,Forest,"64,200",PVC (tCO2e),UNIT
31 Mar 2023,2021,The CommuniTree Carbon Program (formerly Limay Community Carbon Project),ZeroMission AB- Plan Vivo,Academic Work,Plan Vivo,Forest,"1,361",PVC (tCO2e),UNIT
31 Mar 2023,2021,The CommuniTree Carbon Program (formerly Limay Community Carbon Project),ZeroMission AB- Plan Vivo,Linde Gas,Plan Vivo,Forest,200,PVC (tCO2e),UNIT
31 Mar 2023,2021,The CommuniTree Carbon Program (formerly Limay Community Carbon Project),ZeroMission AB- Plan Vivo,Gemo Lagerinredningar AB (Järnmalmer),Plan Vivo,Forest,9,PVC (tCO2e),UNIT
31 Mar 2023,2021,The CommuniTree Carbon Program (formerly Limay Community Carbon Project),ZeroMission AB- Plan Vivo,ordiska Ventilationsprodukter AB (Järnmalmer),Plan Vivo,Forest,6,PVC (tCO2e),UNIT
31 Mar 2023,2021,The CommuniTree Carbon Program (formerly Limay Community Carbon Project),ZeroMission AB- Plan Vivo,Plåtspressning AB (Järnmalmer),Plan Vivo,Forest,6,PVC (tCO2e),UNIT
30 Dec 2016,2009,Trees for Global Benefits,ZeroMission AB- Plan Vivo,,Plan Vivo,Afforestation / Reforestation,17,PVC (tCO2e),UNIT
15 Jul 2022,2016,Rarakau Rainforest Carbon Project,ZeroMission AB- Plan Vivo,Klövsta Energi AB,Plan Vivo,Improved forest management,100,PVC (tCO2e),UNIT
02 Mar 2022,2019 - 2020,The CommuniTree Carbon Program (formerly Limay Community Carbon Project),ZeroMission AB- Plan Vivo,JM,Plan Vivo,Forest,12,PVC (tCO2e),UNIT
02 Mar 2022,2019 - 2020,The CommuniTree Carbon Program (formerly Limay Community Carbon Project),ZeroMission AB- Plan Vivo,Gemo Lagerinredningar AB,Plan Vivo,Forest,16,PVC (tCO2e),UNIT
04 Mar 2022,2019 - 2020,The CommuniTree Carbon Program (formerly Limay Community Carbon Project),ZeroMission AB- Plan Vivo,Nordsvets i Göteborg,Plan Vivo,Forest,8,PVC (tCO2e),UNIT
04 Mar 2022,2019 - 2020,The CommuniTree Carbon Program (formerly Limay Community Carbon Project),ZeroMission AB- Plan Vivo,Plåtspressning AB,Plan Vivo,Forest,7,PVC (tCO2e),UNIT
04 Mar 2022,2019 - 2020,The CommuniTree Carbon Program (formerly Limay Community Carbon Project),ZeroMission AB- Plan Vivo,Spiltan Fonder AB,Plan Vivo,Forest,39,PVC (tCO2e),UNIT
04 Mar 2022,2019 - 2020,The CommuniTree Carbon Program (formerly Limay Community Carbon Project),ZeroMission AB- Plan Vivo,Göteborgsvarvet,Plan Vivo,Forest,9,PVC (tCO2e),UNIT
04 Jan 2023,2021,ArBolivia,ZeroMission AB- Plan Vivo,Norvida AB,Plan Vivo,Afforestation / Reforestation,656,PVC (tCO2e),UNIT
04 Jan 2023,2021,ArBolivia,ZeroMission AB- Plan Vivo,Printpool och Kapero,Plan Vivo,Afforestation / Reforestation,138,PVC (tCO2e),UNIT
04 Mar 2022,2019 - 2020,The CommuniTree Carbon Program (formerly Limay Community Carbon Project),ZeroMission AB- Plan Vivo,AGA,Plan Vivo,Forest,"1,202",PVC (tCO2e),UNIT
04 Mar 2022,2019 - 2020,The CommuniTree Carbon Program (formerly Limay Community Carbon Project),ZeroMission AB- Plan Vivo,Arvid Nordquist (kaffe),Plan Vivo,Forest,"5,700",PVC (tCO2e),UNIT
04 Mar 2022,2019 - 2020,The CommuniTree Carbon Program (formerly Limay Community Carbon Project),ZeroMission AB- Plan Vivo,AGA,Plan Vivo,Forest,368,PVC (tCO2e),UNIT
04 Mar 2022,2019 - 2020,The CommuniTree Carbon Program (formerly Limay Community Carbon Project),ZeroMission AB- Plan Vivo,Epecon,Plan Vivo,Forest,10,PVC (tCO2e),UNIT
09 Jul 2017,2016,The CommuniTree Carbon Program (formerly Limay Community Carbon Project),ZeroMission AB- Plan Vivo,,Plan Vivo,Forest,60,PVC (tCO2e),UNIT
04 Jan 2023,2021,ArBolivia,ZeroMission AB- Plan Vivo,MVR Service AB,Plan Vivo,Afforestation / Reforestation,6,PVC (tCO2e),UNIT
04 Jan 2023,2021,ArBolivia,ZeroMission AB- Plan Vivo,Länsförsäkringar Jönköping,Plan Vivo,Afforestation / Reforestation,157,PVC (tCO2e),UNIT
04 Jan 2023,2021,ArBolivia,ZeroMission AB- Plan Vivo,BRABO,Plan Vivo,Afforestation / Reforestation,"4,590",PVC (tCO2e),UNIT
04 Jan 2023,2021,ArBolivia,ZeroMission AB- Plan Vivo,Saltå Kvarn,Plan Vivo,Afforestation / Reforestation,612,PVC (tCO2e),UNIT
04 Jan 2023,2021,ArBolivia,ZeroMission AB- Plan Vivo,Mattsons Fastighetsutveckling AB,Plan Vivo,Afforestation / Reforestation,"1,075",PVC (tCO2e),UNIT
04 Jan 2023,2021,ArBolivia,ZeroMission AB- Plan Vivo,Printpool och Kapero,Plan Vivo,Afforestation / Reforestation,138,PVC (tCO2e),UNIT
04 Jan 2023,2021,ArBolivia,ZeroMission AB- Plan Vivo,Norvida AB,Plan Vivo,Afforestation / Reforestation,656,PVC (tCO2e),UNIT
04 Jan 2023,2021,ArBolivia,ZeroMission AB- Plan Vivo,Norvida AB,Plan Vivo,Afforestation / Reforestation,"1,494",PVC (tCO2e),UNIT
04 Jan 2023,2021,ArBolivia,ZeroMission AB- Plan Vivo,MVR Service AB,Plan Vivo,Afforestation / Reforestation,11,PVC (tCO2e),UNIT
04 Jan 2023,2021,ArBolivia,ZeroMission AB- Plan Vivo,Golvkedjan,Plan Vivo,Afforestation / Reforestation,"2,298",PVC (tCO2e),UNIT
04 Jan 2023,2021,ArBolivia,ZeroMission AB- Plan Vivo,Urbio,Plan Vivo,Afforestation / Reforestation,160,PVC (tCO2e),UNIT
04 Jan 2023,2021,ArBolivia,ZeroMission AB- Plan Vivo,SOS Barnbyar,Plan Vivo,Afforestation / Reforestation,16,PVC (tCO2e),UNIT
04 Jan 2023,2021,ArBolivia,ZeroMission AB- Plan Vivo,Adda AB,Plan Vivo,Afforestation / Reforestation,23,PVC (tCO2e),UNIT
04 Jan 2023,2021,ArBolivia,ZeroMission AB- Plan Vivo,Nordnet AB,Plan Vivo,Afforestation / Reforestation,134,PVC (tCO2e),UNIT
04 Jan 2023,2021,ArBolivia,ZeroMission AB- Plan Vivo,MVR Service AB,Plan Vivo,Afforestation / Reforestation,80,PVC (tCO2e),UNIT
13 Nov 2025,2023,The CommuniTree Carbon Program (formerly Limay Community Carbon Project),ZeroMission AB- Plan Vivo,Golvbolaget i Arlöv AB,Plan Vivo,Forest,43,PVC (tCO2e),UNIT
13 Nov 2025,2023,The CommuniTree Carbon Program (formerly Limay Community Carbon Project),ZeroMission AB- Plan Vivo,Davidsson Måleri & Golv AB,Plan Vivo,Forest,96,PVC (tCO2e),UNIT
13 Nov 2025,2023,The CommuniTree Carbon Program (formerly Limay Community Carbon Project),ZeroMission AB- Plan Vivo,Karlströms Golv AB,Plan Vivo,Forest,55,PVC (tCO2e),UNIT
13 Nov 2025,2023,The CommuniTree Carbon Program (formerly Limay Community Carbon Project),ZeroMission AB- Plan Vivo,Nya Golv AB,Plan Vivo,Forest,52,PVC (tCO2e),UNIT
13 Nov 2025,2023,The CommuniTree Carbon Program (formerly Limay Community Carbon Project),ZeroMission AB- Plan Vivo,Elit Golv AB,Plan Vivo,Forest,76,PVC (tCO2e),UNIT
13 Nov 2025,2023,The CommuniTree Carbon Program (formerly Limay Community Carbon Project),ZeroMission AB- Plan Vivo,AB Golv & Tak,Plan Vivo,Forest,35,PVC (tCO2e),UNIT
13 Nov 2025,2023,The CommuniTree Carbon Program (formerly Limay Community Carbon Project),ZeroMission AB- Plan Vivo,Golvab i Borlänge AB,Plan Vivo,Forest,9,PVC (tCO2e),UNIT
13 Nov 2025,2023,The CommuniTree Carbon Program (formerly Limay Community Carbon Project),ZeroMission AB- Plan Vivo,Bygg & Golvtjänst i Gävle AB,Plan Vivo,Forest,49,PVC (tCO2e),UNIT
13 Nov 2025,2023,The CommuniTree Carbon Program (formerly Limay Community Carbon Project),ZeroMission AB- Plan Vivo,Winsth Golv & Kakel AB,Plan Vivo,Forest,29,PVC (tCO2e),UNIT
13 Nov 2025,2023,The CommuniTree Carbon Program (formerly Limay Community Carbon Project),ZeroMission AB- Plan Vivo,Miljöhallen Golv i Jönköping AB,Plan Vivo,Forest,91,PVC (tCO2e),UNIT
13 Nov 2025,2023,The CommuniTree Carbon Program (formerly Limay Community Carbon Project),ZeroMission AB- Plan Vivo,Assmundssons Golv AB,Plan Vivo,Forest,22,PVC (tCO2e),UNIT
13 Nov 2025,2023,The CommuniTree Carbon Program (formerly Limay Community Carbon Project),ZeroMission AB- Plan Vivo,Wasa Parkettspecialisten Bygg & Måleri AB,Plan Vivo,Forest,55,PVC (tCO2e),UNIT
13 Nov 2025,2023,The CommuniTree Carbon Program (formerly Limay Community Carbon Project),ZeroMission AB- Plan Vivo,Uno K Westin AB,Plan Vivo,Forest,20,PVC (tCO2e),UNIT
13 Nov 2025,2023,The CommuniTree Carbon Program (formerly Limay Community Carbon Project),ZeroMission AB- Plan Vivo,Gemo Lagerinredningar AB,Plan Vivo,Forest,4,PVC (tCO2e),UNIT
13 Nov 2025,2023,The CommuniTree Carbon Program (formerly Limay Community Carbon Project),ZeroMission AB- Plan Vivo,Nordiska Ventilationsprodukter AB,Plan Vivo,Forest,6,PVC (tCO2e),UNIT
12 Jan 2023,2016 - 2017,Drawa Rainforest Carbon Project,ZeroMission AB- Plan Vivo,Länsförsäkringar Jönköping,Plan Vivo,Improved forest management,165,PVC (tCO2e),UNIT
12 Jan 2023,2016 - 2017,Drawa Rainforest Carbon Project,ZeroMission AB- Plan Vivo,Kavli Oy,Plan Vivo,Improved forest management,600,PVC (tCO2e),UNIT
12 Jan 2023,2016 - 2017,Drawa Rainforest Carbon Project,ZeroMission AB- Plan Vivo,Kavli Oy,Plan Vivo,Improved forest management,140,PVC (tCO2e),UNIT
12 Jan 2023,2016 - 2017,Drawa Rainforest Carbon Project,ZeroMission AB- Plan Vivo,Länsförsäkringar Göteborg och Bohuslän,Plan Vivo,Improved forest management,18,PVC (tCO2e),UNIT
12 Jan 2023,2016 - 2017,Drawa Rainforest Carbon Project,ZeroMission AB- Plan Vivo,Enjoy Wine & Spirits,Plan Vivo,Improved forest management,"1,551",PVC (tCO2e),UNIT
12 Jan 2023,2016 - 2017,Drawa Rainforest Carbon Project,ZeroMission AB- Plan Vivo,Nordax Group,Plan Vivo,Improved forest management,509,PVC (tCO2e),UNIT
12 Jan 2023,2016 - 2017,Drawa Rainforest Carbon Project,ZeroMission AB- Plan Vivo,Nordax Group,Plan Vivo,Improved forest management,446,PVC (tCO2e),UNIT
12 Jan 2023,2016 - 2017,Drawa Rainforest Carbon Project,ZeroMission AB- Plan Vivo,Academic Work,Plan Vivo,Improved forest management,"1,361",PVC (tCO2e),UNIT
12 Jan 2023,2016 - 2017,Drawa Rainforest Carbon Project,ZeroMission AB- Plan Vivo,Opus Bilprovning,Plan Vivo,Improved forest management,200,PVC (tCO2e),UNIT
12 Jan 2023,2016 - 2017,Drawa Rainforest Carbon Project,ZeroMission AB- Plan Vivo,Opus Bilprovning,Plan Vivo,Improved forest management,"1,000",PVC (tCO2e),UNIT
12 Jan 2023,2016 - 2017,Drawa Rainforest Carbon Project,ZeroMission AB- Plan Vivo,Team Rynkeby Godmorgon Täby,Plan Vivo,Improved forest management,31,PVC (tCO2e),UNIT
12 Jan 2023,2014,Bujang Raba Community PES Project,ZeroMission AB- Plan Vivo,FoodTankers,Plan Vivo,REDD,23,PVC (tCO2e),UNIT
12 Jan 2023,2014,Bujang Raba Community PES Project,ZeroMission AB- Plan Vivo,Miljöförvaltningen Malmö,Plan Vivo,REDD,10,PVC (tCO2e),UNIT
12 Jan 2023,2014,Bujang Raba Community PES Project,ZeroMission AB- Plan Vivo,SRAT,Plan Vivo,REDD,13,PVC (tCO2e),UNIT
12 Jan 2023,2014,Durian Rambun,ZeroMission AB- Plan Vivo,Menigo Foodservice AB,Plan Vivo,REDD,"3,000",PVC (tCO2e),UNIT
12 Jan 2023,2016 - 2017,Drawa Rainforest Carbon Project,ZeroMission AB- Plan Vivo,Länsförsäkringar Göteborg och Bohuslän,Plan Vivo,Improved forest management,264,PVC (tCO2e),UNIT
13 Apr 2023,2016 - 2017,Drawa Rainforest Carbon Project,ZeroMission AB- Plan Vivo,Academic Work,Plan Vivo,Improved forest management,130,PVC (tCO2e),UNIT
13 Apr 2023,2017 - 2018,Drawa Rainforest Carbon Project,ZeroMission AB- Plan Vivo,Cary Group AB,Plan Vivo,Improved forest management,"1,969",PVC (tCO2e),UNIT
10 Aug 2021,2019 - 2020,The Yaeda-Eyasi Landscape REDD project(old),ZeroMission AB- Plan Vivo,Bengt Dahlgren Linköping,Plan Vivo,REDD,5,PVC (tCO2e),UNIT
13 Apr 2023,2017 - 2018,Drawa Rainforest Carbon Project,ZeroMission AB- Plan Vivo,Splitvision Design AB,Plan Vivo,Improved forest management,"2,500",PVC (tCO2e),UNIT
13 Apr 2023,2017 - 2018,Drawa Rainforest Carbon Project,ZeroMission AB- Plan Vivo,Academic Work,Plan Vivo,Improved forest management,"1,015",PVC (tCO2e),UNIT
09 Apr 2025,2018 - 2019,Drawa Rainforest Carbon Project,ZeroMission AB- Plan Vivo,Kivra AB,Plan Vivo,Improved forest management,25,PVC (tCO2e),UNIT
10 Aug 2021,2019 - 2020,The Yaeda-Eyasi Landscape REDD project(old),ZeroMission AB- Plan Vivo,Bengt Dahlgren Syd,Plan Vivo,REDD,22,PVC (tCO2e),UNIT
10 Aug 2021,2019 - 2020,The Yaeda-Eyasi Landscape REDD project(old),ZeroMission AB- Plan Vivo,Bengt Dahlgren Stockholm,Plan Vivo,REDD,57,PVC (tCO2e),UNIT
10 Aug 2021,2019 - 2020,The Yaeda-Eyasi Landscape REDD project(old),ZeroMission AB- Plan Vivo,Bengt Dahlgren B&R,Plan Vivo,REDD,33,PVC (tCO2e),UNIT
04 Jan 2023,2021,ArBolivia,ZeroMission AB- Plan Vivo,Nordnet AB,Plan Vivo,Afforestation / Reforestation,261,PVC (tCO2e),UNIT
04 Jan 2023,2021,ArBolivia,ZeroMission AB- Plan Vivo,SKL Kommentus,Plan Vivo,Afforestation / Reforestation,100,PVC (tCO2e),UNIT
04 Jan 2023,2021,ArBolivia,ZeroMission AB- Plan Vivo,Lundaekonomerna,Plan Vivo,Afforestation / Reforestation,56,PVC (tCO2e),UNIT
04 Jan 2023,2021,ArBolivia,ZeroMission AB- Plan Vivo,Saltå Kvarn,Plan Vivo,Afforestation / Reforestation,759,PVC (tCO2e),UNIT
04 Jan 2023,2021,ArBolivia,ZeroMission AB- Plan Vivo,Norvida,Plan Vivo,Afforestation / Reforestation,781,PVC (tCO2e),UNIT
27 Jun 2016,2014,The CommuniTree Carbon Program (formerly Limay Community Carbon Project),ZeroMission AB- Plan Vivo,,Plan Vivo,Forest,63,PVC (tCO2e),UNIT
27 Jun 2016,2014,The CommuniTree Carbon Program (formerly Limay Community Carbon Project),ZeroMission AB- Plan Vivo,,Plan Vivo,Forest,280,PVC (tCO2e),UNIT
27 Jun 2016,2014,The CommuniTree Carbon Program (formerly Limay Community Carbon Project),ZeroMission AB- Plan Vivo,,Plan Vivo,Forest,30,PVC (tCO2e),UNIT
27 Jun 2016,2014,The CommuniTree Carbon Program (formerly Limay Community Carbon Project),ZeroMission AB- Plan Vivo,,Plan Vivo,Forest,18,PVC (tCO2e),UNIT
04 Apr 2025,2022,The CommuniTree Carbon Program (formerly Limay Community Carbon Project),ZeroMission AB- Plan Vivo,Adda AB,Plan Vivo,Forest,103,PVC (tCO2e),UNIT
27 Jun 2016,2014,The CommuniTree Carbon Program (formerly Limay Community Carbon Project),ZeroMission AB- Plan Vivo,,Plan Vivo,Forest,549,PVC (tCO2e),UNIT
02 Mar 2020,2018 - 2019,The CommuniTree Carbon Program (formerly Limay Community Carbon Project),ZeroMission AB- Plan Vivo,JM AB,Plan Vivo,Forest,331,PVC (tCO2e),UNIT
02 Mar 2020,2018 - 2019,The CommuniTree Carbon Program (formerly Limay Community Carbon Project),ZeroMission AB- Plan Vivo,MAX Burgers,Plan Vivo,Forest,"50,000",PVC (tCO2e),UNIT
02 Mar 2020,2018 - 2019,The CommuniTree Carbon Program (formerly Limay Community Carbon Project),ZeroMission AB- Plan Vivo,Arvid Nordquist HAB,Plan Vivo,Forest,"11,202",PVC (tCO2e),UNIT
11 Jul 2017,2014,Trees of Hope,ZeroMission AB- Plan Vivo,,Plan Vivo,Afforestation / Reforestation,21,PVC (tCO2e),UNIT
11 Jul 2017,2014,Trees of Hope,ZeroMission AB- Plan Vivo,,Plan Vivo,Afforestation / Reforestation,38,PVC (tCO2e),UNIT
02 Mar 2020,2018 - 2019,The CommuniTree Carbon Program (formerly Limay Community Carbon Project),ZeroMission AB- Plan Vivo,Maria Nila,Plan Vivo,Forest,"1,850",PVC (tCO2e),UNIT
02 Mar 2020,2018 - 2019,The CommuniTree Carbon Program (formerly Limay Community Carbon Project),ZeroMission AB- Plan Vivo,JOBmeal Sverige,Plan Vivo,Forest,"1,083",PVC (tCO2e),UNIT
09 Jul 2017,2016,The CommuniTree Carbon Program (formerly Limay Community Carbon Project),ZeroMission AB- Plan Vivo,,Plan Vivo,Forest,5,PVC (tCO2e),UNIT
09 Jul 2017,2016,The CommuniTree Carbon Program (formerly Limay Community Carbon Project),ZeroMission AB- Plan Vivo,,Plan Vivo,Forest,100,PVC (tCO2e),UNIT
09 Jul 2017,2016,The CommuniTree Carbon Program (formerly Limay Community Carbon Project),ZeroMission AB- Plan Vivo,,Plan Vivo,Forest,279,PVC (tCO2e),UNIT
09 Jul 2017,2016,The CommuniTree Carbon Program (formerly Limay Community Carbon Project),ZeroMission AB- Plan Vivo,,Plan Vivo,Forest,20,PVC (tCO2e),UNIT
09 Jul 2017,2016,The CommuniTree Carbon Program (formerly Limay Community Carbon Project),ZeroMission AB- Plan Vivo,,Plan Vivo,Forest,140,PVC (tCO2e),UNIT
09 Jul 2017,2016,The CommuniTree Carbon Program (formerly Limay Community Carbon Project),ZeroMission AB- Plan Vivo,,Plan Vivo,Forest,215,PVC (tCO2e),UNIT
09 Jul 2017,2016,The CommuniTree Carbon Program (formerly Limay Community Carbon Project),ZeroMission AB- Plan Vivo,,Plan Vivo,Forest,105,PVC (tCO2e),UNIT
09 Jul 2017,2016,The CommuniTree Carbon Program (formerly Limay Community Carbon Project),ZeroMission AB- Plan Vivo,,Plan Vivo,Forest,49,PVC (tCO2e),UNIT
09 Jul 2017,2016,The CommuniTree Carbon Program (formerly Limay Community Carbon Project),ZeroMission AB- Plan Vivo,,Plan Vivo,Forest,116,PVC (tCO2e),UNIT
09 Jul 2017,2016,The CommuniTree Carbon Program (formerly Limay Community Carbon Project),ZeroMission AB- Plan Vivo,,Plan Vivo,Forest,25,PVC (tCO2e),UNIT
09 Jul 2017,2016,The CommuniTree Carbon Program (formerly Limay Community Carbon Project),ZeroMission AB- Plan Vivo,,Plan Vivo,Forest,75,PVC (tCO2e),UNIT
09 Jul 2017,2016,The CommuniTree Carbon Program (formerly Limay Community Carbon Project),ZeroMission AB- Plan Vivo,,Plan Vivo,Forest,72,PVC (tCO2e),UNIT
09 Jul 2017,2016,The CommuniTree Carbon Program (formerly Limay Community Carbon Project),ZeroMission AB- Plan Vivo,,Plan Vivo,Forest,11,PVC (tCO2e),UNIT
09 Jul 2017,2016,The CommuniTree Carbon Program (formerly Limay Community Carbon Project),ZeroMission AB- Plan Vivo,,Plan Vivo,Forest,25,PVC (tCO2e),UNIT
09 Jul 2017,2016,The CommuniTree Carbon Program (formerly Limay Community Carbon Project),ZeroMission AB- Plan Vivo,,Plan Vivo,Forest,42,PVC (tCO2e),UNIT
09 Jul 2017,2016,The CommuniTree Carbon Program (formerly Limay Community Carbon Project),ZeroMission AB- Plan Vivo,,Plan Vivo,Forest,6,PVC (tCO2e),UNIT
09 Jul 2017,2016,The CommuniTree Carbon Program (formerly Limay Community Carbon Project),ZeroMission AB- Plan Vivo,,Plan Vivo,Forest,24,PVC (tCO2e),UNIT
15 Dec 2020,2019,Trees for Global Benefits,ZeroMission AB- Plan Vivo,Äventyrsresor,Plan Vivo,Afforestation / Reforestation,453,PVC (tCO2e),UNIT
15 Dec 2020,2018,Trees for Global Benefits,ZeroMission AB- Plan Vivo,W n B i Stockholm AB,Plan Vivo,Afforestation / Reforestation,438,PVC (tCO2e),UNIT
15 Dec 2020,2018,Trees for Global Benefits,ZeroMission AB- Plan Vivo,Ledarna,Plan Vivo,Afforestation / Reforestation,110,PVC (tCO2e),UNIT
15 Dec 2020,2019,Trees for Global Benefits,ZeroMission AB- Plan Vivo,Embedded Artists,Plan Vivo,Afforestation / Reforestation,116,PVC (tCO2e),UNIT
15 Dec 2020,2018,Trees for Global Benefits,ZeroMission AB- Plan Vivo,Uniaden,Plan Vivo,Afforestation / Reforestation,52,PVC (tCO2e),UNIT
15 Dec 2020,2019,Trees for Global Benefits,ZeroMission AB- Plan Vivo,Långholmen Hotell & Restaurang,Plan Vivo,Afforestation / Reforestation,46,PVC (tCO2e),UNIT
13 Apr 2023,2021,Trees for Global Benefits,ZeroMission AB- Plan Vivo,Max Burgers AB,Plan Vivo,Afforestation / Reforestation,"1,415",PVC (tCO2e),UNIT
13 Apr 2023,2021,Trees for Global Benefits,ZeroMission AB- Plan Vivo,Lövsta Future Challenge Dressage,Plan Vivo,Afforestation / Reforestation,20,PVC (tCO2e),UNIT
13 Apr 2023,2021,Trees for Global Benefits,ZeroMission AB- Plan Vivo,MAX Norway AS,Plan Vivo,Afforestation / Reforestation,293,PVC (tCO2e),UNIT
13 Apr 2023,2021,Trees for Global Benefits,ZeroMission AB- Plan Vivo,Max Poland Sp. Zo.o,Plan Vivo,Afforestation / Reforestation,718,PVC (tCO2e),UNIT
13 Apr 2023,2021,Trees for Global Benefits,ZeroMission AB- Plan Vivo,We Love Burgers AS,Plan Vivo,Afforestation / Reforestation,141,PVC (tCO2e),UNIT
22 Dec 2020,2019,ArBolivia,ZeroMission AB- Plan Vivo,BRABO,Plan Vivo,Afforestation / Reforestation,"2,730",PVC (tCO2e),UNIT
19 May 2022,2019,Scolel té Natural Resources Management and Carbon Sequestration Project (Scolel té Natural Resources Management and Carbon Sequestration Project),ZeroMission AB- Plan Vivo,Smiling Faces AB,Plan Vivo,Afforestation / Reforestation,914,PVC (tCO2e),UNIT
11 May 2022,2019,Scolel té Natural Resources Management and Carbon Sequestration Project (Scolel té Natural Resources Management and Carbon Sequestration Project),ZeroMission AB- Plan Vivo,MAX Burgers AB,Plan Vivo,Afforestation / Reforestation,"20,028",PVC (tCO2e),UNIT
08 Jun 2022,2019,Scolel té Natural Resources Management and Carbon Sequestration Project (Scolel té Natural Resources Management and Carbon Sequestration Project),ZeroMission AB- Plan Vivo,ICANIWILL AB,Plan Vivo,Afforestation / Reforestation,"2,180",PVC (tCO2e),UNIT
10 Aug 2021,2016 - 2017,"Pasture Conservation and Climate Action , Mongolia",ZeroMission AB- Plan Vivo,Lövsta Future Challenge Dressage,Plan Vivo,Agriculture land management,6,PVC (tCO2e),UNIT
15 Dec 2020,2018,Trees for Global Benefits,ZeroMission AB- Plan Vivo,Ledarna,Plan Vivo,Afforestation / Reforestation,4,PVC (tCO2e),UNIT
11 Dec 2020,2012 - 2013,Drawa Rainforest Carbon Project,ZeroMission AB- Plan Vivo,Nordax Group,Plan Vivo,Improved forest management,1,PVC (tCO2e),UNIT
11 Dec 2020,2013 - 2014,Drawa Rainforest Carbon Project,ZeroMission AB- Plan Vivo,Nordax Group,Plan Vivo,Improved forest management,57,PVC (tCO2e),UNIT
11 Dec 2020,2013 - 2014,Drawa Rainforest Carbon Project,ZeroMission AB- Plan Vivo,Nordax Group,Plan Vivo,Improved forest management,166,PVC (tCO2e),UNIT
12 Jan 2023,2017 - 2018,The Yaeda-Eyasi Landscape REDD project(old),ZeroMission AB- Plan Vivo,Naturvetarna,Plan Vivo,REDD,2,PVC (tCO2e),UNIT
07 Jan 2019,2017,Scolel té Natural Resources Management and Carbon Sequestration Project (Scolel té Natural Resources Management and Carbon Sequestration Project),ZeroMission AB- Plan Vivo,GADDEN Arbetsmarknadsmässa,Plan Vivo,Afforestation / Reforestation,21,PVC (tCO2e),UNIT
07 Jan 2019,2017,Scolel té Natural Resources Management and Carbon Sequestration Project (Scolel té Natural Resources Management and Carbon Sequestration Project),ZeroMission AB- Plan Vivo,Ekobanken,Plan Vivo,Afforestation / Reforestation,40,PVC (tCO2e),UNIT
07 Jan 2019,2017,Scolel té Natural Resources Management and Carbon Sequestration Project (Scolel té Natural Resources Management and Carbon Sequestration Project),ZeroMission AB- Plan Vivo,Euroflorist,Plan Vivo,Afforestation / Reforestation,78,PVC (tCO2e),UNIT
07 Jan 2019,2017,Scolel té Natural Resources Management and Carbon Sequestration Project (Scolel té Natural Resources Management and Carbon Sequestration Project),ZeroMission AB- Plan Vivo,Beans,Plan Vivo,Afforestation / Reforestation,90,PVC (tCO2e),UNIT
07 Jan 2019,2017,Scolel té Natural Resources Management and Carbon Sequestration Project (Scolel té Natural Resources Management and Carbon Sequestration Project),ZeroMission AB- Plan Vivo,Ecometrica,Plan Vivo,Afforestation / Reforestation,200,PVC (tCO2e),UNIT
07 Jan 2019,2017,Scolel té Natural Resources Management and Carbon Sequestration Project (Scolel té Natural Resources Management and Carbon Sequestration Project),ZeroMission AB- Plan Vivo,Hermansson & Co,Plan Vivo,Afforestation / Reforestation,614,PVC (tCO2e),UNIT
07 Jan 2019,2017,ArBolivia,ZeroMission AB- Plan Vivo,Harry McNeil,Plan Vivo,Afforestation / Reforestation,28,PVC (tCO2e),UNIT
07 Jan 2019,2011,ArBolivia,ZeroMission AB- Plan Vivo,KRAV,Plan Vivo,Afforestation / Reforestation,26,PVC (tCO2e),UNIT
07 Jan 2019,2011,ArBolivia,ZeroMission AB- Plan Vivo,Saltå Kvarn,Plan Vivo,Afforestation / Reforestation,4,PVC (tCO2e),UNIT
05 Jan 2023,2021,Scolel té Natural Resources Management and Carbon Sequestration Project (Scolel té Natural Resources Management and Carbon Sequestration Project),ZeroMission AB- Plan Vivo,The Absolut Company,Plan Vivo,Afforestation / Reforestation,844,PVC (tCO2e),UNIT
05 Jan 2023,2021,Scolel té Natural Resources Management and Carbon Sequestration Project (Scolel té Natural Resources Management and Carbon Sequestration Project),ZeroMission AB- Plan Vivo,Smiling Faces AB,Plan Vivo,Afforestation / Reforestation,"1,480",PVC (tCO2e),UNIT
05 Jan 2023,2021,Scolel té Natural Resources Management and Carbon Sequestration Project (Scolel té Natural Resources Management and Carbon Sequestration Project),ZeroMission AB- Plan Vivo,Convini,Plan Vivo,Afforestation / Reforestation,58,PVC (tCO2e),UNIT
05 Jan 2023,2021,Scolel té Natural Resources Management and Carbon Sequestration Project (Scolel té Natural Resources Management and Carbon Sequestration Project),ZeroMission AB- Plan Vivo,Fraktus,Plan Vivo,Afforestation / Reforestation,297,PVC (tCO2e),UNIT
05 Jan 2023,2021,Scolel té Natural Resources Management and Carbon Sequestration Project (Scolel té Natural Resources Management and Carbon Sequestration Project),ZeroMission AB- Plan Vivo,Storytel AB,Plan Vivo,Afforestation / Reforestation,"1,026",PVC (tCO2e),UNIT
05 Jan 2023,2021,Scolel té Natural Resources Management and Carbon Sequestration Project (Scolel té Natural Resources Management and Carbon Sequestration Project),ZeroMission AB- Plan Vivo,Ecometrica,Plan Vivo,Afforestation / Reforestation,200,PVC (tCO2e),UNIT
05 Jan 2023,2021,Scolel té Natural Resources Management and Carbon Sequestration Project (Scolel té Natural Resources Management and Carbon Sequestration Project),ZeroMission AB- Plan Vivo,Fraktus,Plan Vivo,Afforestation / Reforestation,269,PVC (tCO2e),UNIT
05 Jan 2023,2021,Scolel té Natural Resources Management and Carbon Sequestration Project (Scolel té Natural Resources Management and Carbon Sequestration Project),ZeroMission AB- Plan Vivo,Doxa Plast i Värnamo AB,Plan Vivo,Afforestation / Reforestation,417,PVC (tCO2e),UNIT
05 Jan 2023,2021,Scolel té Natural Resources Management and Carbon Sequestration Project (Scolel té Natural Resources Management and Carbon Sequestration Project),ZeroMission AB- Plan Vivo,Fraktus AB,Plan Vivo,Afforestation / Reforestation,215,PVC (tCO2e),UNIT
05 Jan 2023,2021,Scolel té Natural Resources Management and Carbon Sequestration Project (Scolel té Natural Resources Management and Carbon Sequestration Project),ZeroMission AB- Plan Vivo,Cary Group AB,Plan Vivo,Afforestation / Reforestation,542,PVC (tCO2e),UNIT
05 Jan 2023,2021,Scolel té Natural Resources Management and Carbon Sequestration Project (Scolel té Natural Resources Management and Carbon Sequestration Project),ZeroMission AB- Plan Vivo,The Absolut Company,Plan Vivo,Afforestation / Reforestation,997,PVC (tCO2e),UNIT
05 Jan 2023,2021,Scolel té Natural Resources Management and Carbon Sequestration Project (Scolel té Natural Resources Management and Carbon Sequestration Project),ZeroMission AB- Plan Vivo,Fraktus AB,Plan Vivo,Afforestation / Reforestation,256,PVC (tCO2e),UNIT
05 Jan 2023,2021,Scolel té Natural Resources Management and Carbon Sequestration Project (Scolel té Natural Resources Management and Carbon Sequestration Project),ZeroMission AB- Plan Vivo,Smiling Faces AB,Plan Vivo,Afforestation / Reforestation,688,PVC (tCO2e),UNIT
05 Jan 2023,2021,Scolel té Natural Resources Management and Carbon Sequestration Project (Scolel té Natural Resources Management and Carbon Sequestration Project),ZeroMission AB- Plan Vivo,Fraktus,Plan Vivo,Afforestation / Reforestation,318,PVC (tCO2e),UNIT
05 Jan 2023,2021,Scolel té Natural Resources Management and Carbon Sequestration Project (Scolel té Natural Resources Management and Carbon Sequestration Project),ZeroMission AB- Plan Vivo,MAX Burgers AB,Plan Vivo,Afforestation / Reforestation,"9,024",PVC (tCO2e),UNIT
19 Apr 2023,2022,The CommuniTree Carbon Program (formerly Limay Community Carbon Project),ZeroMission AB- Plan Vivo,JM,Plan Vivo,Forest,126,PVC (tCO2e),UNIT
19 Apr 2023,2021,gula gula food forest program,ZeroMission AB- Plan Vivo,Adaptiv Sthlm AB,Plan Vivo,Afforestation / Reforestation,80,PVC (tCO2e),UNIT
19 Apr 2023,2021,gula gula food forest program,ZeroMission AB- Plan Vivo,Academic Work,Plan Vivo,Afforestation / Reforestation,350,PVC (tCO2e),UNIT
19 Apr 2023,2021,gula gula food forest program,ZeroMission AB- Plan Vivo,Cary Group AB,Plan Vivo,Afforestation / Reforestation,"2,500",PVC (tCO2e),UNIT
19 Apr 2023,2021,gula gula food forest program,ZeroMission AB- Plan Vivo,Uniaden,Plan Vivo,Afforestation / Reforestation,66,PVC (tCO2e),UNIT
03 Jul 2017,2011,Emiti Nibwo Bulora,ZeroMission AB- Plan Vivo,,Plan Vivo,Afforestation / Reforestation,115,PVC (tCO2e),UNIT
12 Jun 2023,2022,The CommuniTree Carbon Program (formerly Limay Community Carbon Project),ZeroMission AB- Plan Vivo,Consilium Safety Group AB,Plan Vivo,Forest,673,PVC (tCO2e),UNIT
12 Jun 2023,2022,The CommuniTree Carbon Program (formerly Limay Community Carbon Project),ZeroMission AB- Plan Vivo,Max Burgers AB,Plan Vivo,Forest,"5,717",PVC (tCO2e),UNIT
29 Aug 2023,2022,The CommuniTree Carbon Program (formerly Limay Community Carbon Project),ZeroMission AB- Plan Vivo,LundaEkonomerna,Plan Vivo,Forest,16,PVC (tCO2e),UNIT
29 Aug 2023,2022,The CommuniTree Carbon Program (formerly Limay Community Carbon Project),ZeroMission AB- Plan Vivo,Reachlog,Plan Vivo,Forest,12,PVC (tCO2e),UNIT
29 Aug 2023,2022,The CommuniTree Carbon Program (formerly Limay Community Carbon Project),ZeroMission AB- Plan Vivo,Printpool & Kapero,Plan Vivo,Forest,16,PVC (tCO2e),UNIT
29 Aug 2023,2022,The CommuniTree Carbon Program (formerly Limay Community Carbon Project),ZeroMission AB- Plan Vivo,Printpool & Kapero,Plan Vivo,Forest,27,PVC (tCO2e),UNIT
29 Aug 2023,2022,The CommuniTree Carbon Program (formerly Limay Community Carbon Project),ZeroMission AB- Plan Vivo,Telinet Energi AB,Plan Vivo,Forest,15,PVC (tCO2e),UNIT
29 Aug 2023,2022,The CommuniTree Carbon Program (formerly Limay Community Carbon Project),ZeroMission AB- Plan Vivo,Albaeco,Plan Vivo,Forest,5,PVC (tCO2e),UNIT
29 Aug 2023,2022,The CommuniTree Carbon Program (formerly Limay Community Carbon Project),ZeroMission AB- Plan Vivo,Academic Work,Plan Vivo,Forest,"1,361",PVC (tCO2e),UNIT
19 May 2022,2019,Scolel té Natural Resources Management and Carbon Sequestration Project (Scolel té Natural Resources Management and Carbon Sequestration Project),ZeroMission AB- Plan Vivo,Risenta,Plan Vivo,Afforestation / Reforestation,"2,821",PVC (tCO2e),UNIT
15 Jul 2022,2016,Rarakau Rainforest Carbon Project,ZeroMission AB- Plan Vivo,Klövsta Energi AB,Plan Vivo,Improved forest management,100,PVC (tCO2e),UNIT
02 Aug 2019,2017 - 2018,The CommuniTree Carbon Program (formerly Limay Community Carbon Project),ZeroMission AB- Plan Vivo,JobMeal,Plan Vivo,Forest,"1,055",PVC (tCO2e),UNIT
09 Apr 2025,2020 - 2021,"Pasture Conservation and Climate Action , Mongolia",ZeroMission AB- Plan Vivo,Norrlands Travsällskap,Plan Vivo,Agriculture land management,8,PVC (tCO2e),UNIT
09 Apr 2025,2020 - 2021,"Pasture Conservation and Climate Action , Mongolia",ZeroMission AB- Plan Vivo,Lövsta Future Challenge Jumping,Plan Vivo,Agriculture land management,50,PVC (tCO2e),UNIT
05 Jan 2023,2021,Trees for Global Benefits,ZeroMission AB- Plan Vivo,Arla Eko,Plan Vivo,Afforestation / Reforestation,"3,344",PVC (tCO2e),UNIT
13 Apr 2023,2021,Trees for Global Benefits,ZeroMission AB- Plan Vivo,Max Burgers AB,Plan Vivo,Afforestation / Reforestation,"7,433",PVC (tCO2e),UNIT
09 Apr 2025,2020 - 2021,"Pasture Conservation and Climate Action , Mongolia",ZeroMission AB- Plan Vivo,Lövsta Future Challenge Dressage,Plan Vivo,Agriculture land management,40,PVC (tCO2e),UNIT
02 Aug 2019,2017 - 2018,The CommuniTree Carbon Program (formerly Limay Community Carbon Project),ZeroMission AB- Plan Vivo,Axis Communications,Plan Vivo,Forest,"1,890",PVC (tCO2e),UNIT
02 Aug 2019,2017 - 2018,The CommuniTree Carbon Program (formerly Limay Community Carbon Project),ZeroMission AB- Plan Vivo,Arvid Nordquist HAB,Plan Vivo,Forest,"11,477",PVC (tCO2e),UNIT
02 Aug 2019,2017 - 2018,The CommuniTree Carbon Program (formerly Limay Community Carbon Project),ZeroMission AB- Plan Vivo,Arvid Nordquist,Plan Vivo,Forest,"16,863",PVC (tCO2e),UNIT
04 Jan 2023,2021,ArBolivia,ZeroMission AB- Plan Vivo,Urbio,Plan Vivo,Afforestation / Reforestation,160,PVC (tCO2e),UNIT
04 Jan 2023,2021,ArBolivia,ZeroMission AB- Plan Vivo,GodDryck,Plan Vivo,Afforestation / Reforestation,775,PVC (tCO2e),UNIT
04 Jan 2023,2021,ArBolivia,ZeroMission AB- Plan Vivo,Wigg family,Plan Vivo,Afforestation / Reforestation,20,PVC (tCO2e),UNIT
04 Jan 2023,2021,ArBolivia,ZeroMission AB- Plan Vivo,Norvida,Plan Vivo,Afforestation / Reforestation,781,PVC (tCO2e),UNIT
15 Dec 2020,2019,Trees for Global Benefits,ZeroMission AB- Plan Vivo,Långholmen Hotell & Restaurang,Plan Vivo,Afforestation / Reforestation,46,PVC (tCO2e),UNIT
22 Dec 2020,2019,ArBolivia,ZeroMission AB- Plan Vivo,BRABO,Plan Vivo,Afforestation / Reforestation,"2,730",PVC (tCO2e),UNIT
19 May 2022,2019,Scolel té Natural Resources Management and Carbon Sequestration Project (Scolel té Natural Resources Management and Carbon Sequestration Project),ZeroMission AB- Plan Vivo,Smiling Faces AB,Plan Vivo,Afforestation / Reforestation,914,PVC (tCO2e),UNIT
11 May 2022,2019,Scolel té Natural Resources Management and Carbon Sequestration Project (Scolel té Natural Resources Management and Carbon Sequestration Project),ZeroMission AB- Plan Vivo,MAX Burgers AB,Plan Vivo,Afforestation / Reforestation,"20,028",PVC (tCO2e),UNIT
08 Jun 2022,2019,Scolel té Natural Resources Management and Carbon Sequestration Project (Scolel té Natural Resources Management and Carbon Sequestration Project),ZeroMission AB- Plan Vivo,ICANIWILL AB,Plan Vivo,Afforestation / Reforestation,"2,180",PVC (tCO2e),UNIT
05 Jan 2023,2019,Scolel té Natural Resources Management and Carbon Sequestration Project (Scolel té Natural Resources Management and Carbon Sequestration Project),ZeroMission AB- Plan Vivo,Convini,Plan Vivo,Afforestation / Reforestation,21,PVC (tCO2e),UNIT
23 Dec 2020,2018,ArBolivia,ZeroMission AB- Plan Vivo,ZeroMission AB,Plan Vivo,Afforestation / Reforestation,35,PVC (tCO2e),UNIT
23 Dec 2020,2018,ArBolivia,ZeroMission AB- Plan Vivo,Nordnet,Plan Vivo,Afforestation / Reforestation,25,PVC (tCO2e),UNIT
24 Mar 2021,2018,Bujang Raba Community PES Project,ZeroMission AB- Plan Vivo,Arla Eko,Plan Vivo,REDD,"37,910",PVC (tCO2e),UNIT
24 Mar 2021,2019,Bujang Raba Community PES Project,ZeroMission AB- Plan Vivo,Splitvision Design AB,Plan Vivo,REDD,"2,090",PVC (tCO2e),UNIT
24 Mar 2021,2016,Bujang Raba Community PES Project,ZeroMission AB- Plan Vivo,Kivra,Plan Vivo,REDD,154,PVC (tCO2e),UNIT
24 Mar 2021,2019 - 2020,The CommuniTree Carbon Program (formerly Limay Community Carbon Project),ZeroMission AB- Plan Vivo,Lynx Asset Management,Plan Vivo,Forest,128,PVC (tCO2e),UNIT
24 Mar 2021,2019 - 2020,The CommuniTree Carbon Program (formerly Limay Community Carbon Project),ZeroMission AB- Plan Vivo,Arvid Nordquist (kaffe),Plan Vivo,Forest,"15,512",PVC (tCO2e),UNIT
24 Mar 2021,2019 - 2020,The CommuniTree Carbon Program (formerly Limay Community Carbon Project),ZeroMission AB- Plan Vivo,Arvid Nordquist (kaffe),Plan Vivo,Forest,"22,220",PVC (tCO2e),UNIT
24 Mar 2021,2019 - 2020,The CommuniTree Carbon Program (formerly Limay Community Carbon Project),ZeroMission AB- Plan Vivo,MAX,Plan Vivo,Forest,"43,763",PVC (tCO2e),UNIT
09 Jul 2017,2016,The CommuniTree Carbon Program (formerly Limay Community Carbon Project),ZeroMission AB- Plan Vivo,,Plan Vivo,Forest,279,PVC (tCO2e),UNIT
09 Jul 2017,2016,The CommuniTree Carbon Program (formerly Limay Community Carbon Project),ZeroMission AB- Plan Vivo,,Plan Vivo,Forest,46,PVC (tCO2e),UNIT
09 Jul 2017,2016,The CommuniTree Carbon Program (formerly Limay Community Carbon Project),ZeroMission AB- Plan Vivo,,Plan Vivo,Forest,5,PVC (tCO2e),UNIT
13 Sep 2024,2022,The CommuniTree Carbon Program (formerly Limay Community Carbon Project),ZeroMission AB- Plan Vivo,Sätila of Sweden AB,Plan Vivo,Forest,9,PVC (tCO2e),UNIT
09 Jul 2017,2016,The CommuniTree Carbon Program (formerly Limay Community Carbon Project),ZeroMission AB- Plan Vivo,,Plan Vivo,Forest,100,PVC (tCO2e),UNIT
11 Jul 2017,2013,Trees of Hope,ZeroMission AB- Plan Vivo,,Plan Vivo,Afforestation / Reforestation,"1,090",PVC (tCO2e),UNIT
11 Jul 2017,2014,Trees of Hope,ZeroMission AB- Plan Vivo,,Plan Vivo,Afforestation / Reforestation,823,PVC (tCO2e),UNIT
11 Jul 2017,2014,Trees of Hope,ZeroMission AB- Plan Vivo,,Plan Vivo,Afforestation / Reforestation,"2,917",PVC (tCO2e),UNIT
11 Jul 2017,2014,Trees of Hope,ZeroMission AB- Plan Vivo,,Plan Vivo,Afforestation / Reforestation,550,PVC (tCO2e),UNIT
28 Dec 2016,2012,Scolel té Natural Resources Management and Carbon Sequestration Project (Scolel té Natural Resources Management and Carbon Sequestration Project),ZeroMission AB- Plan Vivo,,Plan Vivo,Afforestation / Reforestation,56,PVC (tCO2e),UNIT
11 Jul 2017,2014,Trees of Hope,ZeroMission AB- Plan Vivo,,Plan Vivo,Afforestation / Reforestation,450,PVC (tCO2e),UNIT
10 Aug 2021,2016 - 2017,"Pasture Conservation and Climate Action , Mongolia",ZeroMission AB- Plan Vivo,Lövsta Future Challenge Dressage,Plan Vivo,Agriculture land management,6,PVC (tCO2e),UNIT
02 Mar 2020,2018 - 2019,The CommuniTree Carbon Program (formerly Limay Community Carbon Project),ZeroMission AB- Plan Vivo,IIS Internetdagarna,Plan Vivo,Forest,94,PVC (tCO2e),UNIT
02 Mar 2020,2018 - 2019,The CommuniTree Carbon Program (formerly Limay Community Carbon Project),ZeroMission AB- Plan Vivo,GADDEN,Plan Vivo,Forest,80,PVC (tCO2e),UNIT
29 Apr 2014,2013,The CommuniTree Carbon Program (formerly Limay Community Carbon Project),ZeroMission AB- Plan Vivo,,Plan Vivo,Forest,"2,207",PVC (tCO2e),UNIT
24 Mar 2021,2016,Bujang Raba Community PES Project,ZeroMission AB- Plan Vivo,Splitvision Design AB,Plan Vivo,REDD,510,PVC (tCO2e),UNIT
24 Mar 2021,2016,Bujang Raba Community PES Project,ZeroMission AB- Plan Vivo,Kivra Finland,Plan Vivo,REDD,75,PVC (tCO2e),UNIT
24 Mar 2021,2016,Bujang Raba Community PES Project,ZeroMission AB- Plan Vivo,Kivra Finland,Plan Vivo,REDD,75,PVC (tCO2e),UNIT
24 Mar 2021,2016,Bujang Raba Community PES Project,ZeroMission AB- Plan Vivo,FoodTankers,Plan Vivo,REDD,16,PVC (tCO2e),UNIT
24 Mar 2021,2016,Bujang Raba Community PES Project,ZeroMission AB- Plan Vivo,Hermansson & Co,Plan Vivo,REDD,369,PVC (tCO2e),UNIT
24 Mar 2021,2016,Bujang Raba Community PES Project,ZeroMission AB- Plan Vivo,SRAT,Plan Vivo,REDD,71,PVC (tCO2e),UNIT
24 Mar 2021,2016,Bujang Raba Community PES Project,ZeroMission AB- Plan Vivo,Kivra,Plan Vivo,REDD,373,PVC (tCO2e),UNIT
12 Apr 2021,2020,ArBolivia,ZeroMission AB- Plan Vivo,Fraktus,Plan Vivo,Afforestation / Reforestation,190,PVC (tCO2e),UNIT
23 Jun 2020,2017,Scolel té Natural Resources Management and Carbon Sequestration Project (Scolel té Natural Resources Management and Carbon Sequestration Project),ZeroMission AB- Plan Vivo,Ekobanken,Plan Vivo,Afforestation / Reforestation,7,PVC (tCO2e),UNIT
12 Apr 2021,2020,ArBolivia,ZeroMission AB- Plan Vivo,BRABO,Plan Vivo,Afforestation / Reforestation,"4,920",PVC (tCO2e),UNIT
12 Apr 2021,2020,ArBolivia,ZeroMission AB- Plan Vivo,Opus Bilprovning,Plan Vivo,Afforestation / Reforestation,"1,950",PVC (tCO2e),UNIT
12 Apr 2021,2020,ArBolivia,ZeroMission AB- Plan Vivo,HS Certifiering,Plan Vivo,Afforestation / Reforestation,92,PVC (tCO2e),UNIT
12 Apr 2021,2020,ArBolivia,ZeroMission AB- Plan Vivo,Saltå Kvarn,Plan Vivo,Afforestation / Reforestation,848,PVC (tCO2e),UNIT
12 Apr 2021,2018,ArBolivia,ZeroMission AB- Plan Vivo,Fraktus,Plan Vivo,Afforestation / Reforestation,1,PVC (tCO2e),UNIT
23 Jun 2020,2017,Scolel té Natural Resources Management and Carbon Sequestration Project (Scolel té Natural Resources Management and Carbon Sequestration Project),ZeroMission AB- Plan Vivo,Ekobanken,Plan Vivo,Afforestation / Reforestation,4,PVC (tCO2e),UNIT
13 Nov 2025,2023,The CommuniTree Carbon Program (formerly Limay Community Carbon Project),ZeroMission AB- Plan Vivo,Miljöhallen Golv i Jönköping AB,Plan Vivo,Forest,91,PVC (tCO2e),UNIT
13 Nov 2025,2023,The CommuniTree Carbon Program (formerly Limay Community Carbon Project),ZeroMission AB- Plan Vivo,Winsth Golv & Kakel AB,Plan Vivo,Forest,29,PVC (tCO2e),UNIT
13 Nov 2025,2023,The CommuniTree Carbon Program (formerly Limay Community Carbon Project),ZeroMission AB- Plan Vivo,Bygg & Golvtjänst i Gävle AB,Plan Vivo,Forest,49,PVC (tCO2e),UNIT
13 Nov 2025,2023,The CommuniTree Carbon Program (formerly Limay Community Carbon Project),ZeroMission AB- Plan Vivo,Golvab i Borlänge AB,Plan Vivo,Forest,9,PVC (tCO2e),UNIT
10 Aug 2021,2015 - 2018,Durian Rambun,ZeroMission AB- Plan Vivo,re:newcell,Plan Vivo,REDD,733,PVC (tCO2e),UNIT
08 Feb 2017,2011,Emiti Nibwo Bulora,ZeroMission AB- Plan Vivo,,Plan Vivo,Afforestation / Reforestation,68,PVC (tCO2e),UNIT
08 Feb 2017,2011,Emiti Nibwo Bulora,ZeroMission AB- Plan Vivo,,Plan Vivo,Afforestation / Reforestation,8,PVC (tCO2e),UNIT
13 Nov 2025,2023,The CommuniTree Carbon Program (formerly Limay Community Carbon Project),ZeroMission AB- Plan Vivo,AB Golv & Tak,Plan Vivo,Forest,35,PVC (tCO2e),UNIT
12 Jan 2023,2020,Vanga Blue Forest,ZeroMission AB- Plan Vivo,Returab,Plan Vivo,Forest Conservation & Avoided Deforestation,54,PVC (tCO2e),UNIT
20 Feb 2017,2013,Trees of Hope,ZeroMission AB- Plan Vivo,,Plan Vivo,Afforestation / Reforestation,352,PVC (tCO2e),UNIT
12 Apr 2021,2018,ArBolivia,ZeroMission AB- Plan Vivo,Fraktus,Plan Vivo,Afforestation / Reforestation,1,PVC (tCO2e),UNIT
12 Apr 2021,2020,ArBolivia,ZeroMission AB- Plan Vivo,Saltå Kvarn,Plan Vivo,Afforestation / Reforestation,848,PVC (tCO2e),UNIT
20 Jan 2015,2011,ArBolivia,ZeroMission AB- Plan Vivo,,Plan Vivo,Afforestation / Reforestation,"1,287",PVC (tCO2e),UNIT
12 Apr 2021,2020,ArBolivia,ZeroMission AB- Plan Vivo,HS Certifiering,Plan Vivo,Afforestation / Reforestation,92,PVC (tCO2e),UNIT
12 Apr 2021,2020,ArBolivia,ZeroMission AB- Plan Vivo,Opus Bilprovning,Plan Vivo,Afforestation / Reforestation,"1,950",PVC (tCO2e),UNIT
01 Jun 2018,2009,Sofala Community Carbon Project (formerly the N'hambita Community Carbon Project),ZeroMission AB- Plan Vivo,,Plan Vivo,Forest,97,PVC (tCO2e),UNIT
01 Jun 2018,2009,Sofala Community Carbon Project (formerly the N'hambita Community Carbon Project),ZeroMission AB- Plan Vivo,,Plan Vivo,Forest,78,PVC (tCO2e),UNIT
29 Jun 2018,2009,Sofala Community Carbon Project (formerly the N'hambita Community Carbon Project),ZeroMission AB- Plan Vivo,,Plan Vivo,Forest,22,PVC (tCO2e),UNIT
29 Jun 2018,2009,Sofala Community Carbon Project (formerly the N'hambita Community Carbon Project),ZeroMission AB- Plan Vivo,,Plan Vivo,Forest,14,PVC (tCO2e),UNIT
29 Jun 2018,2010,Sofala Community Carbon Project (formerly the N'hambita Community Carbon Project),ZeroMission AB- Plan Vivo,,Plan Vivo,Forest,131,PVC (tCO2e),UNIT
29 Jun 2018,2010,Sofala Community Carbon Project (formerly the N'hambita Community Carbon Project),ZeroMission AB- Plan Vivo,,Plan Vivo,Forest,73,PVC (tCO2e),UNIT
29 Jun 2018,2010,Sofala Community Carbon Project (formerly the N'hambita Community Carbon Project),ZeroMission AB- Plan Vivo,,Plan Vivo,Forest,100,PVC (tCO2e),UNIT
29 Jun 2018,2010,Sofala Community Carbon Project (formerly the N'hambita Community Carbon Project),ZeroMission AB- Plan Vivo,,Plan Vivo,Forest,92,PVC (tCO2e),UNIT
29 Jun 2018,2010,Sofala Community Carbon Project (formerly the N'hambita Community Carbon Project),ZeroMission AB- Plan Vivo,,Plan Vivo,Forest,61,PVC (tCO2e),UNIT
04 Apr 2025,2022,The CommuniTree Carbon Program (formerly Limay Community Carbon Project),ZeroMission AB- Plan Vivo,Golvmaterial Hans Johansson AB,Plan Vivo,Forest,96,PVC (tCO2e),UNIT
04 Apr 2025,2022,The CommuniTree Carbon Program (formerly Limay Community Carbon Project),ZeroMission AB- Plan Vivo,Jubels AB,Plan Vivo,Forest,98,PVC (tCO2e),UNIT
04 Apr 2025,2022,The CommuniTree Carbon Program (formerly Limay Community Carbon Project),ZeroMission AB- Plan Vivo,Kakelhuset i Kungsbacka AB,Plan Vivo,Forest,67,PVC (tCO2e),UNIT
04 Apr 2025,2022,The CommuniTree Carbon Program (formerly Limay Community Carbon Project),ZeroMission AB- Plan Vivo,Miljögolv AB,Plan Vivo,Forest,100,PVC (tCO2e),UNIT
04 Apr 2025,2022,The CommuniTree Carbon Program (formerly Limay Community Carbon Project),ZeroMission AB- Plan Vivo,Prima Golv & Kakel AB,Plan Vivo,Forest,15,PVC (tCO2e),UNIT
04 Apr 2025,2022,The CommuniTree Carbon Program (formerly Limay Community Carbon Project),ZeroMission AB- Plan Vivo,Sandéns Golv i Helsinborg AB,Plan Vivo,Forest,44,PVC (tCO2e),UNIT
04 Mar 2022,2019 - 2020,The CommuniTree Carbon Program (formerly Limay Community Carbon Project),ZeroMission AB- Plan Vivo,Arvid Nordquist (kaffe),Plan Vivo,Forest,"5,700",PVC (tCO2e),UNIT
04 Mar 2022,2019 - 2020,The CommuniTree Carbon Program (formerly Limay Community Carbon Project),ZeroMission AB- Plan Vivo,AGA,Plan Vivo,Forest,368,PVC (tCO2e),UNIT
04 Mar 2022,2019 - 2020,The CommuniTree Carbon Program (formerly Limay Community Carbon Project),ZeroMission AB- Plan Vivo,Epecon,Plan Vivo,Forest,10,PVC (tCO2e),UNIT
29 Apr 2014,2012,Khasi Hills Community REDD+ Project: Restoring and Conserving Meghalaya's Hill ForestsThrough Community Action,ZeroMission AB- Plan Vivo,,Plan Vivo,REDD,3,PVC (tCO2e),UNIT
29 Apr 2014,2012,Khasi Hills Community REDD+ Project: Restoring and Conserving Meghalaya's Hill ForestsThrough Community Action,ZeroMission AB- Plan Vivo,,Plan Vivo,REDD,80,PVC (tCO2e),UNIT
19 Apr 2023,2021,The CommuniTree Carbon Program (formerly Limay Community Carbon Project),ZeroMission AB- Plan Vivo,Linde Gas,Plan Vivo,Forest,824,PVC (tCO2e),UNIT
05 Mar 2026,2011 - 2019,HALO VERDE TIMOR COMMUNITY FOREST CARBON,ZeroMission AB- Plan Vivo,ZeroMission,Plan Vivo,Afforestation / Reforestation,71,PVC (tCO2e),UNIT
13 Apr 2022,2021,The CommuniTree Carbon Program (formerly Limay Community Carbon Project),ZeroMission AB- Plan Vivo,Arvid Nordquist (kaffe),Plan Vivo,Forest,"35,721",PVC (tCO2e),UNIT
13 Apr 2022,2021,The CommuniTree Carbon Program (formerly Limay Community Carbon Project),ZeroMission AB- Plan Vivo,MAX Burgers AB,Plan Vivo,Forest,"60,000",PVC (tCO2e),UNIT
20 Apr 2022,2016,Trees for Global Benefits,ZeroMission AB- Plan Vivo,Fruktbudet i Norden AB,Plan Vivo,Afforestation / Reforestation,228,PVC (tCO2e),UNIT
20 Apr 2022,2016,Trees for Global Benefits,ZeroMission AB- Plan Vivo,Esam AB,Plan Vivo,Afforestation / Reforestation,7,PVC (tCO2e),UNIT
28 Apr 2022,2019 - 2020,The CommuniTree Carbon Program (formerly Limay Community Carbon Project),ZeroMission AB- Plan Vivo,Plåtspressning AB (Järnmalmer),Plan Vivo,Forest,2,PVC (tCO2e),UNIT
28 Apr 2022,2019 - 2020,The CommuniTree Carbon Program (formerly Limay Community Carbon Project),ZeroMission AB- Plan Vivo,Nordsvets i Göteborg AB (Järnmalmer),Plan Vivo,Forest,7,PVC (tCO2e),UNIT
05 May 2022,2020 - 2021,The Yaeda-Eyasi Landscape REDD project(old),ZeroMission AB- Plan Vivo,Fire and Risk Engineering Nordic AB,Plan Vivo,REDD,58,PVC (tCO2e),UNIT
06 May 2022,2021,ArBolivia,ZeroMission AB- Plan Vivo,Switch Nordic Green,Plan Vivo,Afforestation / Reforestation,65,PVC (tCO2e),UNIT
24 Mar 2021,2019 - 2020,The CommuniTree Carbon Program (formerly Limay Community Carbon Project),ZeroMission AB- Plan Vivo,Jobmeal Finland OY,Plan Vivo,Forest,913,PVC (tCO2e),UNIT
24 Mar 2021,2019 - 2020,The CommuniTree Carbon Program (formerly Limay Community Carbon Project),ZeroMission AB- Plan Vivo,Jobmeal Sverige AB,Plan Vivo,Forest,"1,530",PVC (tCO2e),UNIT
24 Mar 2021,2019 - 2020,The CommuniTree Carbon Program (formerly Limay Community Carbon Project),ZeroMission AB- Plan Vivo,Jobmeal Gävle,Plan Vivo,Forest,142,PVC (tCO2e),UNIT
17 Dec 2021,2020 - 2021,EthioTrees: Ecosystem restoration and agroforestry by landless and smallholder farmers in Tigray (North Ethiopia),ZeroMission AB- Plan Vivo,Arvid Nordquist (kaffe),Plan Vivo,Forest Restoration,812,PVC (tCO2e),UNIT
17 Dec 2021,2020 - 2021,EthioTrees: Ecosystem restoration and agroforestry by landless and smallholder farmers in Tigray (North Ethiopia),ZeroMission AB- Plan Vivo,Arvid Nordquist (kaffe),Plan Vivo,Forest Restoration,"2,988",PVC (tCO2e),UNIT
24 Mar 2021,2016,Bujang Raba Community PES Project,ZeroMission AB- Plan Vivo,Arla Eko,Plan Vivo,REDD,"12,090",PVC (tCO2e),UNIT
24 Mar 2021,2016,Bujang Raba Community PES Project,ZeroMission AB- Plan Vivo,Splitvision Design AB,Plan Vivo,REDD,510,PVC (tCO2e),UNIT
24 Mar 2021,2016,Bujang Raba Community PES Project,ZeroMission AB- Plan Vivo,Kivra Finland,Plan Vivo,REDD,75,PVC (tCO2e),UNIT
24 Mar 2021,2016,Bujang Raba Community PES Project,ZeroMission AB- Plan Vivo,Kivra Finland,Plan Vivo,REDD,75,PVC (tCO2e),UNIT
24 Mar 2021,2016,Bujang Raba Community PES Project,ZeroMission AB- Plan Vivo,FoodTankers,Plan Vivo,REDD,16,PVC (tCO2e),UNIT
24 Mar 2021,2016,Bujang Raba Community PES Project,ZeroMission AB- Plan Vivo,Hermansson & Co,Plan Vivo,REDD,369,PVC (tCO2e),UNIT
24 Mar 2021,2016,Bujang Raba Community PES Project,ZeroMission AB- Plan Vivo,SRAT,Plan Vivo,REDD,71,PVC (tCO2e),UNIT
24 Mar 2021,2016,Bujang Raba Community PES Project,ZeroMission AB- Plan Vivo,Kivra,Plan Vivo,REDD,373,PVC (tCO2e),UNIT
30 Mar 2021,2016 - 2017,"Pasture Conservation and Climate Action , Mongolia",ZeroMission AB- Plan Vivo,Knowit AB,Plan Vivo,Agriculture land management,547,PVC (tCO2e),UNIT
30 Mar 2021,2016 - 2017,"Pasture Conservation and Climate Action , Mongolia",ZeroMission AB- Plan Vivo,Knowit AB,Plan Vivo,Agriculture land management,314,PVC (tCO2e),UNIT
10 Aug 2021,2019 - 2020,The CommuniTree Carbon Program (formerly Limay Community Carbon Project),ZeroMission AB- Plan Vivo,Movare AB,Plan Vivo,Forest,46,PVC (tCO2e),UNIT
10 Aug 2021,2019 - 2020,The CommuniTree Carbon Program (formerly Limay Community Carbon Project),ZeroMission AB- Plan Vivo,Freys Express AB,Plan Vivo,Forest,24,PVC (tCO2e),UNIT
28 Dec 2016,2011,Scolel té Natural Resources Management and Carbon Sequestration Project (Scolel té Natural Resources Management and Carbon Sequestration Project),ZeroMission AB- Plan Vivo,,Plan Vivo,Afforestation / Reforestation,"1,000",PVC (tCO2e),UNIT
10 Aug 2021,2019 - 2020,The CommuniTree Carbon Program (formerly Limay Community Carbon Project),ZeroMission AB- Plan Vivo,Società per la Cremazione Torino,Plan Vivo,Forest,788,PVC (tCO2e),UNIT
10 Aug 2021,2019 - 2020,The CommuniTree Carbon Program (formerly Limay Community Carbon Project),ZeroMission AB- Plan Vivo,Arvid Nordquist (kaffe),Plan Vivo,Forest,"27,785",PVC (tCO2e),UNIT
10 Aug 2021,2019 - 2020,The CommuniTree Carbon Program (formerly Limay Community Carbon Project),ZeroMission AB- Plan Vivo,Arvid Nordquist (kaffe),Plan Vivo,Forest,"2,292",PVC (tCO2e),UNIT
10 Aug 2021,2019 - 2020,The CommuniTree Carbon Program (formerly Limay Community Carbon Project),ZeroMission AB- Plan Vivo,Lynx Asset Management,Plan Vivo,Forest,34,PVC (tCO2e),UNIT
10 Aug 2021,2019 - 2020,The CommuniTree Carbon Program (formerly Limay Community Carbon Project),ZeroMission AB- Plan Vivo,Gemo Lagerinredningar AB (Järnmalmer),Plan Vivo,Forest,7,PVC (tCO2e),UNIT
07 Feb 2014,2013,The CommuniTree Carbon Program (formerly Limay Community Carbon Project),ZeroMission AB- Plan Vivo,,Plan Vivo,Forest,"11,140",PVC (tCO2e),UNIT
07 Feb 2014,2013,The CommuniTree Carbon Program (formerly Limay Community Carbon Project),ZeroMission AB- Plan Vivo,,Plan Vivo,Forest,147,PVC (tCO2e),UNIT
07 Feb 2014,2013,The CommuniTree Carbon Program (formerly Limay Community Carbon Project),ZeroMission AB- Plan Vivo,,Plan Vivo,Forest,"4,000",PVC (tCO2e),UNIT
07 Feb 2014,2013,The CommuniTree Carbon Program (formerly Limay Community Carbon Project),ZeroMission AB- Plan Vivo,,Plan Vivo,Forest,400,PVC (tCO2e),UNIT
07 Feb 2014,2013,The CommuniTree Carbon Program (formerly Limay Community Carbon Project),ZeroMission AB- Plan Vivo,,Plan Vivo,Forest,42,PVC (tCO2e),UNIT
07 Feb 2014,2013,The CommuniTree Carbon Program (formerly Limay Community Carbon Project),ZeroMission AB- Plan Vivo,,Plan Vivo,Forest,80,PVC (tCO2e),UNIT
07 Feb 2014,2013,The CommuniTree Carbon Program (formerly Limay Community Carbon Project),ZeroMission AB- Plan Vivo,,Plan Vivo,Forest,106,PVC (tCO2e),UNIT
12 Sep 2024,2022,Trees for Global Benefits,ZeroMission AB- Plan Vivo,Länsförsäkringar Jönköping,Plan Vivo,Afforestation / Reforestation,395,PVC (tCO2e),UNIT
12 Sep 2024,2022,Scolel té Natural Resources Management and Carbon Sequestration Project (Scolel té Natural Resources Management and Carbon Sequestration Project),ZeroMission AB- Plan Vivo,Saltå Kvarn Aktiebolag,Plan Vivo,Afforestation / Reforestation,110,PVC (tCO2e),UNIT
12 Sep 2024,2022,Scolel té Natural Resources Management and Carbon Sequestration Project (Scolel té Natural Resources Management and Carbon Sequestration Project),ZeroMission AB- Plan Vivo,Ekobanken medlemsbank,Plan Vivo,Afforestation / Reforestation,15,PVC (tCO2e),UNIT
12 Sep 2024,2022,Scolel té Natural Resources Management and Carbon Sequestration Project (Scolel té Natural Resources Management and Carbon Sequestration Project),ZeroMission AB- Plan Vivo,Max Norway AS,Plan Vivo,Afforestation / Reforestation,943,PVC (tCO2e),UNIT
12 Sep 2024,2022,Scolel té Natural Resources Management and Carbon Sequestration Project (Scolel té Natural Resources Management and Carbon Sequestration Project),ZeroMission AB- Plan Vivo,Max Norway AS,Plan Vivo,Afforestation / Reforestation,943,PVC (tCO2e),UNIT
12 Sep 2024,2022,Scolel té Natural Resources Management and Carbon Sequestration Project (Scolel té Natural Resources Management and Carbon Sequestration Project),ZeroMission AB- Plan Vivo,Max Poland Sp. Zo.o,Plan Vivo,Afforestation / Reforestation,"2,929",PVC (tCO2e),UNIT
12 Sep 2024,2022,Scolel té Natural Resources Management and Carbon Sequestration Project (Scolel té Natural Resources Management and Carbon Sequestration Project),ZeroMission AB- Plan Vivo,Max Poland Sp. Zo.o,Plan Vivo,Afforestation / Reforestation,"2,929",PVC (tCO2e),UNIT
12 Sep 2024,2022,Scolel té Natural Resources Management and Carbon Sequestration Project (Scolel té Natural Resources Management and Carbon Sequestration Project),ZeroMission AB- Plan Vivo,We Love Burgers A/S,Plan Vivo,Afforestation / Reforestation,541,PVC (tCO2e),UNIT
13 Sep 2024,2015 - 2016,Drawa Rainforest Carbon Project,ZeroMission AB- Plan Vivo,Academic Work Sweden AB,Plan Vivo,Improved forest management,"1,361",PVC (tCO2e),UNIT
13 Sep 2024,2015 - 2016,Drawa Rainforest Carbon Project,ZeroMission AB- Plan Vivo,Cary Group AB,Plan Vivo,Improved forest management,"5,000",PVC (tCO2e),UNIT
13 Sep 2024,2015 - 2016,Drawa Rainforest Carbon Project,ZeroMission AB- Plan Vivo,Opus Bilprovning AB,Plan Vivo,Improved forest management,500,PVC (tCO2e),UNIT
13 Sep 2024,2015 - 2016,Drawa Rainforest Carbon Project,ZeroMission AB- Plan Vivo,Enjoy Wine & Spirits AB,Plan Vivo,Improved forest management,480,PVC (tCO2e),UNIT
13 Sep 2024,2015 - 2016,Drawa Rainforest Carbon Project,ZeroMission AB- Plan Vivo,NOBA Bank Group AB,Plan Vivo,Improved forest management,"1,318",PVC (tCO2e),UNIT
13 Sep 2024,2015 - 2016,Drawa Rainforest Carbon Project,ZeroMission AB- Plan Vivo,Opus Bilprovning AB,Plan Vivo,Improved forest management,38,PVC (tCO2e),UNIT
13 Sep 2024,2018 - 2019,Drawa Rainforest Carbon Project,ZeroMission AB- Plan Vivo,Opus Bilprovning AB,Plan Vivo,Improved forest management,462,PVC (tCO2e),UNIT
20 Jan 2015,2011,ArBolivia,ZeroMission AB- Plan Vivo,,Plan Vivo,Afforestation / Reforestation,"2,363",PVC (tCO2e),UNIT
19 Apr 2016,2011,ArBolivia,ZeroMission AB- Plan Vivo,,Plan Vivo,Afforestation / Reforestation,38,PVC (tCO2e),UNIT
08 Apr 2016,2011,ArBolivia,ZeroMission AB- Plan Vivo,,Plan Vivo,Afforestation / Reforestation,30,PVC (tCO2e),UNIT
23 Jun 2020,2017,Scolel té Natural Resources Management and Carbon Sequestration Project (Scolel té Natural Resources Management and Carbon Sequestration Project),ZeroMission AB- Plan Vivo,Ekobanken,Plan Vivo,Afforestation / Reforestation,7,PVC (tCO2e),UNIT
07 Jan 2019,2017,Scolel té Natural Resources Management and Carbon Sequestration Project (Scolel té Natural Resources Management and Carbon Sequestration Project),ZeroMission AB- Plan Vivo,Risenta,Plan Vivo,Afforestation / Reforestation,"3,461",PVC (tCO2e),UNIT
10 Aug 2021,2011 - 2019,HALO VERDE TIMOR COMMUNITY FOREST CARBON,ZeroMission AB- Plan Vivo,Länsförsäkringar Norrbotten,Plan Vivo,Afforestation / Reforestation,151,PVC (tCO2e),UNIT
11 Jun 2021,2020,Mikoko Pamoja,ZeroMission AB- Plan Vivo,IVL Svenska Miljöinstitutet AB,Plan Vivo,Forest Conservation & Avoided Deforestation,500,PVC (tCO2e),UNIT
12 Jan 2023,2020,Vanga Blue Forest,ZeroMission AB- Plan Vivo,Returab,Plan Vivo,Forest Conservation & Avoided Deforestation,54,PVC (tCO2e),UNIT
12 Apr 2021,2017,Mikoko Pamoja,ZeroMission AB- Plan Vivo,GEP Communication Group AB,Plan Vivo,Forest Conservation & Avoided Deforestation,35,PVC (tCO2e),UNIT
12 Sep 2024,2022,Trees for Global Benefits,ZeroMission AB- Plan Vivo,Ledarna,Plan Vivo,Afforestation / Reforestation,3,PVC (tCO2e),UNIT
12 Apr 2021,2017,Mikoko Pamoja,ZeroMission AB- Plan Vivo,U&We,Plan Vivo,Forest Conservation & Avoided Deforestation,41,PVC (tCO2e),UNIT
12 Apr 2021,2018,Khasi Hills Community REDD+ Project: Restoring and Conserving Meghalaya's Hill ForestsThrough Community Action,ZeroMission AB- Plan Vivo,Kombucheriet AB,Plan Vivo,REDD,5,PVC (tCO2e),UNIT
12 Apr 2021,2018,Khasi Hills Community REDD+ Project: Restoring and Conserving Meghalaya's Hill ForestsThrough Community Action,ZeroMission AB- Plan Vivo,Pelle Halling,Plan Vivo,REDD,97,PVC (tCO2e),UNIT
28 Dec 2016,2012,Scolel té Natural Resources Management and Carbon Sequestration Project (Scolel té Natural Resources Management and Carbon Sequestration Project),ZeroMission AB- Plan Vivo,,Plan Vivo,Afforestation / Reforestation,56,PVC (tCO2e),UNIT
12 Apr 2021,2019,Khasi Hills Community REDD+ Project: Restoring and Conserving Meghalaya's Hill ForestsThrough Community Action,ZeroMission AB- Plan Vivo,Academic Work,Plan Vivo,REDD,"1,897",PVC (tCO2e),UNIT
12 Jun 2023,2022,The CommuniTree Carbon Program (formerly Limay Community Carbon Project),ZeroMission AB- Plan Vivo,Union Hand-Roasted Coffee,Plan Vivo,Forest,300,PVC (tCO2e),UNIT
12 Jun 2023,2022,The CommuniTree Carbon Program (formerly Limay Community Carbon Project),ZeroMission AB- Plan Vivo,Arvid Nordquist HAB,Plan Vivo,Forest,"1,296",PVC (tCO2e),UNIT
12 Jun 2023,2022,The CommuniTree Carbon Program (formerly Limay Community Carbon Project),ZeroMission AB- Plan Vivo,Länsförsäkringar Norrbotten,Plan Vivo,Forest,134,PVC (tCO2e),UNIT
12 Jun 2023,2022,The CommuniTree Carbon Program (formerly Limay Community Carbon Project),ZeroMission AB- Plan Vivo,The Absolut Company AB,Plan Vivo,Forest,210,PVC (tCO2e),UNIT
12 Jun 2023,2022,The CommuniTree Carbon Program (formerly Limay Community Carbon Project),ZeroMission AB- Plan Vivo,Sellhelp AB,Plan Vivo,Forest,"1,600",PVC (tCO2e),UNIT
12 Jun 2023,2022,The CommuniTree Carbon Program (formerly Limay Community Carbon Project),ZeroMission AB- Plan Vivo,Consilium Safety Group AB,Plan Vivo,Forest,673,PVC (tCO2e),UNIT
12 Jun 2023,2022,The CommuniTree Carbon Program (formerly Limay Community Carbon Project),ZeroMission AB- Plan Vivo,Max Burgers AB,Plan Vivo,Forest,"5,717",PVC (tCO2e),UNIT
27 Dec 2016,2009,Scolel té Natural Resources Management and Carbon Sequestration Project (Scolel té Natural Resources Management and Carbon Sequestration Project),ZeroMission AB- Plan Vivo,,Plan Vivo,Forest,474,PVC (tCO2e),UNIT
27 Dec 2016,2009,Scolel té Natural Resources Management and Carbon Sequestration Project (Scolel té Natural Resources Management and Carbon Sequestration Project),ZeroMission AB- Plan Vivo,,Plan Vivo,Forest,6,PVC (tCO2e),UNIT
27 Dec 2016,2009,Scolel té Natural Resources Management and Carbon Sequestration Project (Scolel té Natural Resources Management and Carbon Sequestration Project),ZeroMission AB- Plan Vivo,,Plan Vivo,Forest,10,PVC (tCO2e),UNIT
27 Dec 2016,2009,Scolel té Natural Resources Management and Carbon Sequestration Project (Scolel té Natural Resources Management and Carbon Sequestration Project),ZeroMission AB- Plan Vivo,,Plan Vivo,Forest,147,PVC (tCO2e),UNIT
27 Dec 2016,2009,Scolel té Natural Resources Management and Carbon Sequestration Project (Scolel té Natural Resources Management and Carbon Sequestration Project),ZeroMission AB- Plan Vivo,,Plan Vivo,Forest,200,PVC (tCO2e),UNIT
27 Dec 2016,2009,Scolel té Natural Resources Management and Carbon Sequestration Project (Scolel té Natural Resources Management and Carbon Sequestration Project),ZeroMission AB- Plan Vivo,,Plan Vivo,Forest,3,PVC (tCO2e),UNIT
27 Dec 2016,2009,Scolel té Natural Resources Management and Carbon Sequestration Project (Scolel té Natural Resources Management and Carbon Sequestration Project),ZeroMission AB- Plan Vivo,,Plan Vivo,Forest,375,PVC (tCO2e),UNIT
27 Dec 2016,2009,Scolel té Natural Resources Management and Carbon Sequestration Project (Scolel té Natural Resources Management and Carbon Sequestration Project),ZeroMission AB- Plan Vivo,,Plan Vivo,Forest,511,PVC (tCO2e),UNIT
06 May 2022,2021,ArBolivia,ZeroMission AB- Plan Vivo,Downtown Camper på Scandic Hotels,Plan Vivo,Afforestation / Reforestation,625,PVC (tCO2e),UNIT
11 May 2022,2019,Scolel té Natural Resources Management and Carbon Sequestration Project (Scolel té Natural Resources Management and Carbon Sequestration Project),ZeroMission AB- Plan Vivo,MAX Burgers AB,Plan Vivo,Afforestation / Reforestation,"15,811",PVC (tCO2e),UNIT
11 May 2022,2019,Scolel té Natural Resources Management and Carbon Sequestration Project (Scolel té Natural Resources Management and Carbon Sequestration Project),ZeroMission AB- Plan Vivo,MAX Poland Sp. Zo.o,Plan Vivo,Afforestation / Reforestation,"1,995",PVC (tCO2e),UNIT
11 May 2022,2019,Scolel té Natural Resources Management and Carbon Sequestration Project (Scolel té Natural Resources Management and Carbon Sequestration Project),ZeroMission AB- Plan Vivo,We Love Burgers AS,Plan Vivo,Afforestation / Reforestation,887,PVC (tCO2e),UNIT
11 May 2022,2019,Scolel té Natural Resources Management and Carbon Sequestration Project (Scolel té Natural Resources Management and Carbon Sequestration Project),ZeroMission AB- Plan Vivo,The Absolut Company,Plan Vivo,Afforestation / Reforestation,461,PVC (tCO2e),UNIT
11 May 2022,2019,Scolel té Natural Resources Management and Carbon Sequestration Project (Scolel té Natural Resources Management and Carbon Sequestration Project),ZeroMission AB- Plan Vivo,Hermansson & Co,Plan Vivo,Afforestation / Reforestation,110,PVC (tCO2e),UNIT
11 May 2022,2019,Scolel té Natural Resources Management and Carbon Sequestration Project (Scolel té Natural Resources Management and Carbon Sequestration Project),ZeroMission AB- Plan Vivo,The Absolut Company,Plan Vivo,Afforestation / Reforestation,"1,019",PVC (tCO2e),UNIT
19 May 2022,2019,Scolel té Natural Resources Management and Carbon Sequestration Project (Scolel té Natural Resources Management and Carbon Sequestration Project),ZeroMission AB- Plan Vivo,Risenta,Plan Vivo,Afforestation / Reforestation,"4,943",PVC (tCO2e),UNIT
19 May 2022,2019,Scolel té Natural Resources Management and Carbon Sequestration Project (Scolel té Natural Resources Management and Carbon Sequestration Project),ZeroMission AB- Plan Vivo,The Absolut Company,Plan Vivo,Afforestation / Reforestation,667,PVC (tCO2e),UNIT
19 May 2022,2019,Scolel té Natural Resources Management and Carbon Sequestration Project (Scolel té Natural Resources Management and Carbon Sequestration Project),ZeroMission AB- Plan Vivo,Smiling Faces AB,Plan Vivo,Afforestation / Reforestation,"1,014",PVC (tCO2e),UNIT
19 May 2022,2019,Scolel té Natural Resources Management and Carbon Sequestration Project (Scolel té Natural Resources Management and Carbon Sequestration Project),ZeroMission AB- Plan Vivo,Convini,Plan Vivo,Afforestation / Reforestation,635,PVC (tCO2e),UNIT
19 May 2022,2019,Scolel té Natural Resources Management and Carbon Sequestration Project (Scolel té Natural Resources Management and Carbon Sequestration Project),ZeroMission AB- Plan Vivo,Risenta,Plan Vivo,Afforestation / Reforestation,"2,821",PVC (tCO2e),UNIT
15 Jul 2022,2016,Rarakau Rainforest Carbon Project,ZeroMission AB- Plan Vivo,Klövsta Energi AB,Plan Vivo,Improved forest management,100,PVC (tCO2e),UNIT
27 Dec 2016,2009,Scolel té Natural Resources Management and Carbon Sequestration Project (Scolel té Natural Resources Management and Carbon Sequestration Project),ZeroMission AB- Plan Vivo,,Plan Vivo,Forest,6,PVC (tCO2e),UNIT
27 Dec 2016,2009,Scolel té Natural Resources Management and Carbon Sequestration Project (Scolel té Natural Resources Management and Carbon Sequestration Project),ZeroMission AB- Plan Vivo,,Plan Vivo,Forest,474,PVC (tCO2e),UNIT
18 Feb 2014,2011,ArBolivia,ZeroMission AB- Plan Vivo,,Plan Vivo,Afforestation / Reforestation,"2,044",PVC (tCO2e),UNIT
07 Feb 2014,2013,The CommuniTree Carbon Program (formerly Limay Community Carbon Project),ZeroMission AB- Plan Vivo,,Plan Vivo,Forest,"1,982",PVC (tCO2e),UNIT
07 Feb 2014,2013,The CommuniTree Carbon Program (formerly Limay Community Carbon Project),ZeroMission AB- Plan Vivo,,Plan Vivo,Forest,209,PVC (tCO2e),UNIT
07 Feb 2014,2013,The CommuniTree Carbon Program (formerly Limay Community Carbon Project),ZeroMission AB- Plan Vivo,,Plan Vivo,Forest,404,PVC (tCO2e),UNIT
07 Feb 2014,2013,The CommuniTree Carbon Program (formerly Limay Community Carbon Project),ZeroMission AB- Plan Vivo,,Plan Vivo,Forest,"10,463",PVC (tCO2e),UNIT
07 Feb 2014,2013,The CommuniTree Carbon Program (formerly Limay Community Carbon Project),ZeroMission AB- Plan Vivo,,Plan Vivo,Forest,"7,346",PVC (tCO2e),UNIT
07 Feb 2014,2013,The CommuniTree Carbon Program (formerly Limay Community Carbon Project),ZeroMission AB- Plan Vivo,,Plan Vivo,Forest,456,PVC (tCO2e),UNIT
07 Feb 2014,2013,The CommuniTree Carbon Program (formerly Limay Community Carbon Project),ZeroMission AB- Plan Vivo,,Plan Vivo,Forest,79,PVC (tCO2e),UNIT
07 Feb 2014,2013,The CommuniTree Carbon Program (formerly Limay Community Carbon Project),ZeroMission AB- Plan Vivo,,Plan Vivo,Forest,125,PVC (tCO2e),UNIT
07 Feb 2014,2013,The CommuniTree Carbon Program (formerly Limay Community Carbon Project),ZeroMission AB- Plan Vivo,,Plan Vivo,Forest,106,PVC (tCO2e),UNIT
07 Feb 2014,2013,The CommuniTree Carbon Program (formerly Limay Community Carbon Project),ZeroMission AB- Plan Vivo,,Plan Vivo,Forest,80,PVC (tCO2e),UNIT
07 Feb 2014,2013,The CommuniTree Carbon Program (formerly Limay Community Carbon Project),ZeroMission AB- Plan Vivo,,Plan Vivo,Forest,42,PVC (tCO2e),UNIT
07 Feb 2014,2013,The CommuniTree Carbon Program (formerly Limay Community Carbon Project),ZeroMission AB- Plan Vivo,,Plan Vivo,Forest,400,PVC (tCO2e),UNIT
07 Feb 2014,2013,The CommuniTree Carbon Program (formerly Limay Community Carbon Project),ZeroMission AB- Plan Vivo,,Plan Vivo,Forest,"4,000",PVC (tCO2e),UNIT
07 Feb 2014,2013,The CommuniTree Carbon Program (formerly Limay Community Carbon Project),ZeroMission AB- Plan Vivo,,Plan Vivo,Forest,147,PVC (tCO2e),UNIT
28 Dec 2016,2009,Scolel té Natural Resources Management and Carbon Sequestration Project (Scolel té Natural Resources Management and Carbon Sequestration Project),ZeroMission AB- Plan Vivo,,Plan Vivo,Forest,44,PVC (tCO2e),UNIT
28 Dec 2016,2009,Scolel té Natural Resources Management and Carbon Sequestration Project (Scolel té Natural Resources Management and Carbon Sequestration Project),ZeroMission AB- Plan Vivo,,Plan Vivo,Forest,250,PVC (tCO2e),UNIT
28 Dec 2016,2009,Scolel té Natural Resources Management and Carbon Sequestration Project (Scolel té Natural Resources Management and Carbon Sequestration Project),ZeroMission AB- Plan Vivo,,Plan Vivo,Forest,10,PVC (tCO2e),UNIT
06 May 2022,2021,ArBolivia,ZeroMission AB- Plan Vivo,Örebro Universitet,Plan Vivo,Afforestation / Reforestation,51,PVC (tCO2e),UNIT
28 Dec 2016,2010,Scolel té Natural Resources Management and Carbon Sequestration Project (Scolel té Natural Resources Management and Carbon Sequestration Project),ZeroMission AB- Plan Vivo,,Plan Vivo,Afforestation / Reforestation,533,PVC (tCO2e),UNIT
28 Dec 2016,2010,Scolel té Natural Resources Management and Carbon Sequestration Project (Scolel té Natural Resources Management and Carbon Sequestration Project),ZeroMission AB- Plan Vivo,,Plan Vivo,Afforestation / Reforestation,350,PVC (tCO2e),UNIT
28 Dec 2016,2010,Scolel té Natural Resources Management and Carbon Sequestration Project (Scolel té Natural Resources Management and Carbon Sequestration Project),ZeroMission AB- Plan Vivo,,Plan Vivo,Afforestation / Reforestation,184,PVC (tCO2e),UNIT
28 Dec 2016,2010,Scolel té Natural Resources Management and Carbon Sequestration Project (Scolel té Natural Resources Management and Carbon Sequestration Project),ZeroMission AB- Plan Vivo,,Plan Vivo,Afforestation / Reforestation,161,PVC (tCO2e),UNIT
06 May 2022,2021,ArBolivia,ZeroMission AB- Plan Vivo,Downtown Camper på Scandic Hotels,Plan Vivo,Afforestation / Reforestation,625,PVC (tCO2e),UNIT
11 May 2022,2019,Scolel té Natural Resources Management and Carbon Sequestration Project (Scolel té Natural Resources Management and Carbon Sequestration Project),ZeroMission AB- Plan Vivo,MAX Burgers AB,Plan Vivo,Afforestation / Reforestation,"15,811",PVC (tCO2e),UNIT
28 Dec 2016,2010,Scolel té Natural Resources Management and Carbon Sequestration Project (Scolel té Natural Resources Management and Carbon Sequestration Project),ZeroMission AB- Plan Vivo,,Plan Vivo,Afforestation / Reforestation,115,PVC (tCO2e),UNIT
28 Dec 2016,2012,Scolel té Natural Resources Management and Carbon Sequestration Project (Scolel té Natural Resources Management and Carbon Sequestration Project),ZeroMission AB- Plan Vivo,,Plan Vivo,Afforestation / Reforestation,124,PVC (tCO2e),UNIT
28 Dec 2016,2012,Scolel té Natural Resources Management and Carbon Sequestration Project (Scolel té Natural Resources Management and Carbon Sequestration Project),ZeroMission AB- Plan Vivo,,Plan Vivo,Afforestation / Reforestation,170,PVC (tCO2e),UNIT
28 Dec 2016,2012,Scolel té Natural Resources Management and Carbon Sequestration Project (Scolel té Natural Resources Management and Carbon Sequestration Project),ZeroMission AB- Plan Vivo,,Plan Vivo,Afforestation / Reforestation,150,PVC (tCO2e),UNIT
28 Dec 2016,2013,Scolel té Natural Resources Management and Carbon Sequestration Project (Scolel té Natural Resources Management and Carbon Sequestration Project),ZeroMission AB- Plan Vivo,,Plan Vivo,Afforestation / Reforestation,"1,828",PVC (tCO2e),UNIT
27 Nov 2017,2015,Scolel té Natural Resources Management and Carbon Sequestration Project (Scolel té Natural Resources Management and Carbon Sequestration Project),ZeroMission AB- Plan Vivo,,Plan Vivo,Afforestation / Reforestation,25,PVC (tCO2e),UNIT
27 Nov 2017,2015,Scolel té Natural Resources Management and Carbon Sequestration Project (Scolel té Natural Resources Management and Carbon Sequestration Project),ZeroMission AB- Plan Vivo,,Plan Vivo,Afforestation / Reforestation,22,PVC (tCO2e),UNIT
27 Nov 2017,2015,Scolel té Natural Resources Management and Carbon Sequestration Project (Scolel té Natural Resources Management and Carbon Sequestration Project),ZeroMission AB- Plan Vivo,,Plan Vivo,Afforestation / Reforestation,625,PVC (tCO2e),UNIT
27 Nov 2017,2015,Scolel té Natural Resources Management and Carbon Sequestration Project (Scolel té Natural Resources Management and Carbon Sequestration Project),ZeroMission AB- Plan Vivo,,Plan Vivo,Afforestation / Reforestation,600,PVC (tCO2e),UNIT
27 Nov 2017,2015,Scolel té Natural Resources Management and Carbon Sequestration Project (Scolel té Natural Resources Management and Carbon Sequestration Project),ZeroMission AB- Plan Vivo,,Plan Vivo,Afforestation / Reforestation,"1,201",PVC (tCO2e),UNIT
27 Nov 2017,2015,Scolel té Natural Resources Management and Carbon Sequestration Project (Scolel té Natural Resources Management and Carbon Sequestration Project),ZeroMission AB- Plan Vivo,,Plan Vivo,Afforestation / Reforestation,600,PVC (tCO2e),UNIT
27 Nov 2017,2016,Scolel té Natural Resources Management and Carbon Sequestration Project (Scolel té Natural Resources Management and Carbon Sequestration Project),ZeroMission AB- Plan Vivo,,Plan Vivo,Afforestation / Reforestation,"2,559",PVC (tCO2e),UNIT
07 Jan 2019,2015,Scolel té Natural Resources Management and Carbon Sequestration Project (Scolel té Natural Resources Management and Carbon Sequestration Project),ZeroMission AB- Plan Vivo,Vision,Plan Vivo,Afforestation / Reforestation,1,PVC (tCO2e),UNIT
11 Jul 2017,2014,Trees of Hope,ZeroMission AB- Plan Vivo,,Plan Vivo,Afforestation / Reforestation,16,PVC (tCO2e),UNIT
11 Jul 2017,2014,Trees of Hope,ZeroMission AB- Plan Vivo,,Plan Vivo,Afforestation / Reforestation,30,PVC (tCO2e),UNIT
11 Jul 2017,2014,Trees of Hope,ZeroMission AB- Plan Vivo,,Plan Vivo,Afforestation / Reforestation,33,PVC (tCO2e),UNIT
11 Jul 2017,2014,Trees of Hope,ZeroMission AB- Plan Vivo,,Plan Vivo,Afforestation / Reforestation,39,PVC (tCO2e),UNIT
11 Jul 2017,2014,Trees of Hope,ZeroMission AB- Plan Vivo,,Plan Vivo,Afforestation / Reforestation,50,PVC (tCO2e),UNIT
11 Jul 2017,2013,Trees of Hope,ZeroMission AB- Plan Vivo,,Plan Vivo,Afforestation / Reforestation,59,PVC (tCO2e),UNIT
11 Jul 2017,2014,Trees of Hope,ZeroMission AB- Plan Vivo,,Plan Vivo,Afforestation / Reforestation,15,PVC (tCO2e),UNIT
13 Apr 2023,2020 - 2021,The Yaeda-Eyasi Landscape REDD project(old),ZeroMission AB- Plan Vivo,Fraktus AB,Plan Vivo,REDD,265,PVC (tCO2e),UNIT
27 Dec 2016,2009,Scolel té Natural Resources Management and Carbon Sequestration Project (Scolel té Natural Resources Management and Carbon Sequestration Project),ZeroMission AB- Plan Vivo,,Plan Vivo,Forest,4,PVC (tCO2e),UNIT
27 Dec 2016,2009,Scolel té Natural Resources Management and Carbon Sequestration Project (Scolel té Natural Resources Management and Carbon Sequestration Project),ZeroMission AB- Plan Vivo,,Plan Vivo,Forest,6,PVC (tCO2e),UNIT
13 Aug 2021,2020,Trees for Global Benefits,ZeroMission AB- Plan Vivo,Antalis,Plan Vivo,Afforestation / Reforestation,"1,590",PVC (tCO2e),UNIT
13 Aug 2021,2020,Trees for Global Benefits,ZeroMission AB- Plan Vivo,Arla Eko,Plan Vivo,Afforestation / Reforestation,"50,000",PVC (tCO2e),UNIT
13 Aug 2021,2020,Trees for Global Benefits,ZeroMission AB- Plan Vivo,Embedded Artists,Plan Vivo,Afforestation / Reforestation,77,PVC (tCO2e),UNIT
13 Aug 2021,2020,Trees for Global Benefits,ZeroMission AB- Plan Vivo,Ecometrica,Plan Vivo,Afforestation / Reforestation,200,PVC (tCO2e),UNIT
27 Dec 2016,2009,Scolel té Natural Resources Management and Carbon Sequestration Project (Scolel té Natural Resources Management and Carbon Sequestration Project),ZeroMission AB- Plan Vivo,,Plan Vivo,Forest,18,PVC (tCO2e),UNIT
27 Dec 2016,2009,Scolel té Natural Resources Management and Carbon Sequestration Project (Scolel té Natural Resources Management and Carbon Sequestration Project),ZeroMission AB- Plan Vivo,,Plan Vivo,Forest,511,PVC (tCO2e),UNIT
10 Aug 2021,2015 - 2018,Durian Rambun,ZeroMission AB- Plan Vivo,Air Liquide Gas AB,Plan Vivo,REDD,11,PVC (tCO2e),UNIT
10 Aug 2021,2014,Durian Rambun,ZeroMission AB- Plan Vivo,O. Kavli AB,Plan Vivo,REDD,470,PVC (tCO2e),UNIT
10 Aug 2021,2016 - 2017,"Pasture Conservation and Climate Action , Mongolia",ZeroMission AB- Plan Vivo,Tiger of Sweden,Plan Vivo,Agriculture land management,64,PVC (tCO2e),UNIT
10 Aug 2021,2016 - 2017,"Pasture Conservation and Climate Action , Mongolia",ZeroMission AB- Plan Vivo,Probi AB,Plan Vivo,Agriculture land management,88,PVC (tCO2e),UNIT
10 Aug 2021,2019 - 2020,The CommuniTree Carbon Program (formerly Limay Community Carbon Project),ZeroMission AB- Plan Vivo,Eterne AB,Plan Vivo,Forest,47,PVC (tCO2e),UNIT
10 Aug 2021,2019 - 2020,The CommuniTree Carbon Program (formerly Limay Community Carbon Project),ZeroMission AB- Plan Vivo,Movare AB,Plan Vivo,Forest,46,PVC (tCO2e),UNIT
05 Jan 2023,2021,Scolel té Natural Resources Management and Carbon Sequestration Project (Scolel té Natural Resources Management and Carbon Sequestration Project),ZeroMission AB- Plan Vivo,Max Poland Sp. Zo.o,Plan Vivo,Afforestation / Reforestation,498,PVC (tCO2e),UNIT
05 Jan 2023,2021,Scolel té Natural Resources Management and Carbon Sequestration Project (Scolel té Natural Resources Management and Carbon Sequestration Project),ZeroMission AB- Plan Vivo,Ekobanken,Plan Vivo,Afforestation / Reforestation,3,PVC (tCO2e),UNIT
05 Jan 2023,2021,Scolel té Natural Resources Management and Carbon Sequestration Project (Scolel té Natural Resources Management and Carbon Sequestration Project),ZeroMission AB- Plan Vivo,Fokus fotoresor i Sverige AB,Plan Vivo,Afforestation / Reforestation,8,PVC (tCO2e),UNIT
05 Jan 2023,2021,Scolel té Natural Resources Management and Carbon Sequestration Project (Scolel té Natural Resources Management and Carbon Sequestration Project),ZeroMission AB- Plan Vivo,Smiling Faces AB,Plan Vivo,Afforestation / Reforestation,523,PVC (tCO2e),UNIT
05 Jan 2023,2021,Scolel té Natural Resources Management and Carbon Sequestration Project (Scolel té Natural Resources Management and Carbon Sequestration Project),ZeroMission AB- Plan Vivo,The Absolut Company,Plan Vivo,Afforestation / Reforestation,"1,161",PVC (tCO2e),UNIT
05 Jan 2023,2021,Scolel té Natural Resources Management and Carbon Sequestration Project (Scolel té Natural Resources Management and Carbon Sequestration Project),ZeroMission AB- Plan Vivo,Fokus fotoresor i Sverige AB,Plan Vivo,Afforestation / Reforestation,36,PVC (tCO2e),UNIT
05 Jan 2023,2018,Khasi Hills Community REDD+ Project: Restoring and Conserving Meghalaya's Hill ForestsThrough Community Action,ZeroMission AB- Plan Vivo,Hyresgästföreningen,Plan Vivo,REDD,14,PVC (tCO2e),UNIT
05 Jan 2023,2018,Khasi Hills Community REDD+ Project: Restoring and Conserving Meghalaya's Hill ForestsThrough Community Action,ZeroMission AB- Plan Vivo,Kombucheriet AB,Plan Vivo,REDD,30,PVC (tCO2e),UNIT
05 Jan 2023,2018,Khasi Hills Community REDD+ Project: Restoring and Conserving Meghalaya's Hill ForestsThrough Community Action,ZeroMission AB- Plan Vivo,Kombucheriet AB,Plan Vivo,REDD,40,PVC (tCO2e),UNIT
05 Jan 2023,2021,Khasi Hills Community REDD+ Project: Restoring and Conserving Meghalaya's Hill ForestsThrough Community Action,ZeroMission AB- Plan Vivo,Presentkakan,Plan Vivo,REDD,"4,075",PVC (tCO2e),UNIT
05 Jan 2023,2021,Khasi Hills Community REDD+ Project: Restoring and Conserving Meghalaya's Hill ForestsThrough Community Action,ZeroMission AB- Plan Vivo,Cary Group AB,Plan Vivo,REDD,"4,000",PVC (tCO2e),UNIT
05 Jan 2023,2021,Khasi Hills Community REDD+ Project: Restoring and Conserving Meghalaya's Hill ForestsThrough Community Action,ZeroMission AB- Plan Vivo,Reachlog,Plan Vivo,REDD,12,PVC (tCO2e),UNIT
12 Jan 2023,2020 - 2021,The Yaeda-Eyasi Landscape REDD project(old),ZeroMission AB- Plan Vivo,Naturvetarna,Plan Vivo,REDD,17,PVC (tCO2e),UNIT
12 Jan 2023,2020 - 2021,The Yaeda-Eyasi Landscape REDD project(old),ZeroMission AB- Plan Vivo,Bengt Dahlgren AB,Plan Vivo,REDD,164,PVC (tCO2e),UNIT
12 Jan 2023,2020 - 2021,The Yaeda-Eyasi Landscape REDD project(old),ZeroMission AB- Plan Vivo,Äventyrsresor,Plan Vivo,REDD,81,PVC (tCO2e),UNIT
13 Sep 2024,2023,The CommuniTree Carbon Program (formerly Limay Community Carbon Project),ZeroMission AB- Plan Vivo,Saltå Kvarn Aktiebolag,Plan Vivo,Forest,110,PVC (tCO2e),UNIT
13 Sep 2024,2023,The CommuniTree Carbon Program (formerly Limay Community Carbon Project),ZeroMission AB- Plan Vivo,Eggen Dental AS,Plan Vivo,Forest,4,PVC (tCO2e),UNIT
13 Sep 2024,2023,The CommuniTree Carbon Program (formerly Limay Community Carbon Project),ZeroMission AB- Plan Vivo,Opus Bilprovning AB,Plan Vivo,Forest,"2,156",PVC (tCO2e),UNIT
11 Jul 2017,2014,Trees of Hope,ZeroMission AB- Plan Vivo,,Plan Vivo,Afforestation / Reforestation,39,PVC (tCO2e),UNIT
11 Jul 2017,2014,Trees of Hope,ZeroMission AB- Plan Vivo,,Plan Vivo,Afforestation / Reforestation,33,PVC (tCO2e),UNIT
11 Jul 2017,2014,Trees of Hope,ZeroMission AB- Plan Vivo,,Plan Vivo,Afforestation / Reforestation,30,PVC (tCO2e),UNIT
18 Feb 2014,2012,Hiniduma Biolink Project,ZeroMission AB- Plan Vivo,,Plan Vivo,Afforestation / Reforestation,68,PVC (tCO2e),UNIT
11 Jul 2017,2014,Trees of Hope,ZeroMission AB- Plan Vivo,,Plan Vivo,Afforestation / Reforestation,16,PVC (tCO2e),UNIT
07 Jan 2019,2015,Scolel té Natural Resources Management and Carbon Sequestration Project (Scolel té Natural Resources Management and Carbon Sequestration Project),ZeroMission AB- Plan Vivo,Vision,Plan Vivo,Afforestation / Reforestation,1,PVC (tCO2e),UNIT
27 Nov 2017,2016,Scolel té Natural Resources Management and Carbon Sequestration Project (Scolel té Natural Resources Management and Carbon Sequestration Project),ZeroMission AB- Plan Vivo,,Plan Vivo,Afforestation / Reforestation,"2,559",PVC (tCO2e),UNIT
23 Jun 2020,2019 - 2020,The Yaeda-Eyasi Landscape REDD project(old),ZeroMission AB- Plan Vivo,Stureplansgruppen Event AB,Plan Vivo,REDD,91,PVC (tCO2e),UNIT
23 Jun 2020,2018,Scolel té Natural Resources Management and Carbon Sequestration Project (Scolel té Natural Resources Management and Carbon Sequestration Project),ZeroMission AB- Plan Vivo,Private person,Plan Vivo,Afforestation / Reforestation,20,PVC (tCO2e),UNIT
23 Dec 2020,2019,ArBolivia,ZeroMission AB- Plan Vivo,Golvkedjan,Plan Vivo,Afforestation / Reforestation,"1,538",PVC (tCO2e),UNIT
27 Nov 2017,2015,Scolel té Natural Resources Management and Carbon Sequestration Project (Scolel té Natural Resources Management and Carbon Sequestration Project),ZeroMission AB- Plan Vivo,,Plan Vivo,Afforestation / Reforestation,600,PVC (tCO2e),UNIT
27 Nov 2017,2015,Scolel té Natural Resources Management and Carbon Sequestration Project (Scolel té Natural Resources Management and Carbon Sequestration Project),ZeroMission AB- Plan Vivo,,Plan Vivo,Afforestation / Reforestation,"1,201",PVC (tCO2e),UNIT
07 Feb 2014,2013,The CommuniTree Carbon Program (formerly Limay Community Carbon Project),ZeroMission AB- Plan Vivo,,Plan Vivo,Forest,42,PVC (tCO2e),UNIT
07 Feb 2014,2013,The CommuniTree Carbon Program (formerly Limay Community Carbon Project),ZeroMission AB- Plan Vivo,,Plan Vivo,Forest,80,PVC (tCO2e),UNIT
07 Feb 2014,2013,The CommuniTree Carbon Program (formerly Limay Community Carbon Project),ZeroMission AB- Plan Vivo,,Plan Vivo,Forest,106,PVC (tCO2e),UNIT
07 Feb 2014,2013,The CommuniTree Carbon Program (formerly Limay Community Carbon Project),ZeroMission AB- Plan Vivo,,Plan Vivo,Forest,125,PVC (tCO2e),UNIT
07 Feb 2014,2013,The CommuniTree Carbon Program (formerly Limay Community Carbon Project),ZeroMission AB- Plan Vivo,,Plan Vivo,Forest,79,PVC (tCO2e),UNIT
07 Feb 2014,2013,The CommuniTree Carbon Program (formerly Limay Community Carbon Project),ZeroMission AB- Plan Vivo,,Plan Vivo,Forest,456,PVC (tCO2e),UNIT
07 Feb 2014,2013,The CommuniTree Carbon Program (formerly Limay Community Carbon Project),ZeroMission AB- Plan Vivo,,Plan Vivo,Forest,"7,346",PVC (tCO2e),UNIT
07 Feb 2014,2013,The CommuniTree Carbon Program (formerly Limay Community Carbon Project),ZeroMission AB- Plan Vivo,,Plan Vivo,Forest,"10,463",PVC (tCO2e),UNIT
07 Feb 2014,2013,The CommuniTree Carbon Program (formerly Limay Community Carbon Project),ZeroMission AB- Plan Vivo,,Plan Vivo,Forest,404,PVC (tCO2e),UNIT
07 Feb 2014,2013,The CommuniTree Carbon Program (formerly Limay Community Carbon Project),ZeroMission AB- Plan Vivo,,Plan Vivo,Forest,209,PVC (tCO2e),UNIT
07 Feb 2014,2013,The CommuniTree Carbon Program (formerly Limay Community Carbon Project),ZeroMission AB- Plan Vivo,,Plan Vivo,Forest,"1,982",PVC (tCO2e),UNIT
18 Feb 2014,2011,ArBolivia,ZeroMission AB- Plan Vivo,,Plan Vivo,Afforestation / Reforestation,"2,044",PVC (tCO2e),UNIT
18 Feb 2014,2011,ArBolivia,ZeroMission AB- Plan Vivo,,Plan Vivo,Afforestation / Reforestation,253,PVC (tCO2e),UNIT
29 Apr 2014,2013,The CommuniTree Carbon Program (formerly Limay Community Carbon Project),ZeroMission AB- Plan Vivo,,Plan Vivo,Forest,"2,207",PVC (tCO2e),UNIT
28 Dec 2016,2012,Scolel té Natural Resources Management and Carbon Sequestration Project (Scolel té Natural Resources Management and Carbon Sequestration Project),ZeroMission AB- Plan Vivo,,Plan Vivo,Afforestation / Reforestation,56,PVC (tCO2e),UNIT
22 Aug 2018,2016 - 2017,The CommuniTree Carbon Program (formerly Limay Community Carbon Project),ZeroMission AB- Plan Vivo,Maria Nila AB,Plan Vivo,Forest,"1,085",PVC (tCO2e),UNIT
12 Apr 2021,2020,ArBolivia,ZeroMission AB- Plan Vivo,BRABO,Plan Vivo,Afforestation / Reforestation,"4,920",PVC (tCO2e),UNIT
12 Apr 2021,2020,ArBolivia,ZeroMission AB- Plan Vivo,Opus Bilprovning,Plan Vivo,Afforestation / Reforestation,"1,950",PVC (tCO2e),UNIT
12 Apr 2021,2020,ArBolivia,ZeroMission AB- Plan Vivo,HS Certifiering,Plan Vivo,Afforestation / Reforestation,92,PVC (tCO2e),UNIT
12 Apr 2021,2020,ArBolivia,ZeroMission AB- Plan Vivo,Saltå Kvarn,Plan Vivo,Afforestation / Reforestation,848,PVC (tCO2e),UNIT
12 Apr 2021,2018,ArBolivia,ZeroMission AB- Plan Vivo,Fraktus,Plan Vivo,Afforestation / Reforestation,1,PVC (tCO2e),UNIT
12 Apr 2021,2016,Khasi Hills Community REDD+ Project: Restoring and Conserving Meghalaya's Hill ForestsThrough Community Action,ZeroMission AB- Plan Vivo,Hyresgästföreningen,Plan Vivo,REDD,13,PVC (tCO2e),UNIT
12 Apr 2021,2016,Khasi Hills Community REDD+ Project: Restoring and Conserving Meghalaya's Hill ForestsThrough Community Action,ZeroMission AB- Plan Vivo,Brigbys,Plan Vivo,REDD,50,PVC (tCO2e),UNIT
12 Apr 2021,2019,Khasi Hills Community REDD+ Project: Restoring and Conserving Meghalaya's Hill ForestsThrough Community Action,ZeroMission AB- Plan Vivo,Academic Work,Plan Vivo,REDD,"1,897",PVC (tCO2e),UNIT
12 Apr 2021,2018,Khasi Hills Community REDD+ Project: Restoring and Conserving Meghalaya's Hill ForestsThrough Community Action,ZeroMission AB- Plan Vivo,Pelle Halling,Plan Vivo,REDD,97,PVC (tCO2e),UNIT
12 Apr 2021,2018,Khasi Hills Community REDD+ Project: Restoring and Conserving Meghalaya's Hill ForestsThrough Community Action,ZeroMission AB- Plan Vivo,Kombucheriet AB,Plan Vivo,REDD,5,PVC (tCO2e),UNIT
12 Apr 2021,2017,Mikoko Pamoja,ZeroMission AB- Plan Vivo,U&We,Plan Vivo,Forest Conservation & Avoided Deforestation,41,PVC (tCO2e),UNIT
12 Apr 2021,2017,Mikoko Pamoja,ZeroMission AB- Plan Vivo,GEP Communication Group AB,Plan Vivo,Forest Conservation & Avoided Deforestation,35,PVC (tCO2e),UNIT
14 Aug 2024,2022,gula gula food forest program,ZeroMission AB- Plan Vivo,Sellhelp AB,Plan Vivo,Afforestation / Reforestation,750,PVC (tCO2e),UNIT
03 Jul 2017,2011,Emiti Nibwo Bulora,ZeroMission AB- Plan Vivo,,Plan Vivo,Afforestation / Reforestation,115,PVC (tCO2e),UNIT
12 Jan 2023,2021,Vanga Blue Forest,ZeroMission AB- Plan Vivo,Returab,Plan Vivo,Forest Conservation & Avoided Deforestation,42,PVC (tCO2e),UNIT
12 Jan 2023,2021,Vanga Blue Forest,ZeroMission AB- Plan Vivo,Menigo Foodservice AB,Plan Vivo,Forest Conservation & Avoided Deforestation,"1,000",PVC (tCO2e),UNIT
12 Jan 2023,2021,Vanga Blue Forest,ZeroMission AB- Plan Vivo,Department,Plan Vivo,Forest Conservation & Avoided Deforestation,20,PVC (tCO2e),UNIT
12 Jan 2023,2021,gula gula food forest program,ZeroMission AB- Plan Vivo,Warner Music Denmark,Plan Vivo,Afforestation / Reforestation,138,PVC (tCO2e),UNIT
12 Jan 2023,2021,gula gula food forest program,ZeroMission AB- Plan Vivo,Cary Group AB,Plan Vivo,Afforestation / Reforestation,"1,000",PVC (tCO2e),UNIT
12 Jan 2023,2021,gula gula food forest program,ZeroMission AB- Plan Vivo,Vinga Sweden,Plan Vivo,Afforestation / Reforestation,136,PVC (tCO2e),UNIT
12 Jan 2023,2021,gula gula food forest program,ZeroMission AB- Plan Vivo,Stockholm Exergi,Plan Vivo,Afforestation / Reforestation,4,PVC (tCO2e),UNIT
07 Feb 2014,2013,The CommuniTree Carbon Program (formerly Limay Community Carbon Project),ZeroMission AB- Plan Vivo,,Plan Vivo,Forest,106,PVC (tCO2e),UNIT
07 Feb 2014,2013,The CommuniTree Carbon Program (formerly Limay Community Carbon Project),ZeroMission AB- Plan Vivo,,Plan Vivo,Forest,80,PVC (tCO2e),UNIT
07 Feb 2014,2013,The CommuniTree Carbon Program (formerly Limay Community Carbon Project),ZeroMission AB- Plan Vivo,,Plan Vivo,Forest,42,PVC (tCO2e),UNIT
07 Feb 2014,2013,The CommuniTree Carbon Program (formerly Limay Community Carbon Project),ZeroMission AB- Plan Vivo,,Plan Vivo,Forest,400,PVC (tCO2e),UNIT
07 Feb 2014,2013,The CommuniTree Carbon Program (formerly Limay Community Carbon Project),ZeroMission AB- Plan Vivo,,Plan Vivo,Forest,"4,000",PVC (tCO2e),UNIT
23 Feb 2023,2021,The CommuniTree Carbon Program (formerly Limay Community Carbon Project),ZeroMission AB- Plan Vivo,Arvid Nordquist (kaffe),Plan Vivo,Forest,"2,023",PVC (tCO2e),UNIT
07 Feb 2014,2013,The CommuniTree Carbon Program (formerly Limay Community Carbon Project),ZeroMission AB- Plan Vivo,,Plan Vivo,Forest,147,PVC (tCO2e),UNIT
12 Jun 2023,2022,The CommuniTree Carbon Program (formerly Limay Community Carbon Project),ZeroMission AB- Plan Vivo,Consilium Safety Group AB,Plan Vivo,Forest,673,PVC (tCO2e),UNIT
04 Jan 2023,2021,ArBolivia,ZeroMission AB- Plan Vivo,Norvida,Plan Vivo,Afforestation / Reforestation,781,PVC (tCO2e),UNIT
04 Jan 2023,2021,ArBolivia,ZeroMission AB- Plan Vivo,Wigg family,Plan Vivo,Afforestation / Reforestation,20,PVC (tCO2e),UNIT
04 Jan 2023,2021,ArBolivia,ZeroMission AB- Plan Vivo,GodDryck,Plan Vivo,Afforestation / Reforestation,775,PVC (tCO2e),UNIT
04 Jan 2023,2021,ArBolivia,ZeroMission AB- Plan Vivo,Urbio,Plan Vivo,Afforestation / Reforestation,160,PVC (tCO2e),UNIT
04 Jan 2023,2021,ArBolivia,ZeroMission AB- Plan Vivo,Norvida,Plan Vivo,Afforestation / Reforestation,756,PVC (tCO2e),UNIT
04 Jan 2023,2021,ArBolivia,ZeroMission AB- Plan Vivo,Norvida,Plan Vivo,Afforestation / Reforestation,678,PVC (tCO2e),UNIT
04 Jan 2023,2021,ArBolivia,ZeroMission AB- Plan Vivo,SKL Kommentus,Plan Vivo,Afforestation / Reforestation,18,PVC (tCO2e),UNIT
04 Jan 2023,2021,ArBolivia,ZeroMission AB- Plan Vivo,Nordnet AB,Plan Vivo,Afforestation / Reforestation,176,PVC (tCO2e),UNIT
04 Jan 2023,2021,ArBolivia,ZeroMission AB- Plan Vivo,MVR Service AB,Plan Vivo,Afforestation / Reforestation,6,PVC (tCO2e),UNIT
04 Jan 2023,2021,ArBolivia,ZeroMission AB- Plan Vivo,Länsförsäkringar Jönköping,Plan Vivo,Afforestation / Reforestation,157,PVC (tCO2e),UNIT
04 Jan 2023,2021,ArBolivia,ZeroMission AB- Plan Vivo,BRABO,Plan Vivo,Afforestation / Reforestation,"4,590",PVC (tCO2e),UNIT
04 Jan 2023,2021,ArBolivia,ZeroMission AB- Plan Vivo,Saltå Kvarn,Plan Vivo,Afforestation / Reforestation,612,PVC (tCO2e),UNIT
04 Jan 2023,2021,ArBolivia,ZeroMission AB- Plan Vivo,Mattsons Fastighetsutveckling AB,Plan Vivo,Afforestation / Reforestation,"1,075",PVC (tCO2e),UNIT
04 Jan 2023,2021,ArBolivia,ZeroMission AB- Plan Vivo,Printpool och Kapero,Plan Vivo,Afforestation / Reforestation,138,PVC (tCO2e),UNIT
04 Jan 2023,2021,ArBolivia,ZeroMission AB- Plan Vivo,Norvida AB,Plan Vivo,Afforestation / Reforestation,656,PVC (tCO2e),UNIT
27 Mar 2024,2022,Trees for Global Benefits,ZeroMission AB- Plan Vivo,Louise Ungerth,Plan Vivo,Afforestation / Reforestation,26,PVC (tCO2e),UNIT
27 Mar 2024,2022,Trees for Global Benefits,ZeroMission AB- Plan Vivo,Fraktus AB,Plan Vivo,Afforestation / Reforestation,320,PVC (tCO2e),UNIT
27 Mar 2024,2022,Trees for Global Benefits,ZeroMission AB- Plan Vivo,Stanley Ekros,Plan Vivo,Afforestation / Reforestation,5,PVC (tCO2e),UNIT
04 Apr 2024,2022,Trees for Global Benefits,ZeroMission AB- Plan Vivo,Cary Group AB,Plan Vivo,Afforestation / Reforestation,"20,000",PVC (tCO2e),UNIT
14 Nov 2025,2022,ArBolivia,ZeroMission AB- Plan Vivo,Norvida AB,Plan Vivo,Afforestation / Reforestation,2,PVC (tCO2e),UNIT
09 Apr 2025,2022,Trees for Global Benefits,ZeroMission AB- Plan Vivo,Mattssons Fastighetsutveckling AB,Plan Vivo,Afforestation / Reforestation,103,PVC (tCO2e),UNIT
04 Apr 2024,2022,ArBolivia,ZeroMission AB- Plan Vivo,Cary Group AB,Plan Vivo,Afforestation / Reforestation,"1,729",PVC (tCO2e),UNIT
04 Apr 2024,2022,ArBolivia,ZeroMission AB- Plan Vivo,Norvida AB,Plan Vivo,Afforestation / Reforestation,"9,906",PVC (tCO2e),UNIT
04 Apr 2024,2022,ArBolivia,ZeroMission AB- Plan Vivo,Opus Bilprovning AB,Plan Vivo,Afforestation / Reforestation,"1,074",PVC (tCO2e),UNIT
04 Apr 2024,2022,ArBolivia,ZeroMission AB- Plan Vivo,Opus Bilprovning AB,Plan Vivo,Afforestation / Reforestation,"1,375",PVC (tCO2e),UNIT
04 Apr 2024,2022,ArBolivia,ZeroMission AB- Plan Vivo,Cary Group AB,Plan Vivo,Afforestation / Reforestation,"4,500",PVC (tCO2e),UNIT
04 Apr 2024,2022,ArBolivia,ZeroMission AB- Plan Vivo,Adda AB,Plan Vivo,Afforestation / Reforestation,157,PVC (tCO2e),UNIT
04 Apr 2024,2022,ArBolivia,ZeroMission AB- Plan Vivo,Saltå Kvarn AB,Plan Vivo,Afforestation / Reforestation,380,PVC (tCO2e),UNIT
04 Apr 2024,2022,ArBolivia,ZeroMission AB- Plan Vivo,Opus Bilprovning AB,Plan Vivo,Afforestation / Reforestation,"1,375",PVC (tCO2e),UNIT
04 Apr 2024,2022,ArBolivia,ZeroMission AB- Plan Vivo,Brabo AB Stockholm,Plan Vivo,Afforestation / Reforestation,"3,270",PVC (tCO2e),UNIT
05 Jan 2023,2020,Khasi Hills Community REDD+ Project: Restoring and Conserving Meghalaya's Hill ForestsThrough Community Action,ZeroMission AB- Plan Vivo,Presentkakan,Plan Vivo,REDD,90,PVC (tCO2e),UNIT
06 Sep 2021,2017,Mikoko Pamoja,ZeroMission AB- Plan Vivo,Brid,Plan Vivo,Forest Conservation & Avoided Deforestation,15,PVC (tCO2e),UNIT
07 Oct 2021,2014,Bujang Raba Community PES Project,ZeroMission AB- Plan Vivo,Kivra,Plan Vivo,REDD,245,PVC (tCO2e),UNIT
07 Oct 2021,2014,Bujang Raba Community PES Project,ZeroMission AB- Plan Vivo,FoodTankers,Plan Vivo,REDD,22,PVC (tCO2e),UNIT
07 Oct 2021,2014,Bujang Raba Community PES Project,ZeroMission AB- Plan Vivo,SRAT,Plan Vivo,REDD,9,PVC (tCO2e),UNIT
20 Apr 2022,2020,Trees for Global Benefits,ZeroMission AB- Plan Vivo,Cary Group AB,Plan Vivo,Afforestation / Reforestation,344,PVC (tCO2e),UNIT
20 Apr 2022,2020,Trees for Global Benefits,ZeroMission AB- Plan Vivo,Antalis,Plan Vivo,Afforestation / Reforestation,"1,850",PVC (tCO2e),UNIT
28 Oct 2021,2020,Trees for Global Benefits,ZeroMission AB- Plan Vivo,Arla Eko,Plan Vivo,Afforestation / Reforestation,"50,000",PVC (tCO2e),UNIT
05 Jan 2023,2020,Scolel té Natural Resources Management and Carbon Sequestration Project (Scolel té Natural Resources Management and Carbon Sequestration Project),ZeroMission AB- Plan Vivo,Convini,Plan Vivo,Afforestation / Reforestation,1,PVC (tCO2e),UNIT
17 Dec 2021,2020,Scolel té Natural Resources Management and Carbon Sequestration Project (Scolel té Natural Resources Management and Carbon Sequestration Project),ZeroMission AB- Plan Vivo,MAX Norway AB,Plan Vivo,Afforestation / Reforestation,751,PVC (tCO2e),UNIT
09 Apr 2025,2022 - 2023,The Yaeda-Eyasi Landscape REDD project,ZeroMission AB- Plan Vivo,Bengt Dahlgren Karlstad,Plan Vivo,REDD,5,PVC (tCO2e),UNIT
09 Apr 2025,2022 - 2023,The Yaeda-Eyasi Landscape REDD project,ZeroMission AB- Plan Vivo,Meetx,Plan Vivo,REDD,92,PVC (tCO2e),UNIT
09 Apr 2025,2022 - 2023,The Yaeda-Eyasi Landscape REDD project,ZeroMission AB- Plan Vivo,Äventyrsresor,Plan Vivo,REDD,413,PVC (tCO2e),UNIT
09 Apr 2025,2022 - 2023,The Yaeda-Eyasi Landscape REDD project,ZeroMission AB- Plan Vivo,Fastighets AB Stenvalvet,Plan Vivo,REDD,143,PVC (tCO2e),UNIT
09 Apr 2025,2018 - 2019,Drawa Rainforest Carbon Project,ZeroMission AB- Plan Vivo,Kivra AB,Plan Vivo,Improved forest management,165,PVC (tCO2e),UNIT
10 Aug 2021,2019 - 2020,The CommuniTree Carbon Program (formerly Limay Community Carbon Project),ZeroMission AB- Plan Vivo,Nordsvets i Göteborg AB (Järnmalmer),Plan Vivo,Forest,5,PVC (tCO2e),UNIT
10 Aug 2021,2019 - 2020,The CommuniTree Carbon Program (formerly Limay Community Carbon Project),ZeroMission AB- Plan Vivo,Plåtspressning AB (Järnmalmer),Plan Vivo,Forest,7,PVC (tCO2e),UNIT
10 Aug 2021,2019 - 2020,The CommuniTree Carbon Program (formerly Limay Community Carbon Project),ZeroMission AB- Plan Vivo,Jahwa Fikaservice,Plan Vivo,Forest,127,PVC (tCO2e),UNIT
10 Aug 2021,2019 - 2020,The CommuniTree Carbon Program (formerly Limay Community Carbon Project),ZeroMission AB- Plan Vivo,Maria Nila,Plan Vivo,Forest,"1,000",PVC (tCO2e),UNIT
10 Aug 2021,2019 - 2020,The CommuniTree Carbon Program (formerly Limay Community Carbon Project),ZeroMission AB- Plan Vivo,Johan Hagström,Plan Vivo,Forest,28,PVC (tCO2e),UNIT
10 Aug 2021,2019 - 2020,The CommuniTree Carbon Program (formerly Limay Community Carbon Project),ZeroMission AB- Plan Vivo,Airmee,Plan Vivo,Forest,850,PVC (tCO2e),UNIT
10 Aug 2021,2019 - 2020,The CommuniTree Carbon Program (formerly Limay Community Carbon Project),ZeroMission AB- Plan Vivo,Fontana Food AB,Plan Vivo,Forest,110,PVC (tCO2e),UNIT
10 Aug 2021,2019 - 2020,The CommuniTree Carbon Program (formerly Limay Community Carbon Project),ZeroMission AB- Plan Vivo,Cary Group AB,Plan Vivo,Forest,"1,218",PVC (tCO2e),UNIT
10 Aug 2021,2019 - 2020,The CommuniTree Carbon Program (formerly Limay Community Carbon Project),ZeroMission AB- Plan Vivo,Jobmeal Gävle,Plan Vivo,Forest,73,PVC (tCO2e),UNIT
13 Aug 2021,2020,Trees for Global Benefits,ZeroMission AB- Plan Vivo,MAX Norway AS,Plan Vivo,Afforestation / Reforestation,"1,562",PVC (tCO2e),UNIT
13 Aug 2021,2020,Trees for Global Benefits,ZeroMission AB- Plan Vivo,Fruktbudet i Norden AB,Plan Vivo,Afforestation / Reforestation,233,PVC (tCO2e),UNIT
13 Aug 2021,2020,Trees for Global Benefits,ZeroMission AB- Plan Vivo,Privatperson,Plan Vivo,Afforestation / Reforestation,20,PVC (tCO2e),UNIT
13 Aug 2021,2020,Trees for Global Benefits,ZeroMission AB- Plan Vivo,Privatperson,Plan Vivo,Afforestation / Reforestation,20,PVC (tCO2e),UNIT
13 Aug 2021,2020,Trees for Global Benefits,ZeroMission AB- Plan Vivo,Ledarna,Plan Vivo,Afforestation / Reforestation,260,PVC (tCO2e),UNIT
13 Aug 2021,2020,Trees for Global Benefits,ZeroMission AB- Plan Vivo,Curt Bergfors,Plan Vivo,Afforestation / Reforestation,305,PVC (tCO2e),UNIT
12 Jan 2023,2014,Bujang Raba Community PES Project,ZeroMission AB- Plan Vivo,Miljöförvaltningen Malmö,Plan Vivo,REDD,10,PVC (tCO2e),UNIT
12 Jan 2023,2014,Bujang Raba Community PES Project,ZeroMission AB- Plan Vivo,SRAT,Plan Vivo,REDD,13,PVC (tCO2e),UNIT
12 Jan 2023,2014,Durian Rambun,ZeroMission AB- Plan Vivo,Menigo Foodservice AB,Plan Vivo,REDD,"3,000",PVC (tCO2e),UNIT
12 Jan 2023,2021,Vanga Blue Forest,ZeroMission AB- Plan Vivo,Returab,Plan Vivo,Forest Conservation & Avoided Deforestation,42,PVC (tCO2e),UNIT
12 Jan 2023,2021,Vanga Blue Forest,ZeroMission AB- Plan Vivo,Menigo Foodservice AB,Plan Vivo,Forest Conservation & Avoided Deforestation,"1,000",PVC (tCO2e),UNIT
12 Jan 2023,2021,Vanga Blue Forest,ZeroMission AB- Plan Vivo,Department,Plan Vivo,Forest Conservation & Avoided Deforestation,20,PVC (tCO2e),UNIT
12 Jan 2023,2021,gula gula food forest program,ZeroMission AB- Plan Vivo,Warner Music Denmark,Plan Vivo,Afforestation / Reforestation,138,PVC (tCO2e),UNIT
12 Jan 2023,2021,gula gula food forest program,ZeroMission AB- Plan Vivo,Cary Group AB,Plan Vivo,Afforestation / Reforestation,"1,000",PVC (tCO2e),UNIT
12 Jan 2023,2021,gula gula food forest program,ZeroMission AB- Plan Vivo,Vinga Sweden,Plan Vivo,Afforestation / Reforestation,136,PVC (tCO2e),UNIT
12 Jan 2023,2021,gula gula food forest program,ZeroMission AB- Plan Vivo,Stockholm Exergi,Plan Vivo,Afforestation / Reforestation,4,PVC (tCO2e),UNIT
04 Mar 2026,2023,The CommuniTree Carbon Program (formerly Limay Community Carbon Project),ZeroMission AB- Plan Vivo,GH Service AB Mur & Mark,Plan Vivo,Forest,7,PVC (tCO2e),UNIT
04 Mar 2026,2023,The CommuniTree Carbon Program (formerly Limay Community Carbon Project),ZeroMission AB- Plan Vivo,Menigo Foodservice A,Plan Vivo,Forest,"3,000",PVC (tCO2e),UNIT
23 Feb 2023,2021,The CommuniTree Carbon Program (formerly Limay Community Carbon Project),ZeroMission AB- Plan Vivo,Arvid Nordquist (kaffe),Plan Vivo,Forest,"2,023",PVC (tCO2e),UNIT
13 Sep 2024,2022,The CommuniTree Carbon Program (formerly Limay Community Carbon Project),ZeroMission AB- Plan Vivo,Sätila of Sweden AB,Plan Vivo,Forest,9,PVC (tCO2e),UNIT
20 Jan 2015,2011,ArBolivia,ZeroMission AB- Plan Vivo,,Plan Vivo,Afforestation / Reforestation,"1,287",PVC (tCO2e),UNIT
13 Sep 2024,2015 - 2016,Drawa Rainforest Carbon Project,ZeroMission AB- Plan Vivo,Kavli Oy,Plan Vivo,Improved forest management,202,PVC (tCO2e),UNIT
10 Sep 2024,2022,The CommuniTree Carbon Program (formerly Limay Community Carbon Project),ZeroMission AB- Plan Vivo,Haveli Investments L.P.,Plan Vivo,Forest,500,PVC (tCO2e),UNIT
20 Dec 2011,2010 - 2011,The CommuniTree Carbon Program (formerly Limay Community Carbon Project),ZeroMission AB- Plan Vivo,,Plan Vivo,Forest,"1,000",PVC (tCO2e),UNIT
24 Nov 2011,2009,Sofala Community Carbon Project (formerly the N'hambita Community Carbon Project),ZeroMission AB- Plan Vivo,,Plan Vivo,Forest,100,PVC (tCO2e),UNIT
15 Feb 2017,2010,Trees of Hope,ZeroMission AB- Plan Vivo,,Plan Vivo,Afforestation / Reforestation,596,PVC (tCO2e),UNIT
28 Dec 2016,2009,Scolel té Natural Resources Management and Carbon Sequestration Project (Scolel té Natural Resources Management and Carbon Sequestration Project),ZeroMission AB- Plan Vivo,,Plan Vivo,Forest,5,PVC (tCO2e),UNIT
05 Nov 2025,2022,Trees for Global Benefits,ZeroMission AB- Plan Vivo,Zeromission AB,Plan Vivo,Afforestation / Reforestation,8,PVC (tCO2e),UNIT
23 May 2024,2022,Khasi Hills Community REDD+ Project: Restoring and Conserving Meghalaya's Hill ForestsThrough Community Action,ZeroMission AB- Plan Vivo,Internet of Planet AB,Plan Vivo,REDD,44,PVC (tCO2e),UNIT
23 May 2024,2022,The CommuniTree Carbon Program (formerly Limay Community Carbon Project),ZeroMission AB- Plan Vivo,Internet of Planet AB,Plan Vivo,Forest,44,PVC (tCO2e),UNIT
19 Apr 2016,2010,ArBolivia,ZeroMission AB- Plan Vivo,,Plan Vivo,Afforestation / Reforestation,1,PVC (tCO2e),UNIT
29 Jun 2018,2010,Sofala Community Carbon Project (formerly the N'hambita Community Carbon Project),ZeroMission AB- Plan Vivo,,Plan Vivo,Forest,73,PVC (tCO2e),UNIT
10 Sep 2024,2022,Mikoko Pamoja,ZeroMission AB- Plan Vivo,CWS Sweden AB,Plan Vivo,Forest Conservation & Avoided Deforestation,120,PVC (tCO2e),UNIT
10 Sep 2024,2023,Mikoko Pamoja,ZeroMission AB- Plan Vivo,Plantvision AB,Plan Vivo,Forest Conservation & Avoided Deforestation,256,PVC (tCO2e),UNIT
10 Sep 2024,2023,Mikoko Pamoja,ZeroMission AB- Plan Vivo,IVL Svenska Miljöinstitutet AB,Plan Vivo,Forest Conservation & Avoided Deforestation,32,PVC (tCO2e),UNIT
10 Sep 2024,2023,Mikoko Pamoja,ZeroMission AB- Plan Vivo,Telinet Energi AB,Plan Vivo,Forest Conservation & Avoided Deforestation,6,PVC (tCO2e),UNIT
12 Jan 2023,2016 - 2017,Drawa Rainforest Carbon Project,ZeroMission AB- Plan Vivo,Nordax Group,Plan Vivo,Improved forest management,509,PVC (tCO2e),UNIT
12 Jan 2023,2016 - 2017,Drawa Rainforest Carbon Project,ZeroMission AB- Plan Vivo,Enjoy Wine & Spirits,Plan Vivo,Improved forest management,"1,551",PVC (tCO2e),UNIT
12 Jan 2023,2016 - 2017,Drawa Rainforest Carbon Project,ZeroMission AB- Plan Vivo,Länsförsäkringar Göteborg och Bohuslän,Plan Vivo,Improved forest management,18,PVC (tCO2e),UNIT
20 Jan 2015,2011,ArBolivia,ZeroMission AB- Plan Vivo,,Plan Vivo,Afforestation / Reforestation,"1,287",PVC (tCO2e),UNIT
12 Jan 2023,2016 - 2017,Drawa Rainforest Carbon Project,ZeroMission AB- Plan Vivo,Kavli Oy,Plan Vivo,Improved forest management,140,PVC (tCO2e),UNIT
12 Jan 2023,2016 - 2017,Drawa Rainforest Carbon Project,ZeroMission AB- Plan Vivo,Kavli Oy,Plan Vivo,Improved forest management,600,PVC (tCO2e),UNIT
12 Jan 2023,2016 - 2017,Drawa Rainforest Carbon Project,ZeroMission AB- Plan Vivo,Länsförsäkringar Jönköping,Plan Vivo,Improved forest management,165,PVC (tCO2e),UNIT
12 Jan 2023,2017 - 2018,Drawa Rainforest Carbon Project,ZeroMission AB- Plan Vivo,Cary Group AB,Plan Vivo,Improved forest management,"7,622",PVC (tCO2e),UNIT
12 Jan 2023,2016 - 2017,Drawa Rainforest Carbon Project,ZeroMission AB- Plan Vivo,Opus Bilprovning,Plan Vivo,Improved forest management,"2,576",PVC (tCO2e),UNIT
15 Dec 2020,2016,Khasi Hills Community REDD+ Project: Restoring and Conserving Meghalaya's Hill ForestsThrough Community Action,ZeroMission AB- Plan Vivo,Reachlog,Plan Vivo,REDD,8,PVC (tCO2e),UNIT
12 Jan 2023,2016 - 2017,Drawa Rainforest Carbon Project,ZeroMission AB- Plan Vivo,Kivra,Plan Vivo,Improved forest management,445,PVC (tCO2e),UNIT
12 Jan 2023,2016 - 2017,Drawa Rainforest Carbon Project,ZeroMission AB- Plan Vivo,Splitvision Design AB,Plan Vivo,Improved forest management,"3,691",PVC (tCO2e),UNIT
12 Jan 2023,2016 - 2017,Drawa Rainforest Carbon Project,ZeroMission AB- Plan Vivo,Holdit,Plan Vivo,Improved forest management,325,PVC (tCO2e),UNIT
12 Jan 2023,2016 - 2017,Drawa Rainforest Carbon Project,ZeroMission AB- Plan Vivo,Enjoy Wine & Spirits,Plan Vivo,Improved forest management,"1,446",PVC (tCO2e),UNIT
12 Jan 2023,2016 - 2017,Drawa Rainforest Carbon Project,ZeroMission AB- Plan Vivo,Länsförsäkringar Göteborg och Bohuslän,Plan Vivo,Improved forest management,191,PVC (tCO2e),UNIT
19 Apr 2016,2010,ArBolivia,ZeroMission AB- Plan Vivo,,Plan Vivo,Afforestation / Reforestation,"1,346",PVC (tCO2e),UNIT
19 Apr 2016,2010,ArBolivia,ZeroMission AB- Plan Vivo,,Plan Vivo,Afforestation / Reforestation,970,PVC (tCO2e),UNIT
19 Apr 2016,2010,ArBolivia,ZeroMission AB- Plan Vivo,,Plan Vivo,Afforestation / Reforestation,791,PVC (tCO2e),UNIT
19 Apr 2016,2011,ArBolivia,ZeroMission AB- Plan Vivo,,Plan Vivo,Afforestation / Reforestation,73,PVC (tCO2e),UNIT
29 Apr 2016,2011,Sofala Community Carbon Project (formerly the N'hambita Community Carbon Project),ZeroMission AB- Plan Vivo,,Plan Vivo,Forest,282,PVC (tCO2e),UNIT
29 Apr 2016,2011,Sofala Community Carbon Project (formerly the N'hambita Community Carbon Project),ZeroMission AB- Plan Vivo,,Plan Vivo,Forest,"3,246",PVC (tCO2e),UNIT
29 Apr 2016,2011,Sofala Community Carbon Project (formerly the N'hambita Community Carbon Project),ZeroMission AB- Plan Vivo,,Plan Vivo,Forest,936,PVC (tCO2e),UNIT
29 Apr 2016,2011,Sofala Community Carbon Project (formerly the N'hambita Community Carbon Project),ZeroMission AB- Plan Vivo,,Plan Vivo,Forest,"1,900",PVC (tCO2e),UNIT
28 Dec 2016,2009,Scolel té Natural Resources Management and Carbon Sequestration Project (Scolel té Natural Resources Management and Carbon Sequestration Project),ZeroMission AB- Plan Vivo,,Plan Vivo,Forest,1,PVC (tCO2e),UNIT
03 Jul 2017,2011,Emiti Nibwo Bulora,ZeroMission AB- Plan Vivo,,Plan Vivo,Afforestation / Reforestation,68,PVC (tCO2e),UNIT
11 Jul 2017,2013,Trees of Hope,ZeroMission AB- Plan Vivo,,Plan Vivo,Afforestation / Reforestation,70,PVC (tCO2e),UNIT
17 Dec 2021,2017,Trees for Global Benefits,ZeroMission AB- Plan Vivo,Arla Eko,Plan Vivo,Afforestation / Reforestation,"2,697",PVC (tCO2e),UNIT
22 Aug 2018,2016 - 2017,The CommuniTree Carbon Program (formerly Limay Community Carbon Project),ZeroMission AB- Plan Vivo,Eterne AB,Plan Vivo,Forest,180,PVC (tCO2e),UNIT
23 Jun 2020,2014,Durian Rambun,ZeroMission AB- Plan Vivo,Warner Music Norge,Plan Vivo,REDD,79,PVC (tCO2e),UNIT
10 Aug 2021,2019,Khasi Hills Community REDD+ Project: Restoring and Conserving Meghalaya's Hill ForestsThrough Community Action,ZeroMission AB- Plan Vivo,Hyresgästföreningen,Plan Vivo,REDD,4,PVC (tCO2e),UNIT
31 Mar 2023,2021,The CommuniTree Carbon Program (formerly Limay Community Carbon Project),ZeroMission AB- Plan Vivo,Plåtspressning AB (Järnmalmer),Plan Vivo,Forest,6,PVC (tCO2e),UNIT
13 Apr 2023,2021,Trees for Global Benefits,ZeroMission AB- Plan Vivo,Max Burgers AB,Plan Vivo,Afforestation / Reforestation,"1,415",PVC (tCO2e),UNIT
13 Apr 2023,2021,Trees for Global Benefits,ZeroMission AB- Plan Vivo,Lövsta Future Challenge Dressage,Plan Vivo,Afforestation / Reforestation,20,PVC (tCO2e),UNIT
13 Apr 2023,2021,Trees for Global Benefits,ZeroMission AB- Plan Vivo,MAX Norway AS,Plan Vivo,Afforestation / Reforestation,293,PVC (tCO2e),UNIT
13 Apr 2023,2021,Trees for Global Benefits,ZeroMission AB- Plan Vivo,Max Poland Sp. Zo.o,Plan Vivo,Afforestation / Reforestation,718,PVC (tCO2e),UNIT
13 Apr 2023,2021,Trees for Global Benefits,ZeroMission AB- Plan Vivo,We Love Burgers AS,Plan Vivo,Afforestation / Reforestation,141,PVC (tCO2e),UNIT
13 Apr 2023,2021,The CommuniTree Carbon Program (formerly Limay Community Carbon Project),ZeroMission AB- Plan Vivo,Cary Group AB,Plan Vivo,Forest,"1,000",PVC (tCO2e),UNIT
13 Apr 2023,2021,Khasi Hills Community REDD+ Project: Restoring and Conserving Meghalaya's Hill ForestsThrough Community Action,ZeroMission AB- Plan Vivo,Cary Group AB,Plan Vivo,REDD,"4,000",PVC (tCO2e),UNIT
13 Apr 2023,2021 - 2022,The Yaeda-Eyasi Landscape REDD project,ZeroMission AB- Plan Vivo,Fraktus AB,Plan Vivo,REDD,236,PVC (tCO2e),UNIT
13 Apr 2023,2017 - 2018,Drawa Rainforest Carbon Project,ZeroMission AB- Plan Vivo,Academic Work,Plan Vivo,Improved forest management,216,PVC (tCO2e),UNIT
13 Apr 2023,2017 - 2018,Drawa Rainforest Carbon Project,ZeroMission AB- Plan Vivo,Splitvision Design AB,Plan Vivo,Improved forest management,"1,077",PVC (tCO2e),UNIT
13 Apr 2023,2017 - 2018,Drawa Rainforest Carbon Project,ZeroMission AB- Plan Vivo,Opus Bilprovning,Plan Vivo,Improved forest management,407,PVC (tCO2e),UNIT
13 Apr 2023,2017 - 2018,Drawa Rainforest Carbon Project,ZeroMission AB- Plan Vivo,Cary Group AB,Plan Vivo,Improved forest management,31,PVC (tCO2e),UNIT
13 Apr 2023,2011 - 2019,HALO VERDE TIMOR COMMUNITY FOREST CARBON,ZeroMission AB- Plan Vivo,Cary Group AB,Plan Vivo,Afforestation / Reforestation,"3,500",PVC (tCO2e),UNIT
13 Apr 2023,2011 - 2019,HALO VERDE TIMOR COMMUNITY FOREST CARBON,ZeroMission AB- Plan Vivo,B-reel,Plan Vivo,Afforestation / Reforestation,87,PVC (tCO2e),UNIT
04 Apr 2024,2022,ArBolivia,ZeroMission AB- Plan Vivo,Opus Bilprovning AB,Plan Vivo,Afforestation / Reforestation,"1,074",PVC (tCO2e),UNIT
04 Apr 2024,2022,ArBolivia,ZeroMission AB- Plan Vivo,Opus Bilprovning AB,Plan Vivo,Afforestation / Reforestation,"1,375",PVC (tCO2e),UNIT
04 Apr 2024,2022,ArBolivia,ZeroMission AB- Plan Vivo,Cary Group AB,Plan Vivo,Afforestation / Reforestation,"4,500",PVC (tCO2e),UNIT
04 Apr 2024,2022,ArBolivia,ZeroMission AB- Plan Vivo,Adda AB,Plan Vivo,Afforestation / Reforestation,157,PVC (tCO2e),UNIT
04 Apr 2024,2022,ArBolivia,ZeroMission AB- Plan Vivo,Saltå Kvarn AB,Plan Vivo,Afforestation / Reforestation,380,PVC (tCO2e),UNIT
04 Apr 2024,2022,ArBolivia,ZeroMission AB- Plan Vivo,Opus Bilprovning AB,Plan Vivo,Afforestation / Reforestation,"1,375",PVC (tCO2e),UNIT
04 Apr 2024,2022,ArBolivia,ZeroMission AB- Plan Vivo,Brabo AB Stockholm,Plan Vivo,Afforestation / Reforestation,"3,270",PVC (tCO2e),UNIT
04 Apr 2024,2022,ArBolivia,ZeroMission AB- Plan Vivo,Haga Norra Projekt AB,Plan Vivo,Afforestation / Reforestation,"3,450",PVC (tCO2e),UNIT
04 Apr 2024,2022,ArBolivia,ZeroMission AB- Plan Vivo,Mattssons Fastighetsutveckling i Stockholm AB,Plan Vivo,Afforestation / Reforestation,"1,044",PVC (tCO2e),UNIT
04 Apr 2024,2022,Trees for Global Benefits,ZeroMission AB- Plan Vivo,Cary Group AB,Plan Vivo,Afforestation / Reforestation,"7,751",PVC (tCO2e),UNIT
04 Apr 2024,2022,Trees for Global Benefits,ZeroMission AB- Plan Vivo,Board International SA,Plan Vivo,Afforestation / Reforestation,"1,264",PVC (tCO2e),UNIT
04 Apr 2024,2022,Trees for Global Benefits,ZeroMission AB- Plan Vivo,Knowit AB,Plan Vivo,Afforestation / Reforestation,"3,284",PVC (tCO2e),UNIT
13 Sep 2024,2015 - 2016,Drawa Rainforest Carbon Project,ZeroMission AB- Plan Vivo,Kavli Oy,Plan Vivo,Improved forest management,202,PVC (tCO2e),UNIT
10 Sep 2024,2022,The CommuniTree Carbon Program (formerly Limay Community Carbon Project),ZeroMission AB- Plan Vivo,Haveli Investments L.P.,Plan Vivo,Forest,500,PVC (tCO2e),UNIT
23 May 2024,2022,Khasi Hills Community REDD+ Project: Restoring and Conserving Meghalaya's Hill ForestsThrough Community Action,ZeroMission AB- Plan Vivo,Internet of Planet AB,Plan Vivo,REDD,44,PVC (tCO2e),UNIT
08 Feb 2017,2011,Emiti Nibwo Bulora,ZeroMission AB- Plan Vivo,,Plan Vivo,Afforestation / Reforestation,68,PVC (tCO2e),UNIT
30 Dec 2016,2009,Trees for Global Benefits,ZeroMission AB- Plan Vivo,,Plan Vivo,Afforestation / Reforestation,91,PVC (tCO2e),UNIT
30 Dec 2016,2009,Trees for Global Benefits,ZeroMission AB- Plan Vivo,,Plan Vivo,Afforestation / Reforestation,892,PVC (tCO2e),UNIT
28 Dec 2016,2013,Scolel té Natural Resources Management and Carbon Sequestration Project (Scolel té Natural Resources Management and Carbon Sequestration Project),ZeroMission AB- Plan Vivo,,Plan Vivo,Afforestation / Reforestation,3,PVC (tCO2e),UNIT
28 Dec 2016,2014 - 2015,Scolel té Natural Resources Management and Carbon Sequestration Project (Scolel té Natural Resources Management and Carbon Sequestration Project),ZeroMission AB- Plan Vivo,,Plan Vivo,Afforestation / Reforestation,930,PVC (tCO2e),UNIT
28 Dec 2016,2014 - 2015,Scolel té Natural Resources Management and Carbon Sequestration Project (Scolel té Natural Resources Management and Carbon Sequestration Project),ZeroMission AB- Plan Vivo,,Plan Vivo,Afforestation / Reforestation,334,PVC (tCO2e),UNIT
28 Dec 2016,2014 - 2015,Scolel té Natural Resources Management and Carbon Sequestration Project (Scolel té Natural Resources Management and Carbon Sequestration Project),ZeroMission AB- Plan Vivo,,Plan Vivo,Afforestation / Reforestation,225,PVC (tCO2e),UNIT
28 Dec 2016,2014 - 2015,Scolel té Natural Resources Management and Carbon Sequestration Project (Scolel té Natural Resources Management and Carbon Sequestration Project),ZeroMission AB- Plan Vivo,,Plan Vivo,Afforestation / Reforestation,"1,000",PVC (tCO2e),UNIT
28 Dec 2016,2014 - 2015,Scolel té Natural Resources Management and Carbon Sequestration Project (Scolel té Natural Resources Management and Carbon Sequestration Project),ZeroMission AB- Plan Vivo,,Plan Vivo,Afforestation / Reforestation,550,PVC (tCO2e),UNIT
28 Dec 2016,2014 - 2015,Scolel té Natural Resources Management and Carbon Sequestration Project (Scolel té Natural Resources Management and Carbon Sequestration Project),ZeroMission AB- Plan Vivo,,Plan Vivo,Afforestation / Reforestation,150,PVC (tCO2e),UNIT
28 Dec 2016,2014 - 2015,Scolel té Natural Resources Management and Carbon Sequestration Project (Scolel té Natural Resources Management and Carbon Sequestration Project),ZeroMission AB- Plan Vivo,,Plan Vivo,Afforestation / Reforestation,10,PVC (tCO2e),UNIT
28 Dec 2016,2014 - 2015,Scolel té Natural Resources Management and Carbon Sequestration Project (Scolel té Natural Resources Management and Carbon Sequestration Project),ZeroMission AB- Plan Vivo,,Plan Vivo,Afforestation / Reforestation,34,PVC (tCO2e),UNIT
28 Dec 2016,2013,Scolel té Natural Resources Management and Carbon Sequestration Project (Scolel té Natural Resources Management and Carbon Sequestration Project),ZeroMission AB- Plan Vivo,,Plan Vivo,Afforestation / Reforestation,189,PVC (tCO2e),UNIT
28 Dec 2016,2013,Scolel té Natural Resources Management and Carbon Sequestration Project (Scolel té Natural Resources Management and Carbon Sequestration Project),ZeroMission AB- Plan Vivo,,Plan Vivo,Afforestation / Reforestation,281,PVC (tCO2e),UNIT
28 Dec 2016,2013,Scolel té Natural Resources Management and Carbon Sequestration Project (Scolel té Natural Resources Management and Carbon Sequestration Project),ZeroMission AB- Plan Vivo,,Plan Vivo,Afforestation / Reforestation,728,PVC (tCO2e),UNIT
01 Jun 2018,2011,Sofala Community Carbon Project (formerly the N'hambita Community Carbon Project),ZeroMission AB- Plan Vivo,,Plan Vivo,Forest,138,PVC (tCO2e),UNIT
01 Jun 2018,2011,Sofala Community Carbon Project (formerly the N'hambita Community Carbon Project),ZeroMission AB- Plan Vivo,,Plan Vivo,Forest,79,PVC (tCO2e),UNIT
01 Jun 2018,2011,Sofala Community Carbon Project (formerly the N'hambita Community Carbon Project),ZeroMission AB- Plan Vivo,,Plan Vivo,Forest,115,PVC (tCO2e),UNIT
01 Jun 2018,2011,Sofala Community Carbon Project (formerly the N'hambita Community Carbon Project),ZeroMission AB- Plan Vivo,,Plan Vivo,Forest,100,PVC (tCO2e),UNIT
01 Jun 2018,2011,Sofala Community Carbon Project (formerly the N'hambita Community Carbon Project),ZeroMission AB- Plan Vivo,,Plan Vivo,Forest,203,PVC (tCO2e),UNIT
01 Jun 2018,2011,Sofala Community Carbon Project (formerly the N'hambita Community Carbon Project),ZeroMission AB- Plan Vivo,,Plan Vivo,Forest,173,PVC (tCO2e),UNIT
11 Sep 2024,2022,Vanga Blue Forest,ZeroMission AB- Plan Vivo,Basic Safety Sweden AB,Plan Vivo,Forest Conservation & Avoided Deforestation,10,PVC (tCO2e),UNIT
11 Sep 2024,2022,Vanga Blue Forest,ZeroMission AB- Plan Vivo,AMB Industri Aktiebolag,Plan Vivo,Forest Conservation & Avoided Deforestation,54,PVC (tCO2e),UNIT
01 Jun 2018,2011,Sofala Community Carbon Project (formerly the N'hambita Community Carbon Project),ZeroMission AB- Plan Vivo,,Plan Vivo,Forest,48,PVC (tCO2e),UNIT
01 Jun 2018,2011,Sofala Community Carbon Project (formerly the N'hambita Community Carbon Project),ZeroMission AB- Plan Vivo,,Plan Vivo,Forest,25,PVC (tCO2e),UNIT
01 Jun 2018,2011,Sofala Community Carbon Project (formerly the N'hambita Community Carbon Project),ZeroMission AB- Plan Vivo,,Plan Vivo,Forest,20,PVC (tCO2e),UNIT
01 Jun 2018,2011,Sofala Community Carbon Project (formerly the N'hambita Community Carbon Project),ZeroMission AB- Plan Vivo,,Plan Vivo,Forest,22,PVC (tCO2e),UNIT
01 Jun 2018,2010,Sofala Community Carbon Project (formerly the N'hambita Community Carbon Project),ZeroMission AB- Plan Vivo,,Plan Vivo,Forest,22,PVC (tCO2e),UNIT
01 Jun 2018,2010,Sofala Community Carbon Project (formerly the N'hambita Community Carbon Project),ZeroMission AB- Plan Vivo,,Plan Vivo,Forest,195,PVC (tCO2e),UNIT
01 Jun 2018,2010,Sofala Community Carbon Project (formerly the N'hambita Community Carbon Project),ZeroMission AB- Plan Vivo,,Plan Vivo,Forest,184,PVC (tCO2e),UNIT
13 Nov 2025,2023,The CommuniTree Carbon Program (formerly Limay Community Carbon Project),ZeroMission AB- Plan Vivo,Maria King,Plan Vivo,Forest,3,PVC (tCO2e),UNIT
20 Feb 2017,2013,Trees of Hope,ZeroMission AB- Plan Vivo,,Plan Vivo,Afforestation / Reforestation,185,PVC (tCO2e),UNIT
20 Feb 2017,2013,Trees of Hope,ZeroMission AB- Plan Vivo,,Plan Vivo,Afforestation / Reforestation,352,PVC (tCO2e),UNIT
09 Jul 2017,2016,The CommuniTree Carbon Program (formerly Limay Community Carbon Project),ZeroMission AB- Plan Vivo,,Plan Vivo,Forest,72,PVC (tCO2e),UNIT
05 Jan 2023,2021,Scolel té Natural Resources Management and Carbon Sequestration Project (Scolel té Natural Resources Management and Carbon Sequestration Project),ZeroMission AB- Plan Vivo,MAX Burgers AB,Plan Vivo,Afforestation / Reforestation,"9,024",PVC (tCO2e),UNIT
05 Jan 2023,2021,Scolel té Natural Resources Management and Carbon Sequestration Project (Scolel té Natural Resources Management and Carbon Sequestration Project),ZeroMission AB- Plan Vivo,Fraktus,Plan Vivo,Afforestation / Reforestation,318,PVC (tCO2e),UNIT
05 Jan 2023,2021,Scolel té Natural Resources Management and Carbon Sequestration Project (Scolel té Natural Resources Management and Carbon Sequestration Project),ZeroMission AB- Plan Vivo,Smiling Faces AB,Plan Vivo,Afforestation / Reforestation,688,PVC (tCO2e),UNIT
11 Sep 2024,2021 - 2022,The Yaeda-Eyasi Landscape REDD project,ZeroMission AB- Plan Vivo,Bengt Dahlgren Skövde,Plan Vivo,REDD,2,PVC (tCO2e),UNIT
07 Jan 2019,2011,ArBolivia,ZeroMission AB- Plan Vivo,Saltå Kvarn,Plan Vivo,Afforestation / Reforestation,4,PVC (tCO2e),UNIT
15 Jun 2022,2021,ArBolivia,ZeroMission AB- Plan Vivo,Länsförsäkringar Jönköping,Plan Vivo,Afforestation / Reforestation,170,PVC (tCO2e),UNIT
15 Jun 2022,2021,ArBolivia,ZeroMission AB- Plan Vivo,Norvida,Plan Vivo,Afforestation / Reforestation,261,PVC (tCO2e),UNIT
15 Jun 2022,2021,ArBolivia,ZeroMission AB- Plan Vivo,Fraktus,Plan Vivo,Afforestation / Reforestation,513,PVC (tCO2e),UNIT
04 Jan 2023,2021,ArBolivia,ZeroMission AB- Plan Vivo,MVR Service AB,Plan Vivo,Afforestation / Reforestation,11,PVC (tCO2e),UNIT
04 Jan 2023,2021,ArBolivia,ZeroMission AB- Plan Vivo,Norvida AB,Plan Vivo,Afforestation / Reforestation,"1,494",PVC (tCO2e),UNIT
13 Nov 2025,2023,The CommuniTree Carbon Program (formerly Limay Community Carbon Project),ZeroMission AB- Plan Vivo,Avisera AB,Plan Vivo,Forest,190,PVC (tCO2e),UNIT
13 Nov 2025,2023,The CommuniTree Carbon Program (formerly Limay Community Carbon Project),ZeroMission AB- Plan Vivo,Uno K Westin AB,Plan Vivo,Forest,20,PVC (tCO2e),UNIT
11 Jul 2017,2013,Trees of Hope,ZeroMission AB- Plan Vivo,,Plan Vivo,Afforestation / Reforestation,48,PVC (tCO2e),UNIT
09 Jul 2017,2014,The CommuniTree Carbon Program (formerly Limay Community Carbon Project),ZeroMission AB- Plan Vivo,,Plan Vivo,Forest,1,PVC (tCO2e),UNIT
08 Apr 2016,2013,Sofala Community Carbon Project (formerly the N'hambita Community Carbon Project),ZeroMission AB- Plan Vivo,,Plan Vivo,Forest,701,PVC (tCO2e),UNIT
13 Nov 2025,2023,The CommuniTree Carbon Program (formerly Limay Community Carbon Project),ZeroMission AB- Plan Vivo,Gemo Lagerinredningar AB,Plan Vivo,Forest,4,PVC (tCO2e),UNIT
13 Nov 2025,2023,The CommuniTree Carbon Program (formerly Limay Community Carbon Project),ZeroMission AB- Plan Vivo,Nordiska Ventilationsprodukter AB,Plan Vivo,Forest,6,PVC (tCO2e),UNIT
28 Dec 2016,2009,Scolel té Natural Resources Management and Carbon Sequestration Project (Scolel té Natural Resources Management and Carbon Sequestration Project),ZeroMission AB- Plan Vivo,,Plan Vivo,Forest,1,PVC (tCO2e),UNIT
13 Nov 2025,2023,The CommuniTree Carbon Program (formerly Limay Community Carbon Project),ZeroMission AB- Plan Vivo,Plåtpressning AB,Plan Vivo,Forest,4,PVC (tCO2e),UNIT
13 Nov 2025,2023,The CommuniTree Carbon Program (formerly Limay Community Carbon Project),ZeroMission AB- Plan Vivo,Kerstin Nilsson,Plan Vivo,Forest,4,PVC (tCO2e),UNIT
27 Dec 2016,2009,Scolel té Natural Resources Management and Carbon Sequestration Project (Scolel té Natural Resources Management and Carbon Sequestration Project),ZeroMission AB- Plan Vivo,,Plan Vivo,Forest,474,PVC (tCO2e),UNIT
27 Dec 2016,2009,Scolel té Natural Resources Management and Carbon Sequestration Project (Scolel té Natural Resources Management and Carbon Sequestration Project),ZeroMission AB- Plan Vivo,,Plan Vivo,Forest,6,PVC (tCO2e),UNIT
27 Dec 2016,2009,Scolel té Natural Resources Management and Carbon Sequestration Project (Scolel té Natural Resources Management and Carbon Sequestration Project),ZeroMission AB- Plan Vivo,,Plan Vivo,Forest,10,PVC (tCO2e),UNIT
27 Dec 2016,2009,Scolel té Natural Resources Management and Carbon Sequestration Project (Scolel té Natural Resources Management and Carbon Sequestration Project),ZeroMission AB- Plan Vivo,,Plan Vivo,Forest,147,PVC (tCO2e),UNIT
27 Dec 2016,2009,Scolel té Natural Resources Management and Carbon Sequestration Project (Scolel té Natural Resources Management and Carbon Sequestration Project),ZeroMission AB- Plan Vivo,,Plan Vivo,Forest,200,PVC (tCO2e),UNIT
27 Dec 2016,2009,Scolel té Natural Resources Management and Carbon Sequestration Project (Scolel té Natural Resources Management and Carbon Sequestration Project),ZeroMission AB- Plan Vivo,,Plan Vivo,Forest,3,PVC (tCO2e),UNIT
01 Jun 2018,2011,Sofala Community Carbon Project (formerly the N'hambita Community Carbon Project),ZeroMission AB- Plan Vivo,,Plan Vivo,Forest,25,PVC (tCO2e),UNIT
01 Jun 2018,2011,Sofala Community Carbon Project (formerly the N'hambita Community Carbon Project),ZeroMission AB- Plan Vivo,,Plan Vivo,Forest,20,PVC (tCO2e),UNIT
01 Jun 2018,2011,Sofala Community Carbon Project (formerly the N'hambita Community Carbon Project),ZeroMission AB- Plan Vivo,,Plan Vivo,Forest,22,PVC (tCO2e),UNIT
01 Jun 2018,2010,Sofala Community Carbon Project (formerly the N'hambita Community Carbon Project),ZeroMission AB- Plan Vivo,,Plan Vivo,Forest,22,PVC (tCO2e),UNIT
10 Sep 2024,2022,Mikoko Pamoja,ZeroMission AB- Plan Vivo,CWS Sweden AB,Plan Vivo,Forest Conservation & Avoided Deforestation,120,PVC (tCO2e),UNIT
10 Sep 2024,2023,Mikoko Pamoja,ZeroMission AB- Plan Vivo,Plantvision AB,Plan Vivo,Forest Conservation & Avoided Deforestation,256,PVC (tCO2e),UNIT
10 Sep 2024,2023,Mikoko Pamoja,ZeroMission AB- Plan Vivo,IVL Svenska Miljöinstitutet AB,Plan Vivo,Forest Conservation & Avoided Deforestation,32,PVC (tCO2e),UNIT
10 Sep 2024,2023,Mikoko Pamoja,ZeroMission AB- Plan Vivo,Telinet Energi AB,Plan Vivo,Forest Conservation & Avoided Deforestation,6,PVC (tCO2e),UNIT
10 Sep 2024,2022,Vanga Blue Forest,ZeroMission AB- Plan Vivo,Returab Sverige AB,Plan Vivo,Forest Conservation & Avoided Deforestation,50,PVC (tCO2e),UNIT
01 Jun 2018,2010,Sofala Community Carbon Project (formerly the N'hambita Community Carbon Project),ZeroMission AB- Plan Vivo,,Plan Vivo,Forest,195,PVC (tCO2e),UNIT
01 Jun 2018,2010,Sofala Community Carbon Project (formerly the N'hambita Community Carbon Project),ZeroMission AB- Plan Vivo,,Plan Vivo,Forest,184,PVC (tCO2e),UNIT
11 Sep 2024,2022,Vanga Blue Forest,ZeroMission AB- Plan Vivo,Opus Bilprovning AB,Plan Vivo,Forest Conservation & Avoided Deforestation,100,PVC (tCO2e),UNIT
11 Sep 2024,2022,Vanga Blue Forest,ZeroMission AB- Plan Vivo,Basic Safety Sweden AB,Plan Vivo,Forest Conservation & Avoided Deforestation,10,PVC (tCO2e),UNIT
11 Sep 2024,2022,Vanga Blue Forest,ZeroMission AB- Plan Vivo,AMB Industri Aktiebolag,Plan Vivo,Forest Conservation & Avoided Deforestation,54,PVC (tCO2e),UNIT
11 Sep 2024,2022,Vanga Blue Forest,ZeroMission AB- Plan Vivo,Opus Bilprovning AB,Plan Vivo,Forest Conservation & Avoided Deforestation,100,PVC (tCO2e),UNIT
13 Sep 2024,2015 - 2016,Drawa Rainforest Carbon Project,ZeroMission AB- Plan Vivo,Opus Bilprovning AB,Plan Vivo,Improved forest management,38,PVC (tCO2e),UNIT
13 Sep 2024,2018 - 2019,Drawa Rainforest Carbon Project,ZeroMission AB- Plan Vivo,Opus Bilprovning AB,Plan Vivo,Improved forest management,462,PVC (tCO2e),UNIT
13 Sep 2024,2015 - 2016,Drawa Rainforest Carbon Project,ZeroMission AB- Plan Vivo,Kavli Oy,Plan Vivo,Improved forest management,38,PVC (tCO2e),UNIT
13 Sep 2024,2022,Khasi Hills Community REDD+ Project: Restoring and Conserving Meghalaya's Hill ForestsThrough Community Action,ZeroMission AB- Plan Vivo,Scouterna,Plan Vivo,REDD,"1,115",PVC (tCO2e),UNIT
13 Sep 2024,2022,Khasi Hills Community REDD+ Project: Restoring and Conserving Meghalaya's Hill ForestsThrough Community Action,ZeroMission AB- Plan Vivo,Cary Group AB,Plan Vivo,REDD,"25,000",PVC (tCO2e),UNIT
13 Sep 2024,2022,Khasi Hills Community REDD+ Project: Restoring and Conserving Meghalaya's Hill ForestsThrough Community Action,ZeroMission AB- Plan Vivo,Cary Group AB,Plan Vivo,REDD,"4,000",PVC (tCO2e),UNIT
13 Sep 2024,2022,Khasi Hills Community REDD+ Project: Restoring and Conserving Meghalaya's Hill ForestsThrough Community Action,ZeroMission AB- Plan Vivo,Tobii AB,Plan Vivo,REDD,29,PVC (tCO2e),UNIT
13 Sep 2024,2022,Khasi Hills Community REDD+ Project: Restoring and Conserving Meghalaya's Hill ForestsThrough Community Action,ZeroMission AB- Plan Vivo,Hyresgästföreningen Plus AB,Plan Vivo,REDD,14,PVC (tCO2e),UNIT
13 Sep 2024,2022,Khasi Hills Community REDD+ Project: Restoring and Conserving Meghalaya's Hill ForestsThrough Community Action,ZeroMission AB- Plan Vivo,Hyresgästföreningen Plus AB,Plan Vivo,REDD,12,PVC (tCO2e),UNIT
13 Sep 2024,2023,The CommuniTree Carbon Program (formerly Limay Community Carbon Project),ZeroMission AB- Plan Vivo,Max Burgers AB,Plan Vivo,Forest,"67,410",PVC (tCO2e),UNIT
13 Sep 2024,2022,The CommuniTree Carbon Program (formerly Limay Community Carbon Project),ZeroMission AB- Plan Vivo,Spiltan Fonder AB,Plan Vivo,Forest,20,PVC (tCO2e),UNIT
13 Sep 2024,2022,The CommuniTree Carbon Program (formerly Limay Community Carbon Project),ZeroMission AB- Plan Vivo,Adaptiv Sthlm AB,Plan Vivo,Forest,20,PVC (tCO2e),UNIT
13 Sep 2024,2022,The CommuniTree Carbon Program (formerly Limay Community Carbon Project),ZeroMission AB- Plan Vivo,Zington AB,Plan Vivo,Forest,12,PVC (tCO2e),UNIT
13 Sep 2024,2022,The CommuniTree Carbon Program (formerly Limay Community Carbon Project),ZeroMission AB- Plan Vivo,Opus Bilprovning AB,Plan Vivo,Forest,936,PVC (tCO2e),UNIT
13 Sep 2024,2022,The CommuniTree Carbon Program (formerly Limay Community Carbon Project),ZeroMission AB- Plan Vivo,Resurs Bank Aktiebolag,Plan Vivo,Forest,153,PVC (tCO2e),UNIT
29 Jun 2018,2010,Sofala Community Carbon Project (formerly the N'hambita Community Carbon Project),ZeroMission AB- Plan Vivo,,Plan Vivo,Forest,92,PVC (tCO2e),UNIT
29 Jun 2018,2010,Sofala Community Carbon Project (formerly the N'hambita Community Carbon Project),ZeroMission AB- Plan Vivo,,Plan Vivo,Forest,100,PVC (tCO2e),UNIT
29 Jun 2018,2010,Sofala Community Carbon Project (formerly the N'hambita Community Carbon Project),ZeroMission AB- Plan Vivo,,Plan Vivo,Forest,73,PVC (tCO2e),UNIT
29 Jun 2018,2010,Sofala Community Carbon Project (formerly the N'hambita Community Carbon Project),ZeroMission AB- Plan Vivo,,Plan Vivo,Forest,131,PVC (tCO2e),UNIT
29 Jun 2018,2009,Sofala Community Carbon Project (formerly the N'hambita Community Carbon Project),ZeroMission AB- Plan Vivo,,Plan Vivo,Forest,14,PVC (tCO2e),UNIT
29 Jun 2018,2009,Sofala Community Carbon Project (formerly the N'hambita Community Carbon Project),ZeroMission AB- Plan Vivo,,Plan Vivo,Forest,22,PVC (tCO2e),UNIT
01 Jun 2018,2009,Sofala Community Carbon Project (formerly the N'hambita Community Carbon Project),ZeroMission AB- Plan Vivo,,Plan Vivo,Forest,78,PVC (tCO2e),UNIT
01 Jun 2018,2009,Sofala Community Carbon Project (formerly the N'hambita Community Carbon Project),ZeroMission AB- Plan Vivo,,Plan Vivo,Forest,97,PVC (tCO2e),UNIT
01 Jun 2018,2009,Sofala Community Carbon Project (formerly the N'hambita Community Carbon Project),ZeroMission AB- Plan Vivo,,Plan Vivo,Forest,16,PVC (tCO2e),UNIT
01 Jun 2018,2009,Sofala Community Carbon Project (formerly the N'hambita Community Carbon Project),ZeroMission AB- Plan Vivo,,Plan Vivo,Forest,2,PVC (tCO2e),UNIT
01 Jun 2018,2009,Sofala Community Carbon Project (formerly the N'hambita Community Carbon Project),ZeroMission AB- Plan Vivo,,Plan Vivo,Forest,12,PVC (tCO2e),UNIT
01 Jun 2018,2010,Sofala Community Carbon Project (formerly the N'hambita Community Carbon Project),ZeroMission AB- Plan Vivo,,Plan Vivo,Forest,157,PVC (tCO2e),UNIT
01 Jun 2018,2010,Sofala Community Carbon Project (formerly the N'hambita Community Carbon Project),ZeroMission AB- Plan Vivo,,Plan Vivo,Forest,183,PVC (tCO2e),UNIT
01 Jun 2018,2010,Sofala Community Carbon Project (formerly the N'hambita Community Carbon Project),ZeroMission AB- Plan Vivo,,Plan Vivo,Forest,184,PVC (tCO2e),UNIT
01 Jun 2018,2010,Sofala Community Carbon Project (formerly the N'hambita Community Carbon Project),ZeroMission AB- Plan Vivo,,Plan Vivo,Forest,195,PVC (tCO2e),UNIT
24 Feb 2025,2022,The CommuniTree Carbon Program (formerly Limay Community Carbon Project),ZeroMission AB- Plan Vivo,Gemo Lagerinredningar AB,Plan Vivo,Forest,6,PVC (tCO2e),UNIT
24 Feb 2025,2022,The CommuniTree Carbon Program (formerly Limay Community Carbon Project),ZeroMission AB- Plan Vivo,Sproud International AB,Plan Vivo,Forest,20,PVC (tCO2e),UNIT
24 Feb 2025,2022,The CommuniTree Carbon Program (formerly Limay Community Carbon Project),ZeroMission AB- Plan Vivo,Gemo Lagerinredningar AB,Plan Vivo,Forest,8,PVC (tCO2e),UNIT
24 Feb 2025,2022,The CommuniTree Carbon Program (formerly Limay Community Carbon Project),ZeroMission AB- Plan Vivo,Karlströms Golv AB,Plan Vivo,Forest,5,PVC (tCO2e),UNIT
24 Feb 2025,2022,The CommuniTree Carbon Program (formerly Limay Community Carbon Project),ZeroMission AB- Plan Vivo,Nordiska Ventilationsprodukter AB,Plan Vivo,Forest,6,PVC (tCO2e),UNIT
24 Feb 2025,2022,The CommuniTree Carbon Program (formerly Limay Community Carbon Project),ZeroMission AB- Plan Vivo,Opus Bilprovning AB,Plan Vivo,Forest,915,PVC (tCO2e),UNIT
24 Feb 2025,2022,The CommuniTree Carbon Program (formerly Limay Community Carbon Project),ZeroMission AB- Plan Vivo,P&B Golv AB,Plan Vivo,Forest,30,PVC (tCO2e),UNIT
24 Feb 2025,2022,The CommuniTree Carbon Program (formerly Limay Community Carbon Project),ZeroMission AB- Plan Vivo,AB Golv & Tak,Plan Vivo,Forest,50,PVC (tCO2e),UNIT
27 Feb 2025,2022,The CommuniTree Carbon Program (formerly Limay Community Carbon Project),ZeroMission AB- Plan Vivo,Roserbergs Golv AB,Plan Vivo,Forest,55,PVC (tCO2e),UNIT
27 Feb 2025,2022,The CommuniTree Carbon Program (formerly Limay Community Carbon Project),ZeroMission AB- Plan Vivo,Golvmästarna i Järfälla AB,Plan Vivo,Forest,64,PVC (tCO2e),UNIT
27 Feb 2025,2022,The CommuniTree Carbon Program (formerly Limay Community Carbon Project),ZeroMission AB- Plan Vivo,Elitgolv AB,Plan Vivo,Forest,85,PVC (tCO2e),UNIT
27 Feb 2025,2022,The CommuniTree Carbon Program (formerly Limay Community Carbon Project),ZeroMission AB- Plan Vivo,Halmstad Kakelhus AB,Plan Vivo,Forest,125,PVC (tCO2e),UNIT
27 Feb 2025,2022,The CommuniTree Carbon Program (formerly Limay Community Carbon Project),ZeroMission AB- Plan Vivo,Miljöhallen AB,Plan Vivo,Forest,202,PVC (tCO2e),UNIT
27 Feb 2025,2022,The CommuniTree Carbon Program (formerly Limay Community Carbon Project),ZeroMission AB- Plan Vivo,Bra Golv i Norrbotten AB,Plan Vivo,Forest,18,PVC (tCO2e),UNIT
27 Feb 2025,2022,The CommuniTree Carbon Program (formerly Limay Community Carbon Project),ZeroMission AB- Plan Vivo,Sandéns Golv i Halmstad AB,Plan Vivo,Forest,40,PVC (tCO2e),UNIT
20 Nov 2023,2022,The CommuniTree Carbon Program (formerly Limay Community Carbon Project),ZeroMission AB- Plan Vivo,BBM i Dalarna AB,Plan Vivo,Forest,21,PVC (tCO2e),UNIT
24 Feb 2025,2022,Scolel té Natural Resources Management and Carbon Sequestration Project (Scolel té Natural Resources Management and Carbon Sequestration Project),ZeroMission AB- Plan Vivo,We Love Burgers AS,Plan Vivo,Afforestation / Reforestation,518,PVC (tCO2e),UNIT
20 Nov 2023,2022,The CommuniTree Carbon Program (formerly Limay Community Carbon Project),ZeroMission AB- Plan Vivo,AB Golv & tak,Plan Vivo,Forest,52,PVC (tCO2e),UNIT
05 Mar 2026,2023,Vanga Blue Forest,ZeroMission AB- Plan Vivo,Opus Bilprovning AB,Plan Vivo,Forest Conservation & Avoided Deforestation,100,PVC (tCO2e),UNIT
05 Mar 2026,2024,Vanga Blue Forest,ZeroMission AB- Plan Vivo,Mengio Foodservice AB,Plan Vivo,Forest Conservation & Avoided Deforestation,"1,372",PVC (tCO2e),UNIT
05 Mar 2026,2023 - 2024,"Paskaia Mosquitia, Honduras",ZeroMission AB- Plan Vivo,Sambla Group,Plan Vivo,Forest Restoration,34,PVC (tCO2e),UNIT
29 Apr 2014,2012,Khasi Hills Community REDD+ Project: Restoring and Conserving Meghalaya's Hill ForestsThrough Community Action,ZeroMission AB- Plan Vivo,,Plan Vivo,REDD,80,PVC (tCO2e),UNIT
24 Feb 2025,2022,The CommuniTree Carbon Program (formerly Limay Community Carbon Project),ZeroMission AB- Plan Vivo,Sackeus AB,Plan Vivo,Forest,5,PVC (tCO2e),UNIT
24 Feb 2025,2022,The CommuniTree Carbon Program (formerly Limay Community Carbon Project),ZeroMission AB- Plan Vivo,AB Golv & Tak,Plan Vivo,Forest,1,PVC (tCO2e),UNIT
24 Feb 2025,2022,The CommuniTree Carbon Program (formerly Limay Community Carbon Project),ZeroMission AB- Plan Vivo,Eggen Dental AS,Plan Vivo,Forest,1,PVC (tCO2e),UNIT
20 Nov 2023,2022,The CommuniTree Carbon Program (formerly Limay Community Carbon Project),ZeroMission AB- Plan Vivo,HS Certifiering,Plan Vivo,Forest,58,PVC (tCO2e),UNIT
24 Feb 2025,2022,The CommuniTree Carbon Program (formerly Limay Community Carbon Project),ZeroMission AB- Plan Vivo,Karlströms Golv AB,Plan Vivo,Forest,90,PVC (tCO2e),UNIT
24 Feb 2025,2022,The CommuniTree Carbon Program (formerly Limay Community Carbon Project),ZeroMission AB- Plan Vivo,Bygg & Golvtjänst i Gävle AB,Plan Vivo,Forest,21,PVC (tCO2e),UNIT
04 Apr 2025,2022,The CommuniTree Carbon Program (formerly Limay Community Carbon Project),ZeroMission AB- Plan Vivo,Arvid Nordquist Handelsaktiebolag,Plan Vivo,Forest,"3,770",PVC (tCO2e),UNIT
24 Feb 2025,2022,The CommuniTree Carbon Program (formerly Limay Community Carbon Project),ZeroMission AB- Plan Vivo,Revideco AB,Plan Vivo,Forest,151,PVC (tCO2e),UNIT
09 Apr 2025,2022,Trees for Global Benefits,ZeroMission AB- Plan Vivo,Mattssons Fastighetsutveckling AB,Plan Vivo,Afforestation / Reforestation,737,PVC (tCO2e),UNIT
09 Apr 2025,2022,Trees for Global Benefits,ZeroMission AB- Plan Vivo,Max Poland Sp. Zo.o,Plan Vivo,Afforestation / Reforestation,"15,322",PVC (tCO2e),UNIT
09 Apr 2025,2022,Trees for Global Benefits,ZeroMission AB- Plan Vivo,We Love Burgers A/S,Plan Vivo,Afforestation / Reforestation,"2,830",PVC (tCO2e),UNIT
09 Apr 2025,2022,Trees for Global Benefits,ZeroMission AB- Plan Vivo,ICANIWILL AB,Plan Vivo,Afforestation / Reforestation,"2,079",PVC (tCO2e),UNIT
09 Apr 2025,2022,Trees for Global Benefits,ZeroMission AB- Plan Vivo,Föreningen Uppsalaekonomerna,Plan Vivo,Afforestation / Reforestation,33,PVC (tCO2e),UNIT
09 Apr 2025,2022,Trees for Global Benefits,ZeroMission AB- Plan Vivo,Max Norway AS,Plan Vivo,Afforestation / Reforestation,975,PVC (tCO2e),UNIT
09 Apr 2025,2022,Trees for Global Benefits,ZeroMission AB- Plan Vivo,Max Poland Sp. Zo.o,Plan Vivo,Afforestation / Reforestation,"3,945",PVC (tCO2e),UNIT
09 Apr 2025,2022,Trees for Global Benefits,ZeroMission AB- Plan Vivo,We Love Burgers A/S,Plan Vivo,Afforestation / Reforestation,762,PVC (tCO2e),UNIT
09 Apr 2025,2022,Trees for Global Benefits,ZeroMission AB- Plan Vivo,Mediafy AB,Plan Vivo,Afforestation / Reforestation,"2,148",PVC (tCO2e),UNIT
09 Apr 2025,2022,Trees for Global Benefits,ZeroMission AB- Plan Vivo,Fraktus AB,Plan Vivo,Afforestation / Reforestation,"1,177",PVC (tCO2e),UNIT
09 Apr 2025,2022,Trees for Global Benefits,ZeroMission AB- Plan Vivo,Packoplock Scandinavia AB,Plan Vivo,Afforestation / Reforestation,21,PVC (tCO2e),UNIT
09 Apr 2025,2022,Trees for Global Benefits,ZeroMission AB- Plan Vivo,Chefakademin i Stockholm AB,Plan Vivo,Afforestation / Reforestation,28,PVC (tCO2e),UNIT
09 Apr 2025,2022,gula gula food forest program,ZeroMission AB- Plan Vivo,SRAT,Plan Vivo,Afforestation / Reforestation,24,PVC (tCO2e),UNIT
09 Apr 2025,2022,ArBolivia,ZeroMission AB- Plan Vivo,Saltå Kvarn AB,Plan Vivo,Afforestation / Reforestation,102,PVC (tCO2e),UNIT
09 Apr 2025,2022,ArBolivia,ZeroMission AB- Plan Vivo,Norvida AB,Plan Vivo,Afforestation / Reforestation,457,PVC (tCO2e),UNIT
24 Feb 2025,2017 - 2022,UTNWF,ZeroMission AB- Plan Vivo,Remade in Sweden AB,Plan Vivo,Agriculture land management,145,PVC (tCO2e),UNIT
24 Feb 2025,2017 - 2022,UTNWF,ZeroMission AB- Plan Vivo,Länsförsäkringar Göteborg och Bohuslän,Plan Vivo,Agriculture land management,365,PVC (tCO2e),UNIT
24 Feb 2025,2017 - 2022,UTNWF,ZeroMission AB- Plan Vivo,Board International SA,Plan Vivo,Agriculture land management,223,PVC (tCO2e),UNIT
24 Feb 2025,2017 - 2022,UTNWF,ZeroMission AB- Plan Vivo,Lavendla ApS,Plan Vivo,Agriculture land management,493,PVC (tCO2e),UNIT
24 Feb 2025,2017 - 2022,UTNWF,ZeroMission AB- Plan Vivo,Lavendla AB,Plan Vivo,Agriculture land management,343,PVC (tCO2e),UNIT
24 Feb 2025,2017 - 2022,UTNWF,ZeroMission AB- Plan Vivo,Lavendla AB,Plan Vivo,Agriculture land management,151,PVC (tCO2e),UNIT
24 Feb 2025,2017 - 2022,UTNWF,ZeroMission AB- Plan Vivo,Kombucheriet AB,Plan Vivo,Agriculture land management,50,PVC (tCO2e),UNIT
24 Feb 2025,2017 - 2022,UTNWF,ZeroMission AB- Plan Vivo,Naturvetarna,Plan Vivo,Agriculture land management,71,PVC (tCO2e),UNIT
24 Feb 2025,2017 - 2022,UTNWF,ZeroMission AB- Plan Vivo,Zeromission AB,Plan Vivo,Agriculture land management,40,PVC (tCO2e),UNIT
24 Feb 2025,2017 - 2022,UTNWF,ZeroMission AB- Plan Vivo,Indoor Energy Services Sweden AB,Plan Vivo,Agriculture land management,609,PVC (tCO2e),UNIT
24 Feb 2025,2017 - 2022,UTNWF,ZeroMission AB- Plan Vivo,Ografy Group AB,Plan Vivo,Agriculture land management,141,PVC (tCO2e),UNIT
24 Feb 2025,2017 - 2022,UTNWF,ZeroMission AB- Plan Vivo,Kombucheriet AB,Plan Vivo,Agriculture land management,45,PVC (tCO2e),UNIT
24 Feb 2025,2017 - 2022,UTNWF,ZeroMission AB- Plan Vivo,Sala Sparbank,Plan Vivo,Agriculture land management,62,PVC (tCO2e),UNIT
30 Sep 2025,2023,The CommuniTree Carbon Program (formerly Limay Community Carbon Project),ZeroMission AB- Plan Vivo,Internet of Planet AB,Plan Vivo,Forest,75,PVC (tCO2e),UNIT
30 Sep 2025,2023,Khasi Hills Community REDD+ Project: Restoring and Conserving Meghalaya's Hill ForestsThrough Community Action,ZeroMission AB- Plan Vivo,Internet of Planet AB,Plan Vivo,REDD,75,PVC (tCO2e),UNIT
14 Jul 2022,2021,Trees for Global Benefits,ZeroMission AB- Plan Vivo,Warner Music Finland,Plan Vivo,Afforestation / Reforestation,57,PVC (tCO2e),UNIT
14 Jul 2022,2021,Trees for Global Benefits,ZeroMission AB- Plan Vivo,Warner Music Norway,Plan Vivo,Afforestation / Reforestation,57,PVC (tCO2e),UNIT
14 Jul 2022,2021,Trees for Global Benefits,ZeroMission AB- Plan Vivo,Ecometrica,Plan Vivo,Afforestation / Reforestation,100,PVC (tCO2e),UNIT
14 Jul 2022,2019,Scolel té Natural Resources Management and Carbon Sequestration Project (Scolel té Natural Resources Management and Carbon Sequestration Project),ZeroMission AB- Plan Vivo,Fraktus,Plan Vivo,Afforestation / Reforestation,299,PVC (tCO2e),UNIT
14 Jul 2022,2019,Scolel té Natural Resources Management and Carbon Sequestration Project (Scolel té Natural Resources Management and Carbon Sequestration Project),ZeroMission AB- Plan Vivo,Fraktus,Plan Vivo,Afforestation / Reforestation,237,PVC (tCO2e),UNIT
14 Jul 2022,2019,Scolel té Natural Resources Management and Carbon Sequestration Project (Scolel té Natural Resources Management and Carbon Sequestration Project),ZeroMission AB- Plan Vivo,The Absolut Company,Plan Vivo,Afforestation / Reforestation,709,PVC (tCO2e),UNIT
14 Jul 2022,2019,Scolel té Natural Resources Management and Carbon Sequestration Project (Scolel té Natural Resources Management and Carbon Sequestration Project),ZeroMission AB- Plan Vivo,The Absolut Company,Plan Vivo,Afforestation / Reforestation,138,PVC (tCO2e),UNIT
14 Jul 2022,2019,Scolel té Natural Resources Management and Carbon Sequestration Project (Scolel té Natural Resources Management and Carbon Sequestration Project),ZeroMission AB- Plan Vivo,Fraktus,Plan Vivo,Afforestation / Reforestation,230,PVC (tCO2e),UNIT
14 Jul 2022,2019 - 2020,The CommuniTree Carbon Program (formerly Limay Community Carbon Project),ZeroMission AB- Plan Vivo,Società per la Cremazione Torino,Plan Vivo,Forest,817,PVC (tCO2e),UNIT
14 Jul 2022,2019 - 2020,The CommuniTree Carbon Program (formerly Limay Community Carbon Project),ZeroMission AB- Plan Vivo,Maria Nila,Plan Vivo,Forest,"1,000",PVC (tCO2e),UNIT
14 Jul 2022,2019 - 2020,The CommuniTree Carbon Program (formerly Limay Community Carbon Project),ZeroMission AB- Plan Vivo,Airmee,Plan Vivo,Forest,700,PVC (tCO2e),UNIT
14 Jul 2022,2018,Khasi Hills Community REDD+ Project: Restoring and Conserving Meghalaya's Hill ForestsThrough Community Action,ZeroMission AB- Plan Vivo,Arvid Nordquist (te),Plan Vivo,REDD,18,PVC (tCO2e),UNIT
14 Jul 2022,2018,Khasi Hills Community REDD+ Project: Restoring and Conserving Meghalaya's Hill ForestsThrough Community Action,ZeroMission AB- Plan Vivo,Arvid Nordquist (te),Plan Vivo,REDD,3,PVC (tCO2e),UNIT
14 Jul 2022,2018,Khasi Hills Community REDD+ Project: Restoring and Conserving Meghalaya's Hill ForestsThrough Community Action,ZeroMission AB- Plan Vivo,Arvid Nordquist (te),Plan Vivo,REDD,12,PVC (tCO2e),UNIT
14 Jul 2022,2020,Khasi Hills Community REDD+ Project: Restoring and Conserving Meghalaya's Hill ForestsThrough Community Action,ZeroMission AB- Plan Vivo,Presentkakan,Plan Vivo,REDD,"5,274",PVC (tCO2e),UNIT
05 Aug 2019,2017 - 2018,The CommuniTree Carbon Program (formerly Limay Community Carbon Project),ZeroMission AB- Plan Vivo,Atea,Plan Vivo,Forest,159,PVC (tCO2e),UNIT
02 Aug 2019,2017 - 2018,The CommuniTree Carbon Program (formerly Limay Community Carbon Project),ZeroMission AB- Plan Vivo,Solkompaniet,Plan Vivo,Forest,25,PVC (tCO2e),UNIT
02 Aug 2019,2017 - 2018,The CommuniTree Carbon Program (formerly Limay Community Carbon Project),ZeroMission AB- Plan Vivo,Atea,Plan Vivo,Forest,2,PVC (tCO2e),UNIT
01 Jun 2018,2010,Sofala Community Carbon Project (formerly the N'hambita Community Carbon Project),ZeroMission AB- Plan Vivo,,Plan Vivo,Forest,"3,062",PVC (tCO2e),UNIT
02 Aug 2019,2017 - 2018,The CommuniTree Carbon Program (formerly Limay Community Carbon Project),ZeroMission AB- Plan Vivo,JobMeal,Plan Vivo,Forest,"1,055",PVC (tCO2e),UNIT
02 Aug 2019,2017 - 2018,The CommuniTree Carbon Program (formerly Limay Community Carbon Project),ZeroMission AB- Plan Vivo,Axis Communications,Plan Vivo,Forest,"1,890",PVC (tCO2e),UNIT
02 Aug 2019,2017 - 2018,The CommuniTree Carbon Program (formerly Limay Community Carbon Project),ZeroMission AB- Plan Vivo,Arvid Nordquist HAB,Plan Vivo,Forest,"11,477",PVC (tCO2e),UNIT
02 Aug 2019,2017 - 2018,The CommuniTree Carbon Program (formerly Limay Community Carbon Project),ZeroMission AB- Plan Vivo,Arvid Nordquist,Plan Vivo,Forest,"16,863",PVC (tCO2e),UNIT
01 Jun 2018,2010,Sofala Community Carbon Project (formerly the N'hambita Community Carbon Project),ZeroMission AB- Plan Vivo,,Plan Vivo,Forest,"1,392",PVC (tCO2e),UNIT
01 Jun 2018,2009,Sofala Community Carbon Project (formerly the N'hambita Community Carbon Project),ZeroMission AB- Plan Vivo,,Plan Vivo,Forest,600,PVC (tCO2e),UNIT
04 Jun 2025,2017 - 2022,UTNWF,ZeroMission AB- Plan Vivo,Max Matthiessen AB,Plan Vivo,Agriculture land management,574,PVC (tCO2e),UNIT
04 Jun 2025,2017 - 2022,UTNWF,ZeroMission AB- Plan Vivo,Indecap AB,Plan Vivo,Agriculture land management,24,PVC (tCO2e),UNIT
04 Jun 2025,2017 - 2022,UTNWF,ZeroMission AB- Plan Vivo,Akuro,Plan Vivo,Agriculture land management,99,PVC (tCO2e),UNIT
04 Jun 2025,2017 - 2022,UTNWF,ZeroMission AB- Plan Vivo,Nordnet AB,Plan Vivo,Agriculture land management,662,PVC (tCO2e),UNIT
04 Jun 2025,2017 - 2022,UTNWF,ZeroMission AB- Plan Vivo,Fruktbudet,Plan Vivo,Agriculture land management,106,PVC (tCO2e),UNIT
30 Sep 2025,2022,Khasi Hills Community REDD+ Project: Restoring and Conserving Meghalaya's Hill ForestsThrough Community Action,ZeroMission AB- Plan Vivo,Hyresgästföreningen Plus AB,Plan Vivo,REDD,13,PVC (tCO2e),UNIT
20 Nov 2023,2022,The CommuniTree Carbon Program (formerly Limay Community Carbon Project),ZeroMission AB- Plan Vivo,GodEl AB,Plan Vivo,Forest,"1,312",PVC (tCO2e),UNIT
05 Mar 2026,2018 - 2019,Drawa Rainforest Carbon Project,ZeroMission AB- Plan Vivo,Opus Bilprovning AB,Plan Vivo,Improved forest management,500,PVC (tCO2e),UNIT
20 Nov 2023,2022,The CommuniTree Carbon Program (formerly Limay Community Carbon Project),ZeroMission AB- Plan Vivo,Max Burgers AB,Plan Vivo,Forest,"15,945",PVC (tCO2e),UNIT
20 Nov 2023,2022,The CommuniTree Carbon Program (formerly Limay Community Carbon Project),ZeroMission AB- Plan Vivo,Sellhelp AB,Plan Vivo,Forest,"1,600",PVC (tCO2e),UNIT
20 Nov 2023,2022,The CommuniTree Carbon Program (formerly Limay Community Carbon Project),ZeroMission AB- Plan Vivo,Maria Nila AB,Plan Vivo,Forest,525,PVC (tCO2e),UNIT
20 Nov 2023,2022,The CommuniTree Carbon Program (formerly Limay Community Carbon Project),ZeroMission AB- Plan Vivo,Sackeus,Plan Vivo,Forest,52,PVC (tCO2e),UNIT
20 Nov 2023,2022,The CommuniTree Carbon Program (formerly Limay Community Carbon Project),ZeroMission AB- Plan Vivo,Golv & Kakel Bernt Löfqivst AB,Plan Vivo,Forest,106,PVC (tCO2e),UNIT
20 Nov 2023,2022,The CommuniTree Carbon Program (formerly Limay Community Carbon Project),ZeroMission AB- Plan Vivo,Golvmästarna i Järfälla AB,Plan Vivo,Forest,70,PVC (tCO2e),UNIT
20 Nov 2023,2022,The CommuniTree Carbon Program (formerly Limay Community Carbon Project),ZeroMission AB- Plan Vivo,Rosersbergs Golv AB,Plan Vivo,Forest,69,PVC (tCO2e),UNIT
20 Nov 2023,2022,The CommuniTree Carbon Program (formerly Limay Community Carbon Project),ZeroMission AB- Plan Vivo,Assmundsons Golv AB,Plan Vivo,Forest,51,PVC (tCO2e),UNIT
23 Dec 2020,2018,ArBolivia,ZeroMission AB- Plan Vivo,Golvkedjan,Plan Vivo,Afforestation / Reforestation,50,PVC (tCO2e),UNIT
28 Dec 2016,2010,Scolel té Natural Resources Management and Carbon Sequestration Project (Scolel té Natural Resources Management and Carbon Sequestration Project),ZeroMission AB- Plan Vivo,,Plan Vivo,Afforestation / Reforestation,2,PVC (tCO2e),UNIT
20 Apr 2022,2020,Trees for Global Benefits,ZeroMission AB- Plan Vivo,Curt Bergfors,Plan Vivo,Afforestation / Reforestation,644,PVC (tCO2e),UNIT
17 Dec 2021,2020,Trees for Global Benefits,ZeroMission AB- Plan Vivo,Cary Group AB,Plan Vivo,Afforestation / Reforestation,566,PVC (tCO2e),UNIT
01 Jun 2018,2011,Sofala Community Carbon Project (formerly the N'hambita Community Carbon Project),ZeroMission AB- Plan Vivo,,Plan Vivo,Forest,74,PVC (tCO2e),UNIT
01 Jun 2018,2011,Sofala Community Carbon Project (formerly the N'hambita Community Carbon Project),ZeroMission AB- Plan Vivo,,Plan Vivo,Forest,95,PVC (tCO2e),UNIT
01 Jun 2018,2012,Sofala Community Carbon Project (formerly the N'hambita Community Carbon Project),ZeroMission AB- Plan Vivo,,Plan Vivo,Forest,174,PVC (tCO2e),UNIT
01 Jun 2018,2012,Sofala Community Carbon Project (formerly the N'hambita Community Carbon Project),ZeroMission AB- Plan Vivo,,Plan Vivo,Forest,31,PVC (tCO2e),UNIT
01 Jun 2018,2012,Sofala Community Carbon Project (formerly the N'hambita Community Carbon Project),ZeroMission AB- Plan Vivo,,Plan Vivo,Forest,70,PVC (tCO2e),UNIT
01 Jun 2018,2012,Sofala Community Carbon Project (formerly the N'hambita Community Carbon Project),ZeroMission AB- Plan Vivo,,Plan Vivo,Forest,173,PVC (tCO2e),UNIT
01 Jun 2018,2010,Sofala Community Carbon Project (formerly the N'hambita Community Carbon Project),ZeroMission AB- Plan Vivo,,Plan Vivo,Forest,203,PVC (tCO2e),UNIT
01 Jun 2018,2010,Sofala Community Carbon Project (formerly the N'hambita Community Carbon Project),ZeroMission AB- Plan Vivo,,Plan Vivo,Forest,207,PVC (tCO2e),UNIT
01 Jun 2018,2010,Sofala Community Carbon Project (formerly the N'hambita Community Carbon Project),ZeroMission AB- Plan Vivo,,Plan Vivo,Forest,220,PVC (tCO2e),UNIT
28 Dec 2016,2009,Scolel té Natural Resources Management and Carbon Sequestration Project (Scolel té Natural Resources Management and Carbon Sequestration Project),ZeroMission AB- Plan Vivo,,Plan Vivo,Forest,5,PVC (tCO2e),UNIT
28 Dec 2016,2009,Scolel té Natural Resources Management and Carbon Sequestration Project (Scolel té Natural Resources Management and Carbon Sequestration Project),ZeroMission AB- Plan Vivo,,Plan Vivo,Forest,3,PVC (tCO2e),UNIT
01 Jun 2018,2012,Sofala Community Carbon Project (formerly the N'hambita Community Carbon Project),ZeroMission AB- Plan Vivo,,Plan Vivo,Forest,225,PVC (tCO2e),UNIT
01 Jun 2018,2012,Sofala Community Carbon Project (formerly the N'hambita Community Carbon Project),ZeroMission AB- Plan Vivo,,Plan Vivo,Forest,238,PVC (tCO2e),UNIT
01 Jun 2018,2009,Sofala Community Carbon Project (formerly the N'hambita Community Carbon Project),ZeroMission AB- Plan Vivo,,Plan Vivo,Forest,600,PVC (tCO2e),UNIT
01 Jun 2018,2010,Sofala Community Carbon Project (formerly the N'hambita Community Carbon Project),ZeroMission AB- Plan Vivo,,Plan Vivo,Forest,"1,392",PVC (tCO2e),UNIT
14 Jul 2022,2020 - 2021,The Yaeda-Eyasi Landscape REDD project(old),ZeroMission AB- Plan Vivo,Airmee,Plan Vivo,REDD,700,PVC (tCO2e),UNIT
15 Jul 2022,2016 - 2017,"Pasture Conservation and Climate Action , Mongolia",ZeroMission AB- Plan Vivo,Adaptiv,Plan Vivo,Agriculture land management,25,PVC (tCO2e),UNIT
15 Jul 2022,2020,Vanga Blue Forest,ZeroMission AB- Plan Vivo,Menigo Foodservice AB,Plan Vivo,Forest Conservation & Avoided Deforestation,950,PVC (tCO2e),UNIT
15 Jul 2022,2011 - 2019,HALO VERDE TIMOR COMMUNITY FOREST CARBON,ZeroMission AB- Plan Vivo,ILEMA Miljöanalys AB,Plan Vivo,Afforestation / Reforestation,20,PVC (tCO2e),UNIT
15 Jul 2022,2011 - 2019,HALO VERDE TIMOR COMMUNITY FOREST CARBON,ZeroMission AB- Plan Vivo,ILEMA Miljöanalys,Plan Vivo,Afforestation / Reforestation,21,PVC (tCO2e),UNIT
07 Oct 2021,2014,Bujang Raba Community PES Project,ZeroMission AB- Plan Vivo,GodEl,Plan Vivo,REDD,"1,562",PVC (tCO2e),UNIT
10 Sep 2024,2021,Mikoko Pamoja,ZeroMission AB- Plan Vivo,Telinet Energi AB,Plan Vivo,Forest Conservation & Avoided Deforestation,14,PVC (tCO2e),UNIT
15 Jul 2022,2020,Vanga Blue Forest,ZeroMission AB- Plan Vivo,Menigo Foodservice AB,Plan Vivo,Forest Conservation & Avoided Deforestation,"2,050",PVC (tCO2e),UNIT
07 Oct 2021,2014,Bujang Raba Community PES Project,ZeroMission AB- Plan Vivo,Sveafastigheter,Plan Vivo,REDD,60,PVC (tCO2e),UNIT
11 Sep 2024,2021 - 2022,The Yaeda-Eyasi Landscape REDD project,ZeroMission AB- Plan Vivo,Äventyrsresor Aktiebolag,Plan Vivo,REDD,56,PVC (tCO2e),UNIT
12 Jan 2023,2020 - 2021,The Yaeda-Eyasi Landscape REDD project(old),ZeroMission AB- Plan Vivo,Naturvetarna,Plan Vivo,REDD,50,PVC (tCO2e),UNIT
13 Sep 2024,2015 - 2016,Drawa Rainforest Carbon Project,ZeroMission AB- Plan Vivo,Oddlygood Global Oy,Plan Vivo,Improved forest management,81,PVC (tCO2e),UNIT
09 Apr 2025,2018 - 2019,Drawa Rainforest Carbon Project,ZeroMission AB- Plan Vivo,Cary Group AB,Plan Vivo,Improved forest management,"2,066",PVC (tCO2e),UNIT
05 Jan 2023,2021,Trees for Global Benefits,ZeroMission AB- Plan Vivo,MAX Burgers AB,Plan Vivo,Afforestation / Reforestation,"20,000",PVC (tCO2e),UNIT
04 Apr 2024,2021,ArBolivia,ZeroMission AB- Plan Vivo,Saltå Kvarn AB,Plan Vivo,Afforestation / Reforestation,119,PVC (tCO2e),UNIT
05 Nov 2025,2022,Trees for Global Benefits,ZeroMission AB- Plan Vivo,Zeromission AB,Plan Vivo,Afforestation / Reforestation,8,PVC (tCO2e),UNIT
15 Jun 2022,2021,ArBolivia,ZeroMission AB- Plan Vivo,GADDEN,Plan Vivo,Afforestation / Reforestation,224,PVC (tCO2e),UNIT
14 Jul 2022,2021,Trees for Global Benefits,ZeroMission AB- Plan Vivo,MAX Burgers AB,Plan Vivo,Afforestation / Reforestation,"53,649",PVC (tCO2e),UNIT
14 Jul 2022,2021,Trees for Global Benefits,ZeroMission AB- Plan Vivo,MAX Norway AS,Plan Vivo,Afforestation / Reforestation,"1,934",PVC (tCO2e),UNIT
14 Jul 2022,2021,Trees for Global Benefits,ZeroMission AB- Plan Vivo,We Love Burgers AS,Plan Vivo,Afforestation / Reforestation,910,PVC (tCO2e),UNIT
14 Jul 2022,2021,Trees for Global Benefits,ZeroMission AB- Plan Vivo,MAX Poland Sp. Zo.o,Plan Vivo,Afforestation / Reforestation,"2,960",PVC (tCO2e),UNIT
14 Jul 2022,2021,Trees for Global Benefits,ZeroMission AB- Plan Vivo,Ledarna,Plan Vivo,Afforestation / Reforestation,223,PVC (tCO2e),UNIT
14 Jul 2022,2021,Trees for Global Benefits,ZeroMission AB- Plan Vivo,Warner Music Finland,Plan Vivo,Afforestation / Reforestation,57,PVC (tCO2e),UNIT
14 Jul 2022,2019,Scolel té Natural Resources Management and Carbon Sequestration Project (Scolel té Natural Resources Management and Carbon Sequestration Project),ZeroMission AB- Plan Vivo,Fraktus,Plan Vivo,Afforestation / Reforestation,299,PVC (tCO2e),UNIT
14 Jul 2022,2019 - 2020,The CommuniTree Carbon Program (formerly Limay Community Carbon Project),ZeroMission AB- Plan Vivo,Società per la Cremazione Torino,Plan Vivo,Forest,817,PVC (tCO2e),UNIT
14 Jul 2022,2019 - 2020,The CommuniTree Carbon Program (formerly Limay Community Carbon Project),ZeroMission AB- Plan Vivo,Maria Nila,Plan Vivo,Forest,"1,000",PVC (tCO2e),UNIT
14 Jul 2022,2019 - 2020,The CommuniTree Carbon Program (formerly Limay Community Carbon Project),ZeroMission AB- Plan Vivo,Airmee,Plan Vivo,Forest,700,PVC (tCO2e),UNIT
14 Jul 2022,2018,Khasi Hills Community REDD+ Project: Restoring and Conserving Meghalaya's Hill ForestsThrough Community Action,ZeroMission AB- Plan Vivo,Arvid Nordquist (te),Plan Vivo,REDD,18,PVC (tCO2e),UNIT
14 Jul 2022,2018,Khasi Hills Community REDD+ Project: Restoring and Conserving Meghalaya's Hill ForestsThrough Community Action,ZeroMission AB- Plan Vivo,Arvid Nordquist (te),Plan Vivo,REDD,3,PVC (tCO2e),UNIT
15 Dec 2020,2018,Trees for Global Benefits,ZeroMission AB- Plan Vivo,Axis Communications,Plan Vivo,Afforestation / Reforestation,"1,859",PVC (tCO2e),UNIT
08 Jun 2022,2019,Scolel té Natural Resources Management and Carbon Sequestration Project (Scolel té Natural Resources Management and Carbon Sequestration Project),ZeroMission AB- Plan Vivo,ICANIWILL AB,Plan Vivo,Afforestation / Reforestation,155,PVC (tCO2e),UNIT
30 Sep 2025,2023,The CommuniTree Carbon Program (formerly Limay Community Carbon Project),ZeroMission AB- Plan Vivo,Internet of Planet AB,Plan Vivo,Forest,75,PVC (tCO2e),UNIT
30 Sep 2025,2023,Khasi Hills Community REDD+ Project: Restoring and Conserving Meghalaya's Hill ForestsThrough Community Action,ZeroMission AB- Plan Vivo,Internet of Planet AB,Plan Vivo,REDD,75,PVC (tCO2e),UNIT
30 Sep 2025,2023,Khasi Hills Community REDD+ Project: Restoring and Conserving Meghalaya's Hill ForestsThrough Community Action,ZeroMission AB- Plan Vivo,Presentkakan AB,Plan Vivo,REDD,"12,303",PVC (tCO2e),UNIT
30 Sep 2025,2023,Khasi Hills Community REDD+ Project: Restoring and Conserving Meghalaya's Hill ForestsThrough Community Action,ZeroMission AB- Plan Vivo,Hyresgästföreningen Plus AB,Plan Vivo,REDD,2,PVC (tCO2e),UNIT
30 Sep 2025,2023,Khasi Hills Community REDD+ Project: Restoring and Conserving Meghalaya's Hill ForestsThrough Community Action,ZeroMission AB- Plan Vivo,Roslagens Sparbank,Plan Vivo,REDD,130,PVC (tCO2e),UNIT
30 Sep 2025,2023,Khasi Hills Community REDD+ Project: Restoring and Conserving Meghalaya's Hill ForestsThrough Community Action,ZeroMission AB- Plan Vivo,Knowit AB,Plan Vivo,REDD,"3,284",PVC (tCO2e),UNIT
30 Sep 2025,2023,Khasi Hills Community REDD+ Project: Restoring and Conserving Meghalaya's Hill ForestsThrough Community Action,ZeroMission AB- Plan Vivo,V.S. VisitSweden AB,Plan Vivo,REDD,158,PVC (tCO2e),UNIT
30 Sep 2025,2023,Khasi Hills Community REDD+ Project: Restoring and Conserving Meghalaya's Hill ForestsThrough Community Action,ZeroMission AB- Plan Vivo,Team Rynkeby,Plan Vivo,REDD,34,PVC (tCO2e),UNIT
30 Sep 2025,2023,Khasi Hills Community REDD+ Project: Restoring and Conserving Meghalaya's Hill ForestsThrough Community Action,ZeroMission AB- Plan Vivo,Cary Group,Plan Vivo,REDD,"9,000",PVC (tCO2e),UNIT
19 Apr 2016,2011,ArBolivia,ZeroMission AB- Plan Vivo,,Plan Vivo,Afforestation / Reforestation,73,PVC (tCO2e),UNIT
19 Apr 2016,2010,ArBolivia,ZeroMission AB- Plan Vivo,,Plan Vivo,Afforestation / Reforestation,791,PVC (tCO2e),UNIT
29 Aug 2023,2022,The CommuniTree Carbon Program (formerly Limay Community Carbon Project),ZeroMission AB- Plan Vivo,Plåtspressning AB,Plan Vivo,Forest,5,PVC (tCO2e),UNIT
19 Apr 2016,2010,ArBolivia,ZeroMission AB- Plan Vivo,,Plan Vivo,Afforestation / Reforestation,970,PVC (tCO2e),UNIT
29 Aug 2023,2022,The CommuniTree Carbon Program (formerly Limay Community Carbon Project),ZeroMission AB- Plan Vivo,Maria Nila,Plan Vivo,Forest,90,PVC (tCO2e),UNIT
12 Nov 2025,2022,Trees for Global Benefits,ZeroMission AB- Plan Vivo,Eklundens Grafiska AB,Plan Vivo,Afforestation / Reforestation,6,PVC (tCO2e),UNIT
12 Nov 2025,2022,Trees for Global Benefits,ZeroMission AB- Plan Vivo,Esam AB,Plan Vivo,Afforestation / Reforestation,7,PVC (tCO2e),UNIT
13 Nov 2025,2023,Scolel té Natural Resources Management and Carbon Sequestration Project (Scolel té Natural Resources Management and Carbon Sequestration Project),ZeroMission AB- Plan Vivo,The Absolut Company,Plan Vivo,Afforestation / Reforestation,220,PVC (tCO2e),UNIT
13 Nov 2025,2023,Scolel té Natural Resources Management and Carbon Sequestration Project (Scolel té Natural Resources Management and Carbon Sequestration Project),ZeroMission AB- Plan Vivo,Saltå Kvarn AB,Plan Vivo,Afforestation / Reforestation,91,PVC (tCO2e),UNIT
13 Nov 2025,2022,The CommuniTree Carbon Program (formerly Limay Community Carbon Project),ZeroMission AB- Plan Vivo,Rekon,Plan Vivo,Forest,24,PVC (tCO2e),UNIT
13 Nov 2025,2022,The CommuniTree Carbon Program (formerly Limay Community Carbon Project),ZeroMission AB- Plan Vivo,Maria Nila,Plan Vivo,Forest,"1,462",PVC (tCO2e),UNIT
13 Nov 2025,2022,The CommuniTree Carbon Program (formerly Limay Community Carbon Project),ZeroMission AB- Plan Vivo,Saltå Kvarn,Plan Vivo,Forest,91,PVC (tCO2e),UNIT
13 Nov 2025,2023,The CommuniTree Carbon Program (formerly Limay Community Carbon Project),ZeroMission AB- Plan Vivo,Norrenergi AB,Plan Vivo,Forest,294,PVC (tCO2e),UNIT
13 Nov 2025,2023,The CommuniTree Carbon Program (formerly Limay Community Carbon Project),ZeroMission AB- Plan Vivo,Sproud,Plan Vivo,Forest,23,PVC (tCO2e),UNIT
13 Nov 2025,2023,The CommuniTree Carbon Program (formerly Limay Community Carbon Project),ZeroMission AB- Plan Vivo,Halmstad Kakelhus AB,Plan Vivo,Forest,56,PVC (tCO2e),UNIT
13 Nov 2025,2023,The CommuniTree Carbon Program (formerly Limay Community Carbon Project),ZeroMission AB- Plan Vivo,Jubels AB,Plan Vivo,Forest,130,PVC (tCO2e),UNIT
13 Nov 2025,2023,The CommuniTree Carbon Program (formerly Limay Community Carbon Project),ZeroMission AB- Plan Vivo,Hälsinge Golv AB,Plan Vivo,Forest,42,PVC (tCO2e),UNIT
13 Nov 2025,2023,The CommuniTree Carbon Program (formerly Limay Community Carbon Project),ZeroMission AB- Plan Vivo,Kakelhuset i Kungsbacka AB,Plan Vivo,Forest,40,PVC (tCO2e),UNIT
13 Nov 2025,2023,The CommuniTree Carbon Program (formerly Limay Community Carbon Project),ZeroMission AB- Plan Vivo,Nättraby Kakelservice AB,Plan Vivo,Forest,55,PVC (tCO2e),UNIT
13 Nov 2025,2023,The CommuniTree Carbon Program (formerly Limay Community Carbon Project),ZeroMission AB- Plan Vivo,Varbergs Kakelhus AB,Plan Vivo,Forest,34,PVC (tCO2e),UNIT
08 Jun 2022,2019,Scolel té Natural Resources Management and Carbon Sequestration Project (Scolel té Natural Resources Management and Carbon Sequestration Project),ZeroMission AB- Plan Vivo,ICANIWILL AB,Plan Vivo,Afforestation / Reforestation,155,PVC (tCO2e),UNIT
14 Jul 2022,2021,Trees for Global Benefits,ZeroMission AB- Plan Vivo,Elvenite,Plan Vivo,Afforestation / Reforestation,210,PVC (tCO2e),UNIT
07 Nov 2012,2010,Trees of Hope,ZeroMission AB- Plan Vivo,,Plan Vivo,Afforestation / Reforestation,137,PVC (tCO2e),UNIT
07 Nov 2012,2010,Trees of Hope,ZeroMission AB- Plan Vivo,,Plan Vivo,Afforestation / Reforestation,43,PVC (tCO2e),UNIT
27 Dec 2016,2010,Scolel té Natural Resources Management and Carbon Sequestration Project (Scolel té Natural Resources Management and Carbon Sequestration Project),ZeroMission AB- Plan Vivo,,Plan Vivo,Afforestation / Reforestation,17,PVC (tCO2e),UNIT
19 May 2022,2019,Scolel té Natural Resources Management and Carbon Sequestration Project (Scolel té Natural Resources Management and Carbon Sequestration Project),ZeroMission AB- Plan Vivo,Ecometrica,Plan Vivo,Afforestation / Reforestation,143,PVC (tCO2e),UNIT
07 Nov 2012,2010,Trees of Hope,ZeroMission AB- Plan Vivo,,Plan Vivo,Afforestation / Reforestation,65,PVC (tCO2e),UNIT
13 Sep 2024,2021,Khasi Hills Community REDD+ Project: Restoring and Conserving Meghalaya's Hill ForestsThrough Community Action,ZeroMission AB- Plan Vivo,Scouterna,Plan Vivo,REDD,"3,106",PVC (tCO2e),UNIT
07 Nov 2012,2010,Trees of Hope,ZeroMission AB- Plan Vivo,,Plan Vivo,Afforestation / Reforestation,4,PVC (tCO2e),UNIT
07 Nov 2012,2010,Trees of Hope,ZeroMission AB- Plan Vivo,,Plan Vivo,Afforestation / Reforestation,151,PVC (tCO2e),UNIT
16 Nov 2012,2010,Trees of Hope,ZeroMission AB- Plan Vivo,,Plan Vivo,Afforestation / Reforestation,"4,666",PVC (tCO2e),UNIT
16 Nov 2012,2010,Trees of Hope,ZeroMission AB- Plan Vivo,,Plan Vivo,Afforestation / Reforestation,600,PVC (tCO2e),UNIT
11 May 2022,2019,Scolel té Natural Resources Management and Carbon Sequestration Project (Scolel té Natural Resources Management and Carbon Sequestration Project),ZeroMission AB- Plan Vivo,MAX Norway AS,Plan Vivo,Afforestation / Reforestation,"1,396",PVC (tCO2e),UNIT
12 Dec 2012,2010,Trees of Hope,ZeroMission AB- Plan Vivo,,Plan Vivo,Afforestation / Reforestation,3,PVC (tCO2e),UNIT
28 Dec 2016,2010,Scolel té Natural Resources Management and Carbon Sequestration Project (Scolel té Natural Resources Management and Carbon Sequestration Project),ZeroMission AB- Plan Vivo,,Plan Vivo,Afforestation / Reforestation,78,PVC (tCO2e),UNIT
14 Jul 2022,2018,Khasi Hills Community REDD+ Project: Restoring and Conserving Meghalaya's Hill ForestsThrough Community Action,ZeroMission AB- Plan Vivo,Arvid Nordquist (te),Plan Vivo,REDD,12,PVC (tCO2e),UNIT
14 Jul 2022,2020 - 2021,The Yaeda-Eyasi Landscape REDD project(old),ZeroMission AB- Plan Vivo,Naturvetarna,Plan Vivo,REDD,53,PVC (tCO2e),UNIT
14 Jul 2022,2020 - 2021,The Yaeda-Eyasi Landscape REDD project(old),ZeroMission AB- Plan Vivo,Airmee,Plan Vivo,REDD,700,PVC (tCO2e),UNIT
15 Jul 2022,2016 - 2017,"Pasture Conservation and Climate Action , Mongolia",ZeroMission AB- Plan Vivo,Adaptiv,Plan Vivo,Agriculture land management,25,PVC (tCO2e),UNIT
15 Jul 2022,2020,Vanga Blue Forest,ZeroMission AB- Plan Vivo,Menigo Foodservice AB,Plan Vivo,Forest Conservation & Avoided Deforestation,950,PVC (tCO2e),UNIT
15 Jul 2022,2011 - 2019,HALO VERDE TIMOR COMMUNITY FOREST CARBON,ZeroMission AB- Plan Vivo,ILEMA Miljöanalys AB,Plan Vivo,Afforestation / Reforestation,20,PVC (tCO2e),UNIT
15 Jul 2022,2011 - 2019,HALO VERDE TIMOR COMMUNITY FOREST CARBON,ZeroMission AB- Plan Vivo,ILEMA Miljöanalys,Plan Vivo,Afforestation / Reforestation,21,PVC (tCO2e),UNIT
13 Apr 2022,2019 - 2020,The CommuniTree Carbon Program (formerly Limay Community Carbon Project),ZeroMission AB- Plan Vivo,Freys Express AB,Plan Vivo,Forest,18,PVC (tCO2e),UNIT
13 Apr 2022,2019 - 2020,The CommuniTree Carbon Program (formerly Limay Community Carbon Project),ZeroMission AB- Plan Vivo,Movare AB,Plan Vivo,Forest,53,PVC (tCO2e),UNIT
13 Apr 2022,2019 - 2020,The CommuniTree Carbon Program (formerly Limay Community Carbon Project),ZeroMission AB- Plan Vivo,Eterne AB,Plan Vivo,Forest,52,PVC (tCO2e),UNIT
10 Sep 2024,2021,Mikoko Pamoja,ZeroMission AB- Plan Vivo,Telinet Energi AB,Plan Vivo,Forest Conservation & Avoided Deforestation,14,PVC (tCO2e),UNIT
11 Sep 2024,2021 - 2022,The Yaeda-Eyasi Landscape REDD project,ZeroMission AB- Plan Vivo,Äventyrsresor Aktiebolag,Plan Vivo,REDD,56,PVC (tCO2e),UNIT
10 Aug 2021,2011 - 2019,HALO VERDE TIMOR COMMUNITY FOREST CARBON,ZeroMission AB- Plan Vivo,Länsförsäkringar Norrbotten,Plan Vivo,Afforestation / Reforestation,151,PVC (tCO2e),UNIT
11 Jun 2021,2020,Mikoko Pamoja,ZeroMission AB- Plan Vivo,IVL Svenska Miljöinstitutet AB,Plan Vivo,Forest Conservation & Avoided Deforestation,500,PVC (tCO2e),UNIT
13 Sep 2024,2015 - 2016,Drawa Rainforest Carbon Project,ZeroMission AB- Plan Vivo,Oddlygood Global Oy,Plan Vivo,Improved forest management,81,PVC (tCO2e),UNIT
15 Jul 2022,2020,Vanga Blue Forest,ZeroMission AB- Plan Vivo,Menigo Foodservice AB,Plan Vivo,Forest Conservation & Avoided Deforestation,950,PVC (tCO2e),UNIT
15 Jul 2022,2016 - 2017,"Pasture Conservation and Climate Action , Mongolia",ZeroMission AB- Plan Vivo,Adaptiv,Plan Vivo,Agriculture land management,25,PVC (tCO2e),UNIT
14 Jul 2022,2020 - 2021,The Yaeda-Eyasi Landscape REDD project(old),ZeroMission AB- Plan Vivo,Airmee,Plan Vivo,REDD,700,PVC (tCO2e),UNIT
14 Jul 2022,2020 - 2021,The Yaeda-Eyasi Landscape REDD project(old),ZeroMission AB- Plan Vivo,Naturvetarna,Plan Vivo,REDD,53,PVC (tCO2e),UNIT
14 Jul 2022,2018,Khasi Hills Community REDD+ Project: Restoring and Conserving Meghalaya's Hill ForestsThrough Community Action,ZeroMission AB- Plan Vivo,Arvid Nordquist (te),Plan Vivo,REDD,12,PVC (tCO2e),UNIT
14 Jul 2022,2018,Khasi Hills Community REDD+ Project: Restoring and Conserving Meghalaya's Hill ForestsThrough Community Action,ZeroMission AB- Plan Vivo,Arvid Nordquist (te),Plan Vivo,REDD,3,PVC (tCO2e),UNIT
14 Jul 2022,2018,Khasi Hills Community REDD+ Project: Restoring and Conserving Meghalaya's Hill ForestsThrough Community Action,ZeroMission AB- Plan Vivo,Arvid Nordquist (te),Plan Vivo,REDD,18,PVC (tCO2e),UNIT
14 Jul 2022,2019 - 2020,The CommuniTree Carbon Program (formerly Limay Community Carbon Project),ZeroMission AB- Plan Vivo,Airmee,Plan Vivo,Forest,700,PVC (tCO2e),UNIT
14 Jul 2022,2019 - 2020,The CommuniTree Carbon Program (formerly Limay Community Carbon Project),ZeroMission AB- Plan Vivo,Maria Nila,Plan Vivo,Forest,"1,000",PVC (tCO2e),UNIT
14 Jul 2022,2019 - 2020,The CommuniTree Carbon Program (formerly Limay Community Carbon Project),ZeroMission AB- Plan Vivo,Società per la Cremazione Torino,Plan Vivo,Forest,817,PVC (tCO2e),UNIT
14 Jul 2022,2019,Scolel té Natural Resources Management and Carbon Sequestration Project (Scolel té Natural Resources Management and Carbon Sequestration Project),ZeroMission AB- Plan Vivo,Fraktus,Plan Vivo,Afforestation / Reforestation,299,PVC (tCO2e),UNIT
14 Jul 2022,2021,Trees for Global Benefits,ZeroMission AB- Plan Vivo,Warner Music Finland,Plan Vivo,Afforestation / Reforestation,57,PVC (tCO2e),UNIT
24 Feb 2025,2022,The CommuniTree Carbon Program (formerly Limay Community Carbon Project),ZeroMission AB- Plan Vivo,P&B Golv AB,Plan Vivo,Forest,30,PVC (tCO2e),UNIT
14 Jul 2022,2021,Trees for Global Benefits,ZeroMission AB- Plan Vivo,Ledarna,Plan Vivo,Afforestation / Reforestation,223,PVC (tCO2e),UNIT
27 Feb 2025,2022,The CommuniTree Carbon Program (formerly Limay Community Carbon Project),ZeroMission AB- Plan Vivo,Golvmästarna i Järfälla AB,Plan Vivo,Forest,64,PVC (tCO2e),UNIT
15 Jun 2022,2021,ArBolivia,ZeroMission AB- Plan Vivo,GADDEN,Plan Vivo,Afforestation / Reforestation,224,PVC (tCO2e),UNIT
08 Jun 2022,2019,Scolel té Natural Resources Management and Carbon Sequestration Project (Scolel té Natural Resources Management and Carbon Sequestration Project),ZeroMission AB- Plan Vivo,ICANIWILL AB,Plan Vivo,Afforestation / Reforestation,155,PVC (tCO2e),UNIT
14 Jul 2022,2021,Trees for Global Benefits,ZeroMission AB- Plan Vivo,Elvenite,Plan Vivo,Afforestation / Reforestation,210,PVC (tCO2e),UNIT
19 May 2022,2019,Scolel té Natural Resources Management and Carbon Sequestration Project (Scolel té Natural Resources Management and Carbon Sequestration Project),ZeroMission AB- Plan Vivo,Ecometrica,Plan Vivo,Afforestation / Reforestation,143,PVC (tCO2e),UNIT
13 Sep 2024,2021,Khasi Hills Community REDD+ Project: Restoring and Conserving Meghalaya's Hill ForestsThrough Community Action,ZeroMission AB- Plan Vivo,Scouterna,Plan Vivo,REDD,"3,106",PVC (tCO2e),UNIT
11 May 2022,2019,Scolel té Natural Resources Management and Carbon Sequestration Project (Scolel té Natural Resources Management and Carbon Sequestration Project),ZeroMission AB- Plan Vivo,MAX Norway AS,Plan Vivo,Afforestation / Reforestation,"1,396",PVC (tCO2e),UNIT
23 Feb 2023,2019 - 2020,The CommuniTree Carbon Program (formerly Limay Community Carbon Project),ZeroMission AB- Plan Vivo,Arvid Nordquist (kaffe),Plan Vivo,Forest,"3,851",PVC (tCO2e),UNIT
08 Mar 2024,2023,The CommuniTree Carbon Program (formerly Limay Community Carbon Project),ZeroMission AB- Plan Vivo,Arvid Nordquist (kaffe),Plan Vivo,Forest,"24,611",PVC (tCO2e),UNIT
06 May 2022,2021,ArBolivia,ZeroMission AB- Plan Vivo,Örebro Universitet,Plan Vivo,Afforestation / Reforestation,92,PVC (tCO2e),UNIT
05 May 2022,2017 - 2018,Loru Forest Project,ZeroMission AB- Plan Vivo,ZeroMission AB,Plan Vivo,Reduced emissions from deforestation & degradation,24,PVC (tCO2e),UNIT
28 Apr 2022,2019 - 2020,The CommuniTree Carbon Program (formerly Limay Community Carbon Project),ZeroMission AB- Plan Vivo,Gemo Lagerinredningar AB (Järnmalmer),Plan Vivo,Forest,6,PVC (tCO2e),UNIT
28 Apr 2022,2021,The CommuniTree Carbon Program (formerly Limay Community Carbon Project),ZeroMission AB- Plan Vivo,Arvid Nordquist (kaffe),Plan Vivo,Forest,"23,850",PVC (tCO2e),UNIT
20 Apr 2022,2020,Trees for Global Benefits,ZeroMission AB- Plan Vivo,Embedded Artists,Plan Vivo,Afforestation / Reforestation,89,PVC (tCO2e),UNIT
20 Apr 2022,2020,Trees for Global Benefits,ZeroMission AB- Plan Vivo,KantDesign,Plan Vivo,Afforestation / Reforestation,225,PVC (tCO2e),UNIT
22 Mar 2024,2022,Scolel té Natural Resources Management and Carbon Sequestration Project (Scolel té Natural Resources Management and Carbon Sequestration Project),ZeroMission AB- Plan Vivo,Max Norway AS,Plan Vivo,Afforestation / Reforestation,"1,026",PVC (tCO2e),UNIT
18 Feb 2014,2012,Khasi Hills Community REDD+ Project: Restoring and Conserving Meghalaya's Hill ForestsThrough Community Action,ZeroMission AB- Plan Vivo,,Plan Vivo,REDD,"2,463",PVC (tCO2e),UNIT
30 Sep 2025,2023,Khasi Hills Community REDD+ Project: Restoring and Conserving Meghalaya's Hill ForestsThrough Community Action,ZeroMission AB- Plan Vivo,Cary Group,Plan Vivo,REDD,"9,000",PVC (tCO2e),UNIT
05 Mar 2026,2020 - 2021,"Pasture Conservation and Climate Action , Mongolia",ZeroMission AB- Plan Vivo,Lövsta Future Challenge Dressage,Plan Vivo,Agriculture land management,40,PVC (tCO2e),UNIT
05 Mar 2026,2023,Vanga Blue Forest,ZeroMission AB- Plan Vivo,Opus Bilprovning AB,Plan Vivo,Forest Conservation & Avoided Deforestation,100,PVC (tCO2e),UNIT
05 Mar 2026,2024,Vanga Blue Forest,ZeroMission AB- Plan Vivo,Mengio Foodservice AB,Plan Vivo,Forest Conservation & Avoided Deforestation,"1,372",PVC (tCO2e),UNIT
24 Feb 2025,2017 - 2022,UTNWF,ZeroMission AB- Plan Vivo,AW2 Konsulter AB,Plan Vivo,Agriculture land management,13,PVC (tCO2e),UNIT
24 Feb 2025,2017 - 2022,UTNWF,ZeroMission AB- Plan Vivo,Carola Mattsson,Plan Vivo,Agriculture land management,3,PVC (tCO2e),UNIT
10 Aug 2021,2020 - 2021,The Yaeda-Eyasi Landscape REDD project(old),ZeroMission AB- Plan Vivo,Airmee,Plan Vivo,REDD,100,PVC (tCO2e),UNIT
10 Aug 2021,2016 - 2017,"Pasture Conservation and Climate Action , Mongolia",ZeroMission AB- Plan Vivo,HållbarHäst,Plan Vivo,Agriculture land management,9,PVC (tCO2e),UNIT
10 Aug 2021,2017,Mikoko Pamoja,ZeroMission AB- Plan Vivo,AMB Industri AB,Plan Vivo,Forest Conservation & Avoided Deforestation,80,PVC (tCO2e),UNIT
10 Aug 2021,2018,Khasi Hills Community REDD+ Project: Restoring and Conserving Meghalaya's Hill ForestsThrough Community Action,ZeroMission AB- Plan Vivo,Hyresgästföreningen,Plan Vivo,REDD,9,PVC (tCO2e),UNIT
10 Aug 2021,2019,Khasi Hills Community REDD+ Project: Restoring and Conserving Meghalaya's Hill ForestsThrough Community Action,ZeroMission AB- Plan Vivo,Gotlandsägg,Plan Vivo,REDD,283,PVC (tCO2e),UNIT
10 Aug 2021,2019,Khasi Hills Community REDD+ Project: Restoring and Conserving Meghalaya's Hill ForestsThrough Community Action,ZeroMission AB- Plan Vivo,Presentkakan,Plan Vivo,REDD,"1,630",PVC (tCO2e),UNIT
10 Aug 2021,2019,Khasi Hills Community REDD+ Project: Restoring and Conserving Meghalaya's Hill ForestsThrough Community Action,ZeroMission AB- Plan Vivo,Kronägg AB,Plan Vivo,REDD,"6,250",PVC (tCO2e),UNIT
13 Aug 2021,2011 - 2019,HALO VERDE TIMOR COMMUNITY FOREST CARBON,ZeroMission AB- Plan Vivo,Adaptiv,Plan Vivo,Afforestation / Reforestation,25,PVC (tCO2e),UNIT
12 Nov 2025,2022,Trees for Global Benefits,ZeroMission AB- Plan Vivo,Esam AB,Plan Vivo,Afforestation / Reforestation,7,PVC (tCO2e),UNIT
13 Nov 2025,2023,Scolel té Natural Resources Management and Carbon Sequestration Project (Scolel té Natural Resources Management and Carbon Sequestration Project),ZeroMission AB- Plan Vivo,The Absolut Company,Plan Vivo,Afforestation / Reforestation,220,PVC (tCO2e),UNIT
13 Nov 2025,2023,Scolel té Natural Resources Management and Carbon Sequestration Project (Scolel té Natural Resources Management and Carbon Sequestration Project),ZeroMission AB- Plan Vivo,Saltå Kvarn AB,Plan Vivo,Afforestation / Reforestation,91,PVC (tCO2e),UNIT
13 Nov 2025,2022,The CommuniTree Carbon Program (formerly Limay Community Carbon Project),ZeroMission AB- Plan Vivo,Rekon,Plan Vivo,Forest,24,PVC (tCO2e),UNIT
13 Nov 2025,2022,The CommuniTree Carbon Program (formerly Limay Community Carbon Project),ZeroMission AB- Plan Vivo,Maria Nila,Plan Vivo,Forest,"1,462",PVC (tCO2e),UNIT
13 Nov 2025,2022,The CommuniTree Carbon Program (formerly Limay Community Carbon Project),ZeroMission AB- Plan Vivo,Saltå Kvarn,Plan Vivo,Forest,91,PVC (tCO2e),UNIT
13 Nov 2025,2023,The CommuniTree Carbon Program (formerly Limay Community Carbon Project),ZeroMission AB- Plan Vivo,Norrenergi AB,Plan Vivo,Forest,294,PVC (tCO2e),UNIT
13 Nov 2025,2023,The CommuniTree Carbon Program (formerly Limay Community Carbon Project),ZeroMission AB- Plan Vivo,Sproud,Plan Vivo,Forest,23,PVC (tCO2e),UNIT
13 Nov 2025,2023,The CommuniTree Carbon Program (formerly Limay Community Carbon Project),ZeroMission AB- Plan Vivo,Halmstad Kakelhus AB,Plan Vivo,Forest,56,PVC (tCO2e),UNIT
13 Nov 2025,2023,The CommuniTree Carbon Program (formerly Limay Community Carbon Project),ZeroMission AB- Plan Vivo,Jubels AB,Plan Vivo,Forest,130,PVC (tCO2e),UNIT
13 Nov 2025,2023,The CommuniTree Carbon Program (formerly Limay Community Carbon Project),ZeroMission AB- Plan Vivo,Hälsinge Golv AB,Plan Vivo,Forest,42,PVC (tCO2e),UNIT
13 Nov 2025,2023,The CommuniTree Carbon Program (formerly Limay Community Carbon Project),ZeroMission AB- Plan Vivo,Kakelhuset i Kungsbacka AB,Plan Vivo,Forest,40,PVC (tCO2e),UNIT
13 Nov 2025,2023,The CommuniTree Carbon Program (formerly Limay Community Carbon Project),ZeroMission AB- Plan Vivo,Nättraby Kakelservice AB,Plan Vivo,Forest,55,PVC (tCO2e),UNIT
13 Nov 2025,2023,The CommuniTree Carbon Program (formerly Limay Community Carbon Project),ZeroMission AB- Plan Vivo,Varbergs Kakelhus AB,Plan Vivo,Forest,34,PVC (tCO2e),UNIT
13 Nov 2025,2023,The CommuniTree Carbon Program (formerly Limay Community Carbon Project),ZeroMission AB- Plan Vivo,Björkstadens Golv AB,Plan Vivo,Forest,52,PVC (tCO2e),UNIT
04 Apr 2025,2022,The CommuniTree Carbon Program (formerly Limay Community Carbon Project),ZeroMission AB- Plan Vivo,Linde Gas AB,Plan Vivo,Forest,400,PVC (tCO2e),UNIT
04 Apr 2025,2022,The CommuniTree Carbon Program (formerly Limay Community Carbon Project),ZeroMission AB- Plan Vivo,Adda AB,Plan Vivo,Forest,103,PVC (tCO2e),UNIT
28 Apr 2022,2019 - 2020,The CommuniTree Carbon Program (formerly Limay Community Carbon Project),ZeroMission AB- Plan Vivo,Gemo Lagerinredningar AB (Järnmalmer),Plan Vivo,Forest,6,PVC (tCO2e),UNIT
28 Apr 2022,2021,The CommuniTree Carbon Program (formerly Limay Community Carbon Project),ZeroMission AB- Plan Vivo,Arvid Nordquist (kaffe),Plan Vivo,Forest,"23,850",PVC (tCO2e),UNIT
09 Apr 2025,2022,Trees for Global Benefits,ZeroMission AB- Plan Vivo,Maria Nila AB,Plan Vivo,Afforestation / Reforestation,"3,100",PVC (tCO2e),UNIT
09 Apr 2025,2022,Trees for Global Benefits,ZeroMission AB- Plan Vivo,Max Burgers AB,Plan Vivo,Afforestation / Reforestation,837,PVC (tCO2e),UNIT
09 Apr 2025,2022,Trees for Global Benefits,ZeroMission AB- Plan Vivo,Max Burgers AB,Plan Vivo,Afforestation / Reforestation,836,PVC (tCO2e),UNIT
09 Apr 2025,2022,Trees for Global Benefits,ZeroMission AB- Plan Vivo,Max Norway AS,Plan Vivo,Afforestation / Reforestation,"4,932",PVC (tCO2e),UNIT
09 Apr 2025,2022,Trees for Global Benefits,ZeroMission AB- Plan Vivo,Zeromission AB,Plan Vivo,Afforestation / Reforestation,144,PVC (tCO2e),UNIT
09 Apr 2025,2022,Trees for Global Benefits,ZeroMission AB- Plan Vivo,Esam AB,Plan Vivo,Afforestation / Reforestation,12,PVC (tCO2e),UNIT
09 Apr 2025,2022,Trees for Global Benefits,ZeroMission AB- Plan Vivo,Mattssons Fastighetsutveckling AB,Plan Vivo,Afforestation / Reforestation,737,PVC (tCO2e),UNIT
09 Apr 2025,2022,Trees for Global Benefits,ZeroMission AB- Plan Vivo,Max Poland Sp. Zo.o,Plan Vivo,Afforestation / Reforestation,"15,322",PVC (tCO2e),UNIT
09 Apr 2025,2022,Trees for Global Benefits,ZeroMission AB- Plan Vivo,We Love Burgers A/S,Plan Vivo,Afforestation / Reforestation,"2,830",PVC (tCO2e),UNIT
09 Apr 2025,2022,Trees for Global Benefits,ZeroMission AB- Plan Vivo,ICANIWILL AB,Plan Vivo,Afforestation / Reforestation,"2,079",PVC (tCO2e),UNIT
09 Apr 2025,2022,Trees for Global Benefits,ZeroMission AB- Plan Vivo,Föreningen Uppsalaekonomerna,Plan Vivo,Afforestation / Reforestation,33,PVC (tCO2e),UNIT
20 Nov 2023,2022,The CommuniTree Carbon Program (formerly Limay Community Carbon Project),ZeroMission AB- Plan Vivo,Varbergs kakelhus AB,Plan Vivo,Forest,57,PVC (tCO2e),UNIT
20 Nov 2023,2022,The CommuniTree Carbon Program (formerly Limay Community Carbon Project),ZeroMission AB- Plan Vivo,Winsth Golv & Kakel AB,Plan Vivo,Forest,11,PVC (tCO2e),UNIT
20 Nov 2023,2022,The CommuniTree Carbon Program (formerly Limay Community Carbon Project),ZeroMission AB- Plan Vivo,Örebro Parkett & Golv,Plan Vivo,Forest,96,PVC (tCO2e),UNIT
20 Nov 2023,2022,The CommuniTree Carbon Program (formerly Limay Community Carbon Project),ZeroMission AB- Plan Vivo,Assmundsons Golv AB,Plan Vivo,Forest,51,PVC (tCO2e),UNIT
20 Nov 2023,2022,The CommuniTree Carbon Program (formerly Limay Community Carbon Project),ZeroMission AB- Plan Vivo,Rosersbergs Golv AB,Plan Vivo,Forest,69,PVC (tCO2e),UNIT
20 Nov 2023,2022,The CommuniTree Carbon Program (formerly Limay Community Carbon Project),ZeroMission AB- Plan Vivo,Golvmästarna i Järfälla AB,Plan Vivo,Forest,70,PVC (tCO2e),UNIT
20 Nov 2023,2022,The CommuniTree Carbon Program (formerly Limay Community Carbon Project),ZeroMission AB- Plan Vivo,Golv & Kakel Bernt Löfqivst AB,Plan Vivo,Forest,106,PVC (tCO2e),UNIT
20 Nov 2023,2022,The CommuniTree Carbon Program (formerly Limay Community Carbon Project),ZeroMission AB- Plan Vivo,Sackeus,Plan Vivo,Forest,52,PVC (tCO2e),UNIT
20 Nov 2023,2022,The CommuniTree Carbon Program (formerly Limay Community Carbon Project),ZeroMission AB- Plan Vivo,Maria Nila AB,Plan Vivo,Forest,525,PVC (tCO2e),UNIT
20 Nov 2023,2022,The CommuniTree Carbon Program (formerly Limay Community Carbon Project),ZeroMission AB- Plan Vivo,Sellhelp AB,Plan Vivo,Forest,"1,600",PVC (tCO2e),UNIT
20 Nov 2023,2022,The CommuniTree Carbon Program (formerly Limay Community Carbon Project),ZeroMission AB- Plan Vivo,Max Burgers AB,Plan Vivo,Forest,"15,945",PVC (tCO2e),UNIT
20 Nov 2023,2022,The CommuniTree Carbon Program (formerly Limay Community Carbon Project),ZeroMission AB- Plan Vivo,GodEl AB,Plan Vivo,Forest,"1,312",PVC (tCO2e),UNIT
15 Dec 2020,2019,Khasi Hills Community REDD+ Project: Restoring and Conserving Meghalaya's Hill ForestsThrough Community Action,ZeroMission AB- Plan Vivo,Lidl,Plan Vivo,REDD,"6,409",PVC (tCO2e),UNIT
15 Dec 2020,2019,Khasi Hills Community REDD+ Project: Restoring and Conserving Meghalaya's Hill ForestsThrough Community Action,ZeroMission AB- Plan Vivo,Presentkakan,Plan Vivo,REDD,"7,500",PVC (tCO2e),UNIT
11 Dec 2020,2019 - 2020,The Yaeda-Eyasi Landscape REDD project(old),ZeroMission AB- Plan Vivo,Bengt Dahlgren Syd,Plan Vivo,REDD,34,PVC (tCO2e),UNIT
15 Dec 2020,2018,Trees for Global Benefits,ZeroMission AB- Plan Vivo,Atea Norge,Plan Vivo,Afforestation / Reforestation,"2,000",PVC (tCO2e),UNIT
15 Dec 2020,2016,Trees for Global Benefits,ZeroMission AB- Plan Vivo,Ledarna,Plan Vivo,Afforestation / Reforestation,5,PVC (tCO2e),UNIT
23 Jun 2020,2019 - 2020,The Yaeda-Eyasi Landscape REDD project(old),ZeroMission AB- Plan Vivo,Stureplansgruppen Event AB,Plan Vivo,REDD,91,PVC (tCO2e),UNIT
20 Apr 2022,2016,Trees for Global Benefits,ZeroMission AB- Plan Vivo,Ledarna,Plan Vivo,Afforestation / Reforestation,71,PVC (tCO2e),UNIT
10 Aug 2021,2019,Khasi Hills Community REDD+ Project: Restoring and Conserving Meghalaya's Hill ForestsThrough Community Action,ZeroMission AB- Plan Vivo,Gotlandsägg,Plan Vivo,REDD,755,PVC (tCO2e),UNIT
17 Dec 2021,2018,Khasi Hills Community REDD+ Project: Restoring and Conserving Meghalaya's Hill ForestsThrough Community Action,ZeroMission AB- Plan Vivo,Nordströms Bygghandel AB,Plan Vivo,REDD,"19,718",PVC (tCO2e),UNIT
10 Aug 2021,2019,Khasi Hills Community REDD+ Project: Restoring and Conserving Meghalaya's Hill ForestsThrough Community Action,ZeroMission AB- Plan Vivo,Hyresgästföreningen,Plan Vivo,REDD,4,PVC (tCO2e),UNIT
23 Jun 2020,2014,Durian Rambun,ZeroMission AB- Plan Vivo,Warner Music Norge,Plan Vivo,REDD,79,PVC (tCO2e),UNIT
12 Jun 2023,2022,The CommuniTree Carbon Program (formerly Limay Community Carbon Project),ZeroMission AB- Plan Vivo,Max Matthiessen AB,Plan Vivo,Forest,791,PVC (tCO2e),UNIT
12 Jun 2023,2022,The CommuniTree Carbon Program (formerly Limay Community Carbon Project),ZeroMission AB- Plan Vivo,Società per la Cremazione Torino,Plan Vivo,Forest,849,PVC (tCO2e),UNIT
12 Jun 2023,2022,The CommuniTree Carbon Program (formerly Limay Community Carbon Project),ZeroMission AB- Plan Vivo,Union Hand-Roasted Coffee,Plan Vivo,Forest,300,PVC (tCO2e),UNIT
12 Jun 2023,2022,The CommuniTree Carbon Program (formerly Limay Community Carbon Project),ZeroMission AB- Plan Vivo,Arvid Nordquist HAB,Plan Vivo,Forest,"1,296",PVC (tCO2e),UNIT
12 Jun 2023,2022,The CommuniTree Carbon Program (formerly Limay Community Carbon Project),ZeroMission AB- Plan Vivo,Länsförsäkringar Norrbotten,Plan Vivo,Forest,134,PVC (tCO2e),UNIT
12 Jun 2023,2022,The CommuniTree Carbon Program (formerly Limay Community Carbon Project),ZeroMission AB- Plan Vivo,The Absolut Company AB,Plan Vivo,Forest,210,PVC (tCO2e),UNIT
12 Jun 2023,2022,The CommuniTree Carbon Program (formerly Limay Community Carbon Project),ZeroMission AB- Plan Vivo,Sellhelp AB,Plan Vivo,Forest,"1,600",PVC (tCO2e),UNIT
15 Dec 2020,2018,Trees for Global Benefits,ZeroMission AB- Plan Vivo,Antalis,Plan Vivo,Afforestation / Reforestation,"1,200",PVC (tCO2e),UNIT
15 Dec 2020,2018,Trees for Global Benefits,ZeroMission AB- Plan Vivo,BudBee,Plan Vivo,Afforestation / Reforestation,"1,025",PVC (tCO2e),UNIT
15 Dec 2020,2018,Trees for Global Benefits,ZeroMission AB- Plan Vivo,W n B i Stockholm AB,Plan Vivo,Afforestation / Reforestation,438,PVC (tCO2e),UNIT
19 May 2022,2019,Scolel té Natural Resources Management and Carbon Sequestration Project (Scolel té Natural Resources Management and Carbon Sequestration Project),ZeroMission AB- Plan Vivo,Ecometrica,Plan Vivo,Afforestation / Reforestation,57,PVC (tCO2e),UNIT
11 May 2022,2019,Scolel té Natural Resources Management and Carbon Sequestration Project (Scolel té Natural Resources Management and Carbon Sequestration Project),ZeroMission AB- Plan Vivo,Hermansson & Co,Plan Vivo,Afforestation / Reforestation,751,PVC (tCO2e),UNIT
14 Jul 2022,2019,Scolel té Natural Resources Management and Carbon Sequestration Project (Scolel té Natural Resources Management and Carbon Sequestration Project),ZeroMission AB- Plan Vivo,Ekobanken,Plan Vivo,Afforestation / Reforestation,8,PVC (tCO2e),UNIT
23 Dec 2020,2018,ArBolivia,ZeroMission AB- Plan Vivo,Golvkedjan,Plan Vivo,Afforestation / Reforestation,50,PVC (tCO2e),UNIT
01 Jun 2018,2012,Sofala Community Carbon Project (formerly the N'hambita Community Carbon Project),ZeroMission AB- Plan Vivo,,Plan Vivo,Forest,18,PVC (tCO2e),UNIT
14 Dec 2015,2012,Khasi Hills Community REDD+ Project: Restoring and Conserving Meghalaya's Hill ForestsThrough Community Action,ZeroMission AB- Plan Vivo,,Plan Vivo,REDD,"4,474",PVC (tCO2e),UNIT
29 Apr 2014,2012,Khasi Hills Community REDD+ Project: Restoring and Conserving Meghalaya's Hill ForestsThrough Community Action,ZeroMission AB- Plan Vivo,,Plan Vivo,REDD,3,PVC (tCO2e),UNIT
29 Apr 2014,2012,Khasi Hills Community REDD+ Project: Restoring and Conserving Meghalaya's Hill ForestsThrough Community Action,ZeroMission AB- Plan Vivo,,Plan Vivo,REDD,80,PVC (tCO2e),UNIT
18 Feb 2014,2012,Khasi Hills Community REDD+ Project: Restoring and Conserving Meghalaya's Hill ForestsThrough Community Action,ZeroMission AB- Plan Vivo,,Plan Vivo,REDD,"2,463",PVC (tCO2e),UNIT
18 Feb 2014,2011,ArBolivia,ZeroMission AB- Plan Vivo,,Plan Vivo,Afforestation / Reforestation,6,PVC (tCO2e),UNIT
12 Dec 2012,2010,Trees of Hope,ZeroMission AB- Plan Vivo,,Plan Vivo,Afforestation / Reforestation,74,PVC (tCO2e),UNIT
12 Dec 2012,2010,Trees of Hope,ZeroMission AB- Plan Vivo,,Plan Vivo,Afforestation / Reforestation,14,PVC (tCO2e),UNIT
22 Mar 2024,2022,Scolel té Natural Resources Management and Carbon Sequestration Project (Scolel té Natural Resources Management and Carbon Sequestration Project),ZeroMission AB- Plan Vivo,The Absolut Company,Plan Vivo,Afforestation / Reforestation,"1,985",PVC (tCO2e),UNIT
22 Mar 2024,2022,Scolel té Natural Resources Management and Carbon Sequestration Project (Scolel té Natural Resources Management and Carbon Sequestration Project),ZeroMission AB- Plan Vivo,Smiling Faces AB,Plan Vivo,Afforestation / Reforestation,"1,599",PVC (tCO2e),UNIT
22 Mar 2024,2022,Scolel té Natural Resources Management and Carbon Sequestration Project (Scolel té Natural Resources Management and Carbon Sequestration Project),ZeroMission AB- Plan Vivo,The Absolut Company,Plan Vivo,Afforestation / Reforestation,283,PVC (tCO2e),UNIT
27 Mar 2024,2022,Trees for Global Benefits,ZeroMission AB- Plan Vivo,Fraktus AB,Plan Vivo,Afforestation / Reforestation,289,PVC (tCO2e),UNIT
27 Mar 2024,2022,Trees for Global Benefits,ZeroMission AB- Plan Vivo,Revideco AB,Plan Vivo,Afforestation / Reforestation,200,PVC (tCO2e),UNIT
27 Mar 2024,2022,Trees for Global Benefits,ZeroMission AB- Plan Vivo,Fraktus AB,Plan Vivo,Afforestation / Reforestation,265,PVC (tCO2e),UNIT
27 Mar 2024,2022,Trees for Global Benefits,ZeroMission AB- Plan Vivo,Mediafy AB,Plan Vivo,Afforestation / Reforestation,750,PVC (tCO2e),UNIT
27 Mar 2024,2022,Trees for Global Benefits,ZeroMission AB- Plan Vivo,Sproud International AB,Plan Vivo,Afforestation / Reforestation,24,PVC (tCO2e),UNIT
27 Mar 2024,2022,Trees for Global Benefits,ZeroMission AB- Plan Vivo,"N&FA, Handelshögskolan Göteborg Studentkår",Plan Vivo,Afforestation / Reforestation,76,PVC (tCO2e),UNIT
27 Mar 2024,2022,Trees for Global Benefits,ZeroMission AB- Plan Vivo,Scouterna,Plan Vivo,Afforestation / Reforestation,"4,221",PVC (tCO2e),UNIT
27 Mar 2024,2022,Trees for Global Benefits,ZeroMission AB- Plan Vivo,Louise Ungerth,Plan Vivo,Afforestation / Reforestation,26,PVC (tCO2e),UNIT
27 Mar 2024,2022,Trees for Global Benefits,ZeroMission AB- Plan Vivo,Fraktus AB,Plan Vivo,Afforestation / Reforestation,320,PVC (tCO2e),UNIT
04 Apr 2024,2022,Trees for Global Benefits,ZeroMission AB- Plan Vivo,Cary Group AB,Plan Vivo,Afforestation / Reforestation,"20,000",PVC (tCO2e),UNIT
14 Nov 2025,2022,ArBolivia,ZeroMission AB- Plan Vivo,Norvida AB,Plan Vivo,Afforestation / Reforestation,2,PVC (tCO2e),UNIT
09 Apr 2025,2022,Trees for Global Benefits,ZeroMission AB- Plan Vivo,Mattssons Fastighetsutveckling AB,Plan Vivo,Afforestation / Reforestation,103,PVC (tCO2e),UNIT
29 Aug 2023,2022,The CommuniTree Carbon Program (formerly Limay Community Carbon Project),ZeroMission AB- Plan Vivo,Printpool & Kapero,Plan Vivo,Forest,16,PVC (tCO2e),UNIT
29 Aug 2023,2022,The CommuniTree Carbon Program (formerly Limay Community Carbon Project),ZeroMission AB- Plan Vivo,Reachlog,Plan Vivo,Forest,12,PVC (tCO2e),UNIT
29 Aug 2023,2022,The CommuniTree Carbon Program (formerly Limay Community Carbon Project),ZeroMission AB- Plan Vivo,LundaEkonomerna,Plan Vivo,Forest,16,PVC (tCO2e),UNIT
30 Sep 2025,2022,Khasi Hills Community REDD+ Project: Restoring and Conserving Meghalaya's Hill ForestsThrough Community Action,ZeroMission AB- Plan Vivo,Hyresgästföreningen Plus AB,Plan Vivo,REDD,13,PVC (tCO2e),UNIT
24 Nov 2022,2019 - 2020,The CommuniTree Carbon Program (formerly Limay Community Carbon Project),ZeroMission AB- Plan Vivo,Gemo Lagerinredningar AB (Järnmalmer),Plan Vivo,Forest,17,PVC (tCO2e),UNIT
24 Nov 2022,2019 - 2020,The CommuniTree Carbon Program (formerly Limay Community Carbon Project),ZeroMission AB- Plan Vivo,Spiltan Fonder AB,Plan Vivo,Forest,16,PVC (tCO2e),UNIT
05 Jan 2023,2021,Scolel té Natural Resources Management and Carbon Sequestration Project (Scolel té Natural Resources Management and Carbon Sequestration Project),ZeroMission AB- Plan Vivo,MAX Burgers AB,Plan Vivo,Afforestation / Reforestation,"22,957",PVC (tCO2e),UNIT
05 Jan 2023,2021,Scolel té Natural Resources Management and Carbon Sequestration Project (Scolel té Natural Resources Management and Carbon Sequestration Project),ZeroMission AB- Plan Vivo,Fraktus AB,Plan Vivo,Afforestation / Reforestation,99,PVC (tCO2e),UNIT
04 Apr 2024,2021,ArBolivia,ZeroMission AB- Plan Vivo,Saltå Kvarn AB,Plan Vivo,Afforestation / Reforestation,119,PVC (tCO2e),UNIT
05 Jan 2023,2021,Trees for Global Benefits,ZeroMission AB- Plan Vivo,MAX Burgers AB,Plan Vivo,Afforestation / Reforestation,"20,000",PVC (tCO2e),UNIT
09 Apr 2025,2018 - 2019,Drawa Rainforest Carbon Project,ZeroMission AB- Plan Vivo,Cary Group AB,Plan Vivo,Improved forest management,"2,066",PVC (tCO2e),UNIT
13 Sep 2024,2015 - 2016,Drawa Rainforest Carbon Project,ZeroMission AB- Plan Vivo,Oddlygood Global Oy,Plan Vivo,Improved forest management,81,PVC (tCO2e),UNIT
11 Sep 2024,2021 - 2022,The Yaeda-Eyasi Landscape REDD project,ZeroMission AB- Plan Vivo,Äventyrsresor Aktiebolag,Plan Vivo,REDD,56,PVC (tCO2e),UNIT
10 Sep 2024,2021,Mikoko Pamoja,ZeroMission AB- Plan Vivo,Telinet Energi AB,Plan Vivo,Forest Conservation & Avoided Deforestation,14,PVC (tCO2e),UNIT
15 Jul 2022,2011 - 2019,HALO VERDE TIMOR COMMUNITY FOREST CARBON,ZeroMission AB- Plan Vivo,ILEMA Miljöanalys,Plan Vivo,Afforestation / Reforestation,21,PVC (tCO2e),UNIT
29 Aug 2023,2022,The CommuniTree Carbon Program (formerly Limay Community Carbon Project),ZeroMission AB- Plan Vivo,Plåtspressning AB,Plan Vivo,Forest,5,PVC (tCO2e),UNIT
29 Aug 2023,2022,The CommuniTree Carbon Program (formerly Limay Community Carbon Project),ZeroMission AB- Plan Vivo,Maria Nila,Plan Vivo,Forest,90,PVC (tCO2e),UNIT
29 Aug 2023,2022,The CommuniTree Carbon Program (formerly Limay Community Carbon Project),ZeroMission AB- Plan Vivo,Haga Norra Projekt AB,Plan Vivo,Forest,"4,500",PVC (tCO2e),UNIT
29 Aug 2023,2022,The CommuniTree Carbon Program (formerly Limay Community Carbon Project),ZeroMission AB- Plan Vivo,Menigo Foodservice AB,Plan Vivo,Forest,"3,000",PVC (tCO2e),UNIT
29 Aug 2023,2022,The CommuniTree Carbon Program (formerly Limay Community Carbon Project),ZeroMission AB- Plan Vivo,Sellhelp AB,Plan Vivo,Forest,"1,600",PVC (tCO2e),UNIT
29 Aug 2023,2022,The CommuniTree Carbon Program (formerly Limay Community Carbon Project),ZeroMission AB- Plan Vivo,Bolaget Aw2 konsulter AB,Plan Vivo,Forest,12,PVC (tCO2e),UNIT
24 Feb 2025,2017 - 2022,UTNWF,ZeroMission AB- Plan Vivo,Cary Group AB,Plan Vivo,Agriculture land management,"20,000",PVC (tCO2e),UNIT
04 Mar 2026,2024,Mikoko Pamoja,ZeroMission AB- Plan Vivo,CWS,Plan Vivo,Forest Conservation & Avoided Deforestation,2,PVC (tCO2e),UNIT
29 Aug 2023,2022,The CommuniTree Carbon Program (formerly Limay Community Carbon Project),ZeroMission AB- Plan Vivo,Academic Work,Plan Vivo,Forest,"1,361",PVC (tCO2e),UNIT
04 Mar 2026,2024,Mikoko Pamoja,ZeroMission AB- Plan Vivo,Telinet Energi AB,Plan Vivo,Forest Conservation & Avoided Deforestation,25,PVC (tCO2e),UNIT
29 Aug 2023,2022,The CommuniTree Carbon Program (formerly Limay Community Carbon Project),ZeroMission AB- Plan Vivo,Albaeco,Plan Vivo,Forest,5,PVC (tCO2e),UNIT
04 Mar 2026,2024,Mikoko Pamoja,ZeroMission AB- Plan Vivo,IVL Svenska Miljöinstitutet AB,Plan Vivo,Forest Conservation & Avoided Deforestation,248,PVC (tCO2e),UNIT
04 Mar 2026,2024,Mikoko Pamoja,ZeroMission AB- Plan Vivo,CWS Hygiene AB,Plan Vivo,Forest Conservation & Avoided Deforestation,70,PVC (tCO2e),UNIT
05 Mar 2026,2018 - 2019,Drawa Rainforest Carbon Project,ZeroMission AB- Plan Vivo,Opus Bilprovning AB,Plan Vivo,Improved forest management,500,PVC (tCO2e),UNIT
29 Aug 2023,2022,The CommuniTree Carbon Program (formerly Limay Community Carbon Project),ZeroMission AB- Plan Vivo,Telinet Energi AB,Plan Vivo,Forest,15,PVC (tCO2e),UNIT
01 Jun 2018,2009,Sofala Community Carbon Project (formerly the N'hambita Community Carbon Project),ZeroMission AB- Plan Vivo,,Plan Vivo,Forest,16,PVC (tCO2e),UNIT
01 Jun 2018,2009,Sofala Community Carbon Project (formerly the N'hambita Community Carbon Project),ZeroMission AB- Plan Vivo,,Plan Vivo,Forest,2,PVC (tCO2e),UNIT
20 Apr 2022,2016,Trees for Global Benefits,ZeroMission AB- Plan Vivo,Ledarna,Plan Vivo,Afforestation / Reforestation,71,PVC (tCO2e),UNIT
01 Jun 2018,2009,Sofala Community Carbon Project (formerly the N'hambita Community Carbon Project),ZeroMission AB- Plan Vivo,,Plan Vivo,Forest,12,PVC (tCO2e),UNIT
01 Jun 2018,2010,Sofala Community Carbon Project (formerly the N'hambita Community Carbon Project),ZeroMission AB- Plan Vivo,,Plan Vivo,Forest,157,PVC (tCO2e),UNIT
01 Jun 2018,2010,Sofala Community Carbon Project (formerly the N'hambita Community Carbon Project),ZeroMission AB- Plan Vivo,,Plan Vivo,Forest,183,PVC (tCO2e),UNIT
01 Jun 2018,2010,Sofala Community Carbon Project (formerly the N'hambita Community Carbon Project),ZeroMission AB- Plan Vivo,,Plan Vivo,Forest,184,PVC (tCO2e),UNIT
01 Jun 2018,2010,Sofala Community Carbon Project (formerly the N'hambita Community Carbon Project),ZeroMission AB- Plan Vivo,,Plan Vivo,Forest,195,PVC (tCO2e),UNIT
01 Jun 2018,2010,Sofala Community Carbon Project (formerly the N'hambita Community Carbon Project),ZeroMission AB- Plan Vivo,,Plan Vivo,Forest,22,PVC (tCO2e),UNIT
01 Jun 2018,2011,Sofala Community Carbon Project (formerly the N'hambita Community Carbon Project),ZeroMission AB- Plan Vivo,,Plan Vivo,Forest,22,PVC (tCO2e),UNIT
01 Jun 2018,2011,Sofala Community Carbon Project (formerly the N'hambita Community Carbon Project),ZeroMission AB- Plan Vivo,,Plan Vivo,Forest,20,PVC (tCO2e),UNIT
01 Jun 2018,2011,Sofala Community Carbon Project (formerly the N'hambita Community Carbon Project),ZeroMission AB- Plan Vivo,,Plan Vivo,Forest,25,PVC (tCO2e),UNIT
01 Jun 2018,2011,Sofala Community Carbon Project (formerly the N'hambita Community Carbon Project),ZeroMission AB- Plan Vivo,,Plan Vivo,Forest,48,PVC (tCO2e),UNIT
01 Jun 2018,2011,Sofala Community Carbon Project (formerly the N'hambita Community Carbon Project),ZeroMission AB- Plan Vivo,,Plan Vivo,Forest,173,PVC (tCO2e),UNIT
01 Jun 2018,2011,Sofala Community Carbon Project (formerly the N'hambita Community Carbon Project),ZeroMission AB- Plan Vivo,,Plan Vivo,Forest,203,PVC (tCO2e),UNIT
29 Apr 2016,2011,Sofala Community Carbon Project (formerly the N'hambita Community Carbon Project),ZeroMission AB- Plan Vivo,,Plan Vivo,Forest,936,PVC (tCO2e),UNIT
29 Apr 2016,2011,Sofala Community Carbon Project (formerly the N'hambita Community Carbon Project),ZeroMission AB- Plan Vivo,,Plan Vivo,Forest,"3,246",PVC (tCO2e),UNIT
29 Apr 2016,2011,Sofala Community Carbon Project (formerly the N'hambita Community Carbon Project),ZeroMission AB- Plan Vivo,,Plan Vivo,Forest,282,PVC (tCO2e),UNIT
19 Apr 2016,2011,ArBolivia,ZeroMission AB- Plan Vivo,,Plan Vivo,Afforestation / Reforestation,73,PVC (tCO2e),UNIT
19 Apr 2016,2010,ArBolivia,ZeroMission AB- Plan Vivo,,Plan Vivo,Afforestation / Reforestation,791,PVC (tCO2e),UNIT
19 Apr 2016,2010,ArBolivia,ZeroMission AB- Plan Vivo,,Plan Vivo,Afforestation / Reforestation,970,PVC (tCO2e),UNIT
19 Apr 2016,2010,ArBolivia,ZeroMission AB- Plan Vivo,,Plan Vivo,Afforestation / Reforestation,"1,346",PVC (tCO2e),UNIT
08 Apr 2016,2011,Emiti Nibwo Bulora,ZeroMission AB- Plan Vivo,,Plan Vivo,Afforestation / Reforestation,12,PVC (tCO2e),UNIT
08 Apr 2016,2011,Emiti Nibwo Bulora,ZeroMission AB- Plan Vivo,,Plan Vivo,Afforestation / Reforestation,"1,478",PVC (tCO2e),UNIT
08 Apr 2016,2010,ArBolivia,ZeroMission AB- Plan Vivo,,Plan Vivo,Afforestation / Reforestation,3,PVC (tCO2e),UNIT
08 Apr 2016,2010,ArBolivia,ZeroMission AB- Plan Vivo,,Plan Vivo,Afforestation / Reforestation,4,PVC (tCO2e),UNIT
08 Apr 2016,2010,ArBolivia,ZeroMission AB- Plan Vivo,,Plan Vivo,Afforestation / Reforestation,54,PVC (tCO2e),UNIT
08 Apr 2016,2013,Sofala Community Carbon Project (formerly the N'hambita Community Carbon Project),ZeroMission AB- Plan Vivo,,Plan Vivo,Forest,58,PVC (tCO2e),UNIT
08 Apr 2016,2013,Sofala Community Carbon Project (formerly the N'hambita Community Carbon Project),ZeroMission AB- Plan Vivo,,Plan Vivo,Forest,5,PVC (tCO2e),UNIT
08 Apr 2016,2013,Sofala Community Carbon Project (formerly the N'hambita Community Carbon Project),ZeroMission AB- Plan Vivo,,Plan Vivo,Forest,17,PVC (tCO2e),UNIT
01 Jun 2018,2009,Sofala Community Carbon Project (formerly the N'hambita Community Carbon Project),ZeroMission AB- Plan Vivo,,Plan Vivo,Forest,2,PVC (tCO2e),UNIT
27 Dec 2016,2009,Scolel té Natural Resources Management and Carbon Sequestration Project (Scolel té Natural Resources Management and Carbon Sequestration Project),ZeroMission AB- Plan Vivo,,Plan Vivo,Forest,200,PVC (tCO2e),UNIT
27 Dec 2016,2009,Scolel té Natural Resources Management and Carbon Sequestration Project (Scolel té Natural Resources Management and Carbon Sequestration Project),ZeroMission AB- Plan Vivo,,Plan Vivo,Forest,147,PVC (tCO2e),UNIT
27 Dec 2016,2009,Scolel té Natural Resources Management and Carbon Sequestration Project (Scolel té Natural Resources Management and Carbon Sequestration Project),ZeroMission AB- Plan Vivo,,Plan Vivo,Forest,10,PVC (tCO2e),UNIT
27 Dec 2016,2009,Scolel té Natural Resources Management and Carbon Sequestration Project (Scolel té Natural Resources Management and Carbon Sequestration Project),ZeroMission AB- Plan Vivo,,Plan Vivo,Forest,6,PVC (tCO2e),UNIT
27 Dec 2016,2009,Scolel té Natural Resources Management and Carbon Sequestration Project (Scolel té Natural Resources Management and Carbon Sequestration Project),ZeroMission AB- Plan Vivo,,Plan Vivo,Forest,474,PVC (tCO2e),UNIT
27 Aug 2025,2023,Scolel té Natural Resources Management and Carbon Sequestration Project (Scolel té Natural Resources Management and Carbon Sequestration Project),ZeroMission AB- Plan Vivo,JAK medlemsbank,Plan Vivo,Afforestation / Reforestation,30,PVC (tCO2e),UNIT
27 Aug 2025,2023,Scolel té Natural Resources Management and Carbon Sequestration Project (Scolel té Natural Resources Management and Carbon Sequestration Project),ZeroMission AB- Plan Vivo,U&W you&we Stockholm AB,Plan Vivo,Afforestation / Reforestation,27,PVC (tCO2e),UNIT
27 Aug 2025,2023,Scolel té Natural Resources Management and Carbon Sequestration Project (Scolel té Natural Resources Management and Carbon Sequestration Project),ZeroMission AB- Plan Vivo,EkoBanken,Plan Vivo,Afforestation / Reforestation,15,PVC (tCO2e),UNIT
05 Nov 2025,2022,Trees for Global Benefits,ZeroMission AB- Plan Vivo,Fraktus AB,Plan Vivo,Afforestation / Reforestation,229,PVC (tCO2e),UNIT
05 Nov 2025,2022,Trees for Global Benefits,ZeroMission AB- Plan Vivo,Kant Design AB,Plan Vivo,Afforestation / Reforestation,140,PVC (tCO2e),UNIT
08 Apr 2016,2014,Trees of Hope,ZeroMission AB- Plan Vivo,,Plan Vivo,Afforestation / Reforestation,"20,000",PVC (tCO2e),UNIT
05 Apr 2016,2015,The CommuniTree Carbon Program (formerly Limay Community Carbon Project),ZeroMission AB- Plan Vivo,,Plan Vivo,Forest,"25,000",PVC (tCO2e),UNIT
08 Apr 2016,2013,Sofala Community Carbon Project (formerly the N'hambita Community Carbon Project),ZeroMission AB- Plan Vivo,,Plan Vivo,Forest,701,PVC (tCO2e),UNIT
12 Nov 2025,2022,Trees for Global Benefits,ZeroMission AB- Plan Vivo,Brabo AB Stockholm,Plan Vivo,Afforestation / Reforestation,"1,615",PVC (tCO2e),UNIT
02 Aug 2019,2017 - 2018,The CommuniTree Carbon Program (formerly Limay Community Carbon Project),ZeroMission AB- Plan Vivo,Arvid Nordquist,Plan Vivo,Forest,"16,863",PVC (tCO2e),UNIT
11 Dec 2020,2017 - 2018,The Yaeda-Eyasi Landscape REDD project(old),ZeroMission AB- Plan Vivo,Bengt Dahlgren Skövde,Plan Vivo,REDD,6,PVC (tCO2e),UNIT
17 Dec 2021,2018,Trees for Global Benefits,ZeroMission AB- Plan Vivo,Arla Eko,Plan Vivo,Afforestation / Reforestation,"2,070",PVC (tCO2e),UNIT
12 Apr 2021,2016,Khasi Hills Community REDD+ Project: Restoring and Conserving Meghalaya's Hill ForestsThrough Community Action,ZeroMission AB- Plan Vivo,Kombucheriet AB,Plan Vivo,REDD,6,PVC (tCO2e),UNIT
24 Mar 2021,2019 - 2020,The CommuniTree Carbon Program (formerly Limay Community Carbon Project),ZeroMission AB- Plan Vivo,Gemo Lagerinredningar AB,Plan Vivo,Forest,10,PVC (tCO2e),UNIT
24 Mar 2021,2019 - 2020,The CommuniTree Carbon Program (formerly Limay Community Carbon Project),ZeroMission AB- Plan Vivo,Palmnäs & Co,Plan Vivo,Forest,21,PVC (tCO2e),UNIT
24 Mar 2021,2019 - 2020,The CommuniTree Carbon Program (formerly Limay Community Carbon Project),ZeroMission AB- Plan Vivo,Trivector,Plan Vivo,Forest,131,PVC (tCO2e),UNIT
24 Mar 2021,2019 - 2020,The CommuniTree Carbon Program (formerly Limay Community Carbon Project),ZeroMission AB- Plan Vivo,Jahwa Fikaservice,Plan Vivo,Forest,127,PVC (tCO2e),UNIT
24 Mar 2021,2019 - 2020,The CommuniTree Carbon Program (formerly Limay Community Carbon Project),ZeroMission AB- Plan Vivo,Maria Nila,Plan Vivo,Forest,"1,000",PVC (tCO2e),UNIT
24 Mar 2021,2019 - 2020,The CommuniTree Carbon Program (formerly Limay Community Carbon Project),ZeroMission AB- Plan Vivo,Lynx Asset Management,Plan Vivo,Forest,140,PVC (tCO2e),UNIT
24 Mar 2021,2019 - 2020,The CommuniTree Carbon Program (formerly Limay Community Carbon Project),ZeroMission AB- Plan Vivo,Kinnevik,Plan Vivo,Forest,660,PVC (tCO2e),UNIT
24 Mar 2021,2019 - 2020,The CommuniTree Carbon Program (formerly Limay Community Carbon Project),ZeroMission AB- Plan Vivo,Johan Hagström,Plan Vivo,Forest,51,PVC (tCO2e),UNIT
24 Mar 2021,2019 - 2020,The CommuniTree Carbon Program (formerly Limay Community Carbon Project),ZeroMission AB- Plan Vivo,Nordsvets i Göteborg AB,Plan Vivo,Forest,5,PVC (tCO2e),UNIT
17 Dec 2021,2017,Khasi Hills Community REDD+ Project: Restoring and Conserving Meghalaya's Hill ForestsThrough Community Action,ZeroMission AB- Plan Vivo,Nordströms Bygghandel AB,Plan Vivo,REDD,"20,282",PVC (tCO2e),UNIT
13 Apr 2022,2019 - 2020,The CommuniTree Carbon Program (formerly Limay Community Carbon Project),ZeroMission AB- Plan Vivo,Eterne AB,Plan Vivo,Forest,52,PVC (tCO2e),UNIT
10 Apr 2012,2011,Sofala Community Carbon Project (formerly the N'hambita Community Carbon Project),ZeroMission AB- Plan Vivo,,Plan Vivo,Forest,"3,100",PVC (tCO2e),UNIT
27 Aug 2025,2023,Scolel té Natural Resources Management and Carbon Sequestration Project (Scolel té Natural Resources Management and Carbon Sequestration Project),ZeroMission AB- Plan Vivo,JAK medlemsbank,Plan Vivo,Afforestation / Reforestation,30,PVC (tCO2e),UNIT
27 Aug 2025,2023,Scolel té Natural Resources Management and Carbon Sequestration Project (Scolel té Natural Resources Management and Carbon Sequestration Project),ZeroMission AB- Plan Vivo,U&W you&we Stockholm AB,Plan Vivo,Afforestation / Reforestation,27,PVC (tCO2e),UNIT
27 Aug 2025,2023,Scolel té Natural Resources Management and Carbon Sequestration Project (Scolel té Natural Resources Management and Carbon Sequestration Project),ZeroMission AB- Plan Vivo,EkoBanken,Plan Vivo,Afforestation / Reforestation,15,PVC (tCO2e),UNIT
05 Nov 2025,2022,Trees for Global Benefits,ZeroMission AB- Plan Vivo,Fraktus AB,Plan Vivo,Afforestation / Reforestation,229,PVC (tCO2e),UNIT
05 Nov 2025,2022,Trees for Global Benefits,ZeroMission AB- Plan Vivo,Kant Design AB,Plan Vivo,Afforestation / Reforestation,140,PVC (tCO2e),UNIT
10 Apr 2012,2011,Sofala Community Carbon Project (formerly the N'hambita Community Carbon Project),ZeroMission AB- Plan Vivo,,Plan Vivo,Forest,"15,448",PVC (tCO2e),UNIT
01 Jun 2018,2011,Sofala Community Carbon Project (formerly the N'hambita Community Carbon Project),ZeroMission AB- Plan Vivo,,Plan Vivo,Forest,2,PVC (tCO2e),UNIT
28 Dec 2016,2010,Scolel té Natural Resources Management and Carbon Sequestration Project (Scolel té Natural Resources Management and Carbon Sequestration Project),ZeroMission AB- Plan Vivo,,Plan Vivo,Afforestation / Reforestation,2,PVC (tCO2e),UNIT
12 Nov 2025,2022,Trees for Global Benefits,ZeroMission AB- Plan Vivo,Brabo AB Stockholm,Plan Vivo,Afforestation / Reforestation,"1,615",PVC (tCO2e),UNIT
20 Dec 2011,2010 - 2011,The CommuniTree Carbon Program (formerly Limay Community Carbon Project),ZeroMission AB- Plan Vivo,,Plan Vivo,Forest,"1,000",PVC (tCO2e),UNIT
24 Nov 2011,2009,Sofala Community Carbon Project (formerly the N'hambita Community Carbon Project),ZeroMission AB- Plan Vivo,,Plan Vivo,Forest,100,PVC (tCO2e),UNIT
15 Feb 2017,2010,Trees of Hope,ZeroMission AB- Plan Vivo,,Plan Vivo,Afforestation / Reforestation,596,PVC (tCO2e),UNIT
19 Apr 2016,2010,ArBolivia,ZeroMission AB- Plan Vivo,,Plan Vivo,Afforestation / Reforestation,1,PVC (tCO2e),UNIT
12 Nov 2025,2022,Trees for Global Benefits,ZeroMission AB- Plan Vivo,Cary Group AB,Plan Vivo,Afforestation / Reforestation,"10,000",PVC (tCO2e),UNIT
01 Jun 2018,2011,Sofala Community Carbon Project (formerly the N'hambita Community Carbon Project),ZeroMission AB- Plan Vivo,,Plan Vivo,Forest,74,PVC (tCO2e),UNIT
01 Jun 2018,2011,Sofala Community Carbon Project (formerly the N'hambita Community Carbon Project),ZeroMission AB- Plan Vivo,,Plan Vivo,Forest,95,PVC (tCO2e),UNIT
01 Jun 2018,2012,Sofala Community Carbon Project (formerly the N'hambita Community Carbon Project),ZeroMission AB- Plan Vivo,,Plan Vivo,Forest,174,PVC (tCO2e),UNIT
01 Jun 2018,2012,Sofala Community Carbon Project (formerly the N'hambita Community Carbon Project),ZeroMission AB- Plan Vivo,,Plan Vivo,Forest,31,PVC (tCO2e),UNIT
01 Jun 2018,2012,Sofala Community Carbon Project (formerly the N'hambita Community Carbon Project),ZeroMission AB- Plan Vivo,,Plan Vivo,Forest,70,PVC (tCO2e),UNIT
01 Jun 2018,2012,Sofala Community Carbon Project (formerly the N'hambita Community Carbon Project),ZeroMission AB- Plan Vivo,,Plan Vivo,Forest,173,PVC (tCO2e),UNIT
01 Jun 2018,2010,Sofala Community Carbon Project (formerly the N'hambita Community Carbon Project),ZeroMission AB- Plan Vivo,,Plan Vivo,Forest,203,PVC (tCO2e),UNIT
01 Jun 2018,2010,Sofala Community Carbon Project (formerly the N'hambita Community Carbon Project),ZeroMission AB- Plan Vivo,,Plan Vivo,Forest,207,PVC (tCO2e),UNIT
01 Jun 2018,2010,Sofala Community Carbon Project (formerly the N'hambita Community Carbon Project),ZeroMission AB- Plan Vivo,,Plan Vivo,Forest,220,PVC (tCO2e),UNIT
01 Jun 2018,2012,Sofala Community Carbon Project (formerly the N'hambita Community Carbon Project),ZeroMission AB- Plan Vivo,,Plan Vivo,Forest,225,PVC (tCO2e),UNIT
12 Sep 2024,2022,Trees for Global Benefits,ZeroMission AB- Plan Vivo,Ledarna,Plan Vivo,Afforestation / Reforestation,3,PVC (tCO2e),UNIT
01 Jun 2018,2012,Sofala Community Carbon Project (formerly the N'hambita Community Carbon Project),ZeroMission AB- Plan Vivo,,Plan Vivo,Forest,238,PVC (tCO2e),UNIT
01 Jun 2018,2009,Sofala Community Carbon Project (formerly the N'hambita Community Carbon Project),ZeroMission AB- Plan Vivo,,Plan Vivo,Forest,600,PVC (tCO2e),UNIT
01 Jun 2018,2010,Sofala Community Carbon Project (formerly the N'hambita Community Carbon Project),ZeroMission AB- Plan Vivo,,Plan Vivo,Forest,"1,392",PVC (tCO2e),UNIT
01 Jun 2018,2010,Sofala Community Carbon Project (formerly the N'hambita Community Carbon Project),ZeroMission AB- Plan Vivo,,Plan Vivo,Forest,"3,062",PVC (tCO2e),UNIT
12 Dec 2012,2010,Trees of Hope,ZeroMission AB- Plan Vivo,,Plan Vivo,Afforestation / Reforestation,99,PVC (tCO2e),UNIT
01 Jun 2018,2011,Sofala Community Carbon Project (formerly the N'hambita Community Carbon Project),ZeroMission AB- Plan Vivo,,Plan Vivo,Forest,2,PVC (tCO2e),UNIT
10 Apr 2012,2011,Sofala Community Carbon Project (formerly the N'hambita Community Carbon Project),ZeroMission AB- Plan Vivo,,Plan Vivo,Forest,"15,448",PVC (tCO2e),UNIT
10 Apr 2012,2011,Sofala Community Carbon Project (formerly the N'hambita Community Carbon Project),ZeroMission AB- Plan Vivo,,Plan Vivo,Forest,"3,100",PVC (tCO2e),UNIT
10 Apr 2012,2011,Sofala Community Carbon Project (formerly the N'hambita Community Carbon Project),ZeroMission AB- Plan Vivo,,Plan Vivo,Forest,"1,203",PVC (tCO2e),UNIT
10 Apr 2012,2011,Sofala Community Carbon Project (formerly the N'hambita Community Carbon Project),ZeroMission AB- Plan Vivo,,Plan Vivo,Forest,"3,000",PVC (tCO2e),UNIT
10 Apr 2012,2011,Sofala Community Carbon Project (formerly the N'hambita Community Carbon Project),ZeroMission AB- Plan Vivo,,Plan Vivo,Forest,"4,664",PVC (tCO2e),UNIT
10 Apr 2012,2011,Sofala Community Carbon Project (formerly the N'hambita Community Carbon Project),ZeroMission AB- Plan Vivo,,Plan Vivo,Forest,313,PVC (tCO2e),UNIT
10 Apr 2012,2011,Sofala Community Carbon Project (formerly the N'hambita Community Carbon Project),ZeroMission AB- Plan Vivo,,Plan Vivo,Forest,112,PVC (tCO2e),UNIT
05 Nov 2012,2010,Scolel té Natural Resources Management and Carbon Sequestration Project (Scolel té Natural Resources Management and Carbon Sequestration Project),ZeroMission AB- Plan Vivo,,Plan Vivo,Afforestation / Reforestation,22,PVC (tCO2e),UNIT
14 Nov 2025,2023,Vanga Blue Forest,ZeroMission AB- Plan Vivo,Urbio,Plan Vivo,Forest Conservation & Avoided Deforestation,13,PVC (tCO2e),UNIT
05 Jan 2023,2020,Scolel té Natural Resources Management and Carbon Sequestration Project (Scolel té Natural Resources Management and Carbon Sequestration Project),ZeroMission AB- Plan Vivo,Convini,Plan Vivo,Afforestation / Reforestation,1,PVC (tCO2e),UNIT
17 Dec 2021,2018,Trees for Global Benefits,ZeroMission AB- Plan Vivo,MAX Norway,Plan Vivo,Afforestation / Reforestation,534,PVC (tCO2e),UNIT
17 Dec 2021,2018,Trees for Global Benefits,ZeroMission AB- Plan Vivo,MAX Norway,Plan Vivo,Afforestation / Reforestation,304,PVC (tCO2e),UNIT
20 Apr 2022,2020,Trees for Global Benefits,ZeroMission AB- Plan Vivo,Curt Bergfors,Plan Vivo,Afforestation / Reforestation,644,PVC (tCO2e),UNIT
24 Feb 2025,2017 - 2022,UTNWF,ZeroMission AB- Plan Vivo,Cary Group AB,Plan Vivo,Agriculture land management,"20,000",PVC (tCO2e),UNIT
13 Nov 2025,2023,The CommuniTree Carbon Program (formerly Limay Community Carbon Project),ZeroMission AB- Plan Vivo,Golvbolaget i Arlöv AB,Plan Vivo,Forest,43,PVC (tCO2e),UNIT
13 Apr 2023,2017 - 2018,Drawa Rainforest Carbon Project,ZeroMission AB- Plan Vivo,Opus Bilprovning,Plan Vivo,Improved forest management,407,PVC (tCO2e),UNIT
13 Apr 2023,2017 - 2018,Drawa Rainforest Carbon Project,ZeroMission AB- Plan Vivo,Cary Group AB,Plan Vivo,Improved forest management,31,PVC (tCO2e),UNIT
13 Apr 2023,2011 - 2019,HALO VERDE TIMOR COMMUNITY FOREST CARBON,ZeroMission AB- Plan Vivo,Cary Group AB,Plan Vivo,Afforestation / Reforestation,"3,500",PVC (tCO2e),UNIT
13 Apr 2023,2011 - 2019,HALO VERDE TIMOR COMMUNITY FOREST CARBON,ZeroMission AB- Plan Vivo,B-reel,Plan Vivo,Afforestation / Reforestation,87,PVC (tCO2e),UNIT
31 Mar 2023,2021,The CommuniTree Carbon Program (formerly Limay Community Carbon Project),ZeroMission AB- Plan Vivo,Plåtspressning AB (Järnmalmer),Plan Vivo,Forest,6,PVC (tCO2e),UNIT
31 Mar 2023,2021,The CommuniTree Carbon Program (formerly Limay Community Carbon Project),ZeroMission AB- Plan Vivo,ordiska Ventilationsprodukter AB (Järnmalmer),Plan Vivo,Forest,6,PVC (tCO2e),UNIT
31 Mar 2023,2021,The CommuniTree Carbon Program (formerly Limay Community Carbon Project),ZeroMission AB- Plan Vivo,Gemo Lagerinredningar AB (Järnmalmer),Plan Vivo,Forest,9,PVC (tCO2e),UNIT
31 Mar 2023,2021,The CommuniTree Carbon Program (formerly Limay Community Carbon Project),ZeroMission AB- Plan Vivo,Linde Gas,Plan Vivo,Forest,200,PVC (tCO2e),UNIT
31 Mar 2023,2021,The CommuniTree Carbon Program (formerly Limay Community Carbon Project),ZeroMission AB- Plan Vivo,Academic Work,Plan Vivo,Forest,"1,361",PVC (tCO2e),UNIT
31 Mar 2023,2022,The CommuniTree Carbon Program (formerly Limay Community Carbon Project),ZeroMission AB- Plan Vivo,MAX Burgers AB,Plan Vivo,Forest,"64,200",PVC (tCO2e),UNIT
12 Sep 2024,2022,Trees for Global Benefits,ZeroMission AB- Plan Vivo,Ledarna,Plan Vivo,Afforestation / Reforestation,3,PVC (tCO2e),UNIT
13 Sep 2024,2022,The CommuniTree Carbon Program (formerly Limay Community Carbon Project),ZeroMission AB- Plan Vivo,Sätila of Sweden AB,Plan Vivo,Forest,9,PVC (tCO2e),UNIT
19 Apr 2023,2022,The CommuniTree Carbon Program (formerly Limay Community Carbon Project),ZeroMission AB- Plan Vivo,Linde Gas,Plan Vivo,Forest,"1,580",PVC (tCO2e),UNIT
10 Apr 2012,2011,ArBolivia,ZeroMission AB- Plan Vivo,,Plan Vivo,Afforestation / Reforestation,"2,591",PVC (tCO2e),UNIT
18 Jun 2012,2010,Trees of Hope,ZeroMission AB- Plan Vivo,,Plan Vivo,Afforestation / Reforestation,8,PVC (tCO2e),UNIT
10 Apr 2012,2011,ArBolivia,ZeroMission AB- Plan Vivo,,Plan Vivo,Afforestation / Reforestation,13,PVC (tCO2e),UNIT
10 Apr 2012,2011,ArBolivia,ZeroMission AB- Plan Vivo,,Plan Vivo,Afforestation / Reforestation,93,PVC (tCO2e),UNIT
24 Feb 2025,2022,Scolel té Natural Resources Management and Carbon Sequestration Project (Scolel té Natural Resources Management and Carbon Sequestration Project),ZeroMission AB- Plan Vivo,We Love Burgers AS,Plan Vivo,Afforestation / Reforestation,518,PVC (tCO2e),UNIT
10 Apr 2012,2011,Sofala Community Carbon Project (formerly the N'hambita Community Carbon Project),ZeroMission AB- Plan Vivo,,Plan Vivo,Forest,112,PVC (tCO2e),UNIT
10 Apr 2012,2011,Sofala Community Carbon Project (formerly the N'hambita Community Carbon Project),ZeroMission AB- Plan Vivo,,Plan Vivo,Forest,313,PVC (tCO2e),UNIT
10 Apr 2012,2011,Sofala Community Carbon Project (formerly the N'hambita Community Carbon Project),ZeroMission AB- Plan Vivo,,Plan Vivo,Forest,"4,664",PVC (tCO2e),UNIT
10 Apr 2012,2011,Sofala Community Carbon Project (formerly the N'hambita Community Carbon Project),ZeroMission AB- Plan Vivo,,Plan Vivo,Forest,"3,000",PVC (tCO2e),UNIT
10 Apr 2012,2011,Sofala Community Carbon Project (formerly the N'hambita Community Carbon Project),ZeroMission AB- Plan Vivo,,Plan Vivo,Forest,"1,203",PVC (tCO2e),UNIT
10 Apr 2012,2011,Sofala Community Carbon Project (formerly the N'hambita Community Carbon Project),ZeroMission AB- Plan Vivo,,Plan Vivo,Forest,"3,100",PVC (tCO2e),UNIT
10 Apr 2012,2011,Sofala Community Carbon Project (formerly the N'hambita Community Carbon Project),ZeroMission AB- Plan Vivo,,Plan Vivo,Forest,"15,448",PVC (tCO2e),UNIT
01 Jun 2018,2011,Sofala Community Carbon Project (formerly the N'hambita Community Carbon Project),ZeroMission AB- Plan Vivo,,Plan Vivo,Forest,2,PVC (tCO2e),UNIT
14 Aug 2024,2022,gula gula food forest program,ZeroMission AB- Plan Vivo,Sellhelp AB,Plan Vivo,Afforestation / Reforestation,750,PVC (tCO2e),UNIT
14 Aug 2024,2022,gula gula food forest program,ZeroMission AB- Plan Vivo,Bylund Advisory AB,Plan Vivo,Afforestation / Reforestation,14,PVC (tCO2e),UNIT
11 Jul 2017,2013,Trees of Hope,ZeroMission AB- Plan Vivo,,Plan Vivo,Afforestation / Reforestation,48,PVC (tCO2e),UNIT
17 Dec 2021,2018,Trees for Global Benefits,ZeroMission AB- Plan Vivo,MAX Norway,Plan Vivo,Afforestation / Reforestation,304,PVC (tCO2e),UNIT
28 Dec 2016,2014 - 2015,Scolel té Natural Resources Management and Carbon Sequestration Project (Scolel té Natural Resources Management and Carbon Sequestration Project),ZeroMission AB- Plan Vivo,,Plan Vivo,Afforestation / Reforestation,550,PVC (tCO2e),UNIT
30 Dec 2016,2009,Trees for Global Benefits,ZeroMission AB- Plan Vivo,,Plan Vivo,Afforestation / Reforestation,892,PVC (tCO2e),UNIT
20 Apr 2022,2020,Trees for Global Benefits,ZeroMission AB- Plan Vivo,Curt Bergfors,Plan Vivo,Afforestation / Reforestation,644,PVC (tCO2e),UNIT
01 Jun 2018,2012,Sofala Community Carbon Project (formerly the N'hambita Community Carbon Project),ZeroMission AB- Plan Vivo,,Plan Vivo,Forest,18,PVC (tCO2e),UNIT
17 Dec 2021,2020,Trees for Global Benefits,ZeroMission AB- Plan Vivo,Cary Group AB,Plan Vivo,Afforestation / Reforestation,566,PVC (tCO2e),UNIT
08 Mar 2024,2023,The CommuniTree Carbon Program (formerly Limay Community Carbon Project),ZeroMission AB- Plan Vivo,Arvid Nordquist (kaffe),Plan Vivo,Forest,"24,611",PVC (tCO2e),UNIT
30 Dec 2016,2009,Trees for Global Benefits,ZeroMission AB- Plan Vivo,,Plan Vivo,Afforestation / Reforestation,91,PVC (tCO2e),UNIT
20 Feb 2017,2013,Trees of Hope,ZeroMission AB- Plan Vivo,,Plan Vivo,Afforestation / Reforestation,185,PVC (tCO2e),UNIT
14 Dec 2015,2012,Khasi Hills Community REDD+ Project: Restoring and Conserving Meghalaya's Hill ForestsThrough Community Action,ZeroMission AB- Plan Vivo,,Plan Vivo,REDD,"4,474",PVC (tCO2e),UNIT
29 Apr 2014,2012,Khasi Hills Community REDD+ Project: Restoring and Conserving Meghalaya's Hill ForestsThrough Community Action,ZeroMission AB- Plan Vivo,,Plan Vivo,REDD,3,PVC (tCO2e),UNIT
29 Apr 2014,2012,Khasi Hills Community REDD+ Project: Restoring and Conserving Meghalaya's Hill ForestsThrough Community Action,ZeroMission AB- Plan Vivo,,Plan Vivo,REDD,80,PVC (tCO2e),UNIT
15 Jul 2022,2011 - 2019,HALO VERDE TIMOR COMMUNITY FOREST CARBON,ZeroMission AB- Plan Vivo,ENT,Plan Vivo,Afforestation / Reforestation,10,PVC (tCO2e),UNIT
04 Apr 2024,2021,ArBolivia,ZeroMission AB- Plan Vivo,Saltå Kvarn AB,Plan Vivo,Afforestation / Reforestation,119,PVC (tCO2e),UNIT
11 Sep 2024,2021 - 2022,The Yaeda-Eyasi Landscape REDD project,ZeroMission AB- Plan Vivo,Bengt Dahlgren Göteborg,Plan Vivo,REDD,22,PVC (tCO2e),UNIT
11 Sep 2024,2021 - 2022,The Yaeda-Eyasi Landscape REDD project,ZeroMission AB- Plan Vivo,Bengt Dahlgren Brand & Risk AB,Plan Vivo,REDD,36,PVC (tCO2e),UNIT
11 Sep 2024,2021 - 2022,The Yaeda-Eyasi Landscape REDD project,ZeroMission AB- Plan Vivo,Bengt Dahlgren Syd AB,Plan Vivo,REDD,27,PVC (tCO2e),UNIT
11 Sep 2024,2021 - 2022,The Yaeda-Eyasi Landscape REDD project,ZeroMission AB- Plan Vivo,Bengt Dahlgren Linköping AB,Plan Vivo,REDD,6,PVC (tCO2e),UNIT
11 Sep 2024,2021 - 2022,The Yaeda-Eyasi Landscape REDD project,ZeroMission AB- Plan Vivo,Bengt Dahlgren Karlstad AB,Plan Vivo,REDD,13,PVC (tCO2e),UNIT
11 Sep 2024,2021 - 2022,The Yaeda-Eyasi Landscape REDD project,ZeroMission AB- Plan Vivo,Akind Venture AB,Plan Vivo,REDD,"1,585",PVC (tCO2e),UNIT
11 Sep 2024,2021 - 2022,The Yaeda-Eyasi Landscape REDD project,ZeroMission AB- Plan Vivo,Mannheimer Swartling Advokatbyrå Aktiebolag,Plan Vivo,REDD,"1,312",PVC (tCO2e),UNIT
11 Sep 2024,2021 - 2022,The Yaeda-Eyasi Landscape REDD project,ZeroMission AB- Plan Vivo,Maria Perzon,Plan Vivo,REDD,4,PVC (tCO2e),UNIT
11 Sep 2024,2021 - 2022,The Yaeda-Eyasi Landscape REDD project,ZeroMission AB- Plan Vivo,Sana Pharma Medical AS,Plan Vivo,REDD,8,PVC (tCO2e),UNIT
11 Sep 2024,2021 - 2022,The Yaeda-Eyasi Landscape REDD project,ZeroMission AB- Plan Vivo,Resurs Bank Aktiebolag,Plan Vivo,REDD,153,PVC (tCO2e),UNIT
11 Sep 2024,2021 - 2022,The Yaeda-Eyasi Landscape REDD project,ZeroMission AB- Plan Vivo,Maria King,Plan Vivo,REDD,3,PVC (tCO2e),UNIT
11 Sep 2024,2021 - 2022,The Yaeda-Eyasi Landscape REDD project,ZeroMission AB- Plan Vivo,Airmee,Plan Vivo,REDD,495,PVC (tCO2e),UNIT
11 Sep 2024,2022 - 2023,The Yaeda-Eyasi Landscape REDD project,ZeroMission AB- Plan Vivo,Äventyrsresor Aktiebolag,Plan Vivo,REDD,767,PVC (tCO2e),UNIT
11 Sep 2024,2022 - 2023,The Yaeda-Eyasi Landscape REDD project,ZeroMission AB- Plan Vivo,Resurs Bank Aktiebolag,Plan Vivo,REDD,75,PVC (tCO2e),UNIT
11 Sep 2024,2022 - 2023,The Yaeda-Eyasi Landscape REDD project,ZeroMission AB- Plan Vivo,AW2 Konsulter AB,Plan Vivo,REDD,25,PVC (tCO2e),UNIT
